word,start,end,score,speaker
In,0.031,0.231,0.873,SPEAKER_01
what,0.291,0.452,0.84,SPEAKER_01
ways,0.532,0.852,0.821,SPEAKER_01
do,0.912,1.032,0.996,SPEAKER_01
you,1.073,1.213,0.822,SPEAKER_01
"feel,",1.353,1.713,0.899,SPEAKER_01
oh,1.733,1.774,0.5,SPEAKER_01
I,1.794,1.814,1.0,SPEAKER_01
love,2.855,3.035,0.872,SPEAKER_01
this,3.075,3.196,0.771,SPEAKER_01
"question,",3.256,3.576,0.869,SPEAKER_01
in,3.616,3.696,0.816,SPEAKER_01
what,3.736,3.857,0.853,SPEAKER_01
ways,3.917,4.177,0.825,SPEAKER_01
do,4.197,4.237,0.507,SPEAKER_01
you,4.257,4.417,0.87,SPEAKER_01
feel,4.477,4.678,0.864,SPEAKER_01
you,4.718,4.878,0.829,SPEAKER_01
are,4.958,5.038,0.918,SPEAKER_01
the,5.058,5.158,0.678,SPEAKER_01
continuation,5.219,6.14,0.804,SPEAKER_01
of,6.2,6.24,0.972,SPEAKER_01
me?,6.28,6.621,0.899,SPEAKER_01
Oh,6.641,6.681,0.5,SPEAKER_01
I,6.701,6.721,1.0,SPEAKER_01
love,7.542,7.822,0.789,SPEAKER_01
that.,7.862,8.603,0.755,SPEAKER_01
That's,8.664,9.965,0.838,SPEAKER_01
a,10.026,10.046,0.961,SPEAKER_02
great,10.186,10.506,0.84,SPEAKER_02
question.,10.586,11.167,0.839,SPEAKER_02
When,23.826,23.986,0.949,SPEAKER_01
was,24.026,24.146,0.884,SPEAKER_01
a,24.226,24.266,0.832,SPEAKER_01
moment,24.326,24.687,0.82,SPEAKER_01
you,24.727,24.947,0.554,SPEAKER_01
knew,25.047,25.308,0.795,SPEAKER_01
you,25.328,25.388,0.333,SPEAKER_01
could,26.209,26.349,0.716,SPEAKER_01
trust,26.409,26.71,0.717,SPEAKER_01
me,26.79,26.93,0.707,SPEAKER_01
and,26.97,27.211,0.543,SPEAKER_01
really,27.331,27.611,0.739,SPEAKER_01
open,27.731,27.932,0.85,SPEAKER_01
up?,28.032,28.232,0.941,SPEAKER_01
I,33.275,33.436,0.678,SPEAKER_02
think,33.456,33.636,0.989,SPEAKER_02
definitely,33.656,34.038,0.785,SPEAKER_02
as,34.098,34.198,0.845,SPEAKER_02
an,34.238,34.299,0.598,SPEAKER_02
adult,34.359,34.78,0.821,SPEAKER_02
I,34.8,34.821,0.999,SPEAKER_02
think,35.423,35.583,0.893,SPEAKER_02
that,35.603,35.724,0.781,SPEAKER_02
I,35.764,35.804,0.865,SPEAKER_02
wanted,36.286,36.707,0.86,SPEAKER_02
to,36.748,36.828,0.668,SPEAKER_02
have,36.908,37.209,0.946,SPEAKER_02
the,37.229,37.289,0.333,SPEAKER_02
bond,37.43,37.631,0.606,SPEAKER_02
we,37.671,37.771,0.978,SPEAKER_02
have,37.811,37.932,0.99,SPEAKER_02
now,37.972,38.132,0.928,SPEAKER_02
my,38.193,38.333,0.621,SPEAKER_02
whole,38.393,38.534,0.902,SPEAKER_02
life,38.574,38.835,0.666,SPEAKER_02
but,38.875,39.417,0.969,SPEAKER_02
it,39.437,39.477,0.986,SPEAKER_02
was,39.517,39.618,0.823,SPEAKER_02
so,39.718,39.919,0.856,SPEAKER_02
hard,39.979,40.18,0.808,SPEAKER_02
when,40.2,40.32,0.87,SPEAKER_02
I,40.361,40.421,0.574,SPEAKER_02
was,40.441,40.541,0.654,SPEAKER_02
a,40.601,40.621,0.889,SPEAKER_02
kid,40.662,40.923,0.974,SPEAKER_02
because,40.963,41.224,0.86,SPEAKER_02
I,41.324,41.384,0.982,SPEAKER_02
was,41.424,41.545,0.842,SPEAKER_02
so,41.585,41.725,0.922,SPEAKER_02
lost,41.766,42.127,0.696,SPEAKER_02
and,42.187,42.287,0.798,SPEAKER_02
I,42.348,42.388,0.993,SPEAKER_02
was,42.428,42.508,0.87,SPEAKER_02
so,42.548,42.669,0.87,SPEAKER_02
confused.,42.709,43.572,0.804,SPEAKER_02
And,44.615,45.155,0.805,SPEAKER_02
it,45.175,45.216,0.5,SPEAKER_02
was,45.896,45.996,0.896,SPEAKER_02
hard,46.056,46.256,0.842,SPEAKER_02
to,46.316,46.377,0.986,SPEAKER_02
know,46.437,46.597,0.777,SPEAKER_02
you,46.617,46.737,0.732,SPEAKER_02
were,46.777,46.897,0.861,SPEAKER_02
on,46.937,46.997,0.997,SPEAKER_02
my,47.037,47.157,0.78,SPEAKER_02
side.,47.217,47.437,0.905,SPEAKER_02
That's,47.478,47.618,0.661,SPEAKER_02
something,47.638,47.818,0.279,SPEAKER_02
you,47.838,47.898,0.0,SPEAKER_02
used,47.918,48.038,0.846,SPEAKER_02
to,48.078,48.138,0.932,SPEAKER_02
say,48.218,48.378,0.662,SPEAKER_02
to,48.418,48.458,0.748,SPEAKER_02
me,48.518,48.598,0.74,SPEAKER_02
all,48.759,48.879,0.829,SPEAKER_02
the,48.919,48.999,0.797,SPEAKER_02
time,49.039,49.199,0.873,SPEAKER_02
when,49.219,49.299,0.952,SPEAKER_02
I,49.339,49.379,0.496,SPEAKER_02
was,49.419,49.499,0.828,SPEAKER_02
a,49.519,49.539,0.093,SPEAKER_02
"kid,",49.659,49.739,0.184,SPEAKER_02
I'm,49.76,49.88,0.904,SPEAKER_02
on,49.94,50.0,0.736,SPEAKER_02
your,50.04,50.2,0.902,SPEAKER_02
"side,",50.24,50.54,0.983,SPEAKER_02
I'm,50.68,50.8,0.914,SPEAKER_02
on,50.86,50.941,0.778,SPEAKER_02
your,50.961,51.121,0.665,SPEAKER_02
"side,",51.161,51.501,0.844,SPEAKER_02
but,51.621,51.721,0.927,SPEAKER_02
I,51.801,51.861,0.878,SPEAKER_02
never,51.901,52.082,0.841,SPEAKER_02
heard,52.162,52.422,0.624,SPEAKER_02
you.,52.482,52.662,0.928,SPEAKER_02
You'd,52.702,53.283,0.396,SPEAKER_02
always,53.303,53.443,0.834,SPEAKER_02
remind,53.503,53.863,0.745,SPEAKER_02
me,53.903,54.003,0.883,SPEAKER_02
of,54.063,54.123,0.749,SPEAKER_02
your,54.183,54.304,0.854,SPEAKER_02
love,54.344,54.504,0.901,SPEAKER_02
for,54.544,54.624,0.996,SPEAKER_02
"me,",54.664,54.764,0.935,SPEAKER_02
but,54.784,54.884,0.978,SPEAKER_02
I,54.944,55.004,0.997,SPEAKER_02
never,55.064,55.264,0.755,SPEAKER_02
understood,55.304,55.985,0.692,SPEAKER_02
it.,56.025,56.125,0.765,SPEAKER_02
I,56.225,56.265,0.809,SPEAKER_02
used,56.465,56.586,0.615,SPEAKER_02
to,56.646,56.706,0.978,SPEAKER_02
say,56.766,56.966,0.818,SPEAKER_02
"like,",57.026,57.186,0.837,SPEAKER_02
you,57.226,57.366,0.652,SPEAKER_02
hate,57.406,57.606,0.696,SPEAKER_02
"me,",57.666,57.807,0.95,SPEAKER_02
you,57.947,58.087,0.718,SPEAKER_02
hate,58.127,58.307,0.74,SPEAKER_02
me.,58.347,58.487,0.913,SPEAKER_02
I,58.707,58.767,0.998,SPEAKER_02
saw,58.888,59.128,0.916,SPEAKER_02
so,59.168,59.468,0.855,SPEAKER_02
clearly,59.528,59.828,0.847,SPEAKER_02
as,59.888,59.988,0.847,SPEAKER_02
an,60.029,60.089,0.52,SPEAKER_02
"adult,",60.149,60.549,0.794,SPEAKER_02
what,60.629,60.749,0.894,SPEAKER_02
I,60.789,60.809,0.809,SPEAKER_02
couldn't,60.909,61.17,0.789,SPEAKER_02
see,61.21,61.33,0.872,SPEAKER_02
as,61.37,61.45,0.722,SPEAKER_02
a,61.51,61.53,0.999,SPEAKER_02
"kid,",61.57,61.83,0.985,SPEAKER_02
and,61.89,61.97,0.821,SPEAKER_02
that,62.01,62.17,0.883,SPEAKER_02
is,62.23,62.311,0.888,SPEAKER_02
that,62.371,62.531,0.995,SPEAKER_02
you,62.891,63.051,0.812,SPEAKER_02
love,63.111,63.311,0.86,SPEAKER_02
me,63.351,63.452,0.802,SPEAKER_02
so,63.612,63.832,0.838,SPEAKER_02
deeply,63.872,64.312,0.754,SPEAKER_02
and,64.332,64.773,0.544,SPEAKER_02
wholeheartedly.,64.833,65.573,0.843,SPEAKER_02
My,65.613,66.314,0.865,SPEAKER_02
happiness,66.394,66.915,0.831,SPEAKER_02
was,66.975,67.095,0.659,SPEAKER_02
at,67.215,67.275,0.753,SPEAKER_02
the,67.295,67.395,0.813,SPEAKER_02
top,67.455,67.715,0.936,SPEAKER_02
of,67.755,67.795,0.946,SPEAKER_02
your,67.855,67.996,0.82,SPEAKER_02
priority,68.036,68.516,0.815,SPEAKER_02
list.,68.576,68.916,0.939,SPEAKER_02
Even,69.096,69.257,0.843,SPEAKER_02
if,69.317,69.397,0.74,SPEAKER_02
that,69.437,69.597,0.715,SPEAKER_02
meant,69.617,69.757,0.706,SPEAKER_02
you,69.797,69.897,0.96,SPEAKER_02
not,69.957,70.077,0.973,SPEAKER_02
making,70.137,70.378,0.848,SPEAKER_02
always,70.438,70.618,0.923,SPEAKER_02
the,70.638,70.718,0.831,SPEAKER_02
best,70.758,70.918,0.595,SPEAKER_02
"decisions,",70.958,71.399,0.795,SPEAKER_02
you,71.419,71.519,0.638,SPEAKER_02
were,71.559,71.679,0.824,SPEAKER_02
trying.,71.719,73.12,0.755,SPEAKER_02
And,73.1,73.301,0.822,SPEAKER_02
so,73.341,73.421,0.884,SPEAKER_02
it,73.501,73.561,0.855,SPEAKER_02
allowed,73.581,73.862,0.973,SPEAKER_02
me,73.902,73.982,0.751,SPEAKER_02
to,74.022,74.103,0.738,SPEAKER_02
trust,74.163,74.443,0.845,SPEAKER_02
you,74.484,74.564,0.963,SPEAKER_02
and,74.604,74.664,0.424,SPEAKER_02
just,74.684,74.804,0.725,SPEAKER_02
feel,74.845,74.925,0.238,SPEAKER_02
like,74.945,75.045,0.88,SPEAKER_02
I,75.105,75.145,0.996,SPEAKER_02
could,75.165,75.306,0.973,SPEAKER_02
be,75.346,75.446,0.99,SPEAKER_02
fully,75.707,75.988,0.928,SPEAKER_02
"open,",76.128,76.409,0.925,SPEAKER_02
fully,76.469,76.85,0.859,SPEAKER_02
vulnerable,76.91,77.351,0.853,SPEAKER_02
with,77.391,77.511,0.776,SPEAKER_02
you.,77.572,77.752,0.916,SPEAKER_02
And,77.792,77.852,0.333,SPEAKER_02
it,78.394,78.434,0.932,SPEAKER_02
just,78.454,78.574,0.853,SPEAKER_02
made,78.594,78.715,0.674,SPEAKER_02
me,78.735,78.795,0.846,SPEAKER_02
feel,78.835,78.995,0.891,SPEAKER_02
like,79.056,79.236,0.754,SPEAKER_02
really,79.497,79.998,0.771,SPEAKER_02
safe,80.118,80.399,0.776,SPEAKER_02
with,80.479,80.6,0.937,SPEAKER_02
you.,80.64,80.82,0.936,SPEAKER_02
"Yeah,",80.84,82.565,0.533,SPEAKER_01
and,82.585,82.645,0.543,SPEAKER_01
if,82.685,82.745,0.998,SPEAKER_01
I,82.805,82.865,0.837,SPEAKER_01
could,82.885,83.026,0.612,SPEAKER_01
answer,83.126,83.327,0.908,SPEAKER_01
that,83.367,83.547,0.76,SPEAKER_01
"back,",83.587,84.089,0.629,SPEAKER_01
that,84.129,84.249,0.915,SPEAKER_01
question.,84.309,85.793,0.943,SPEAKER_01
So,86.38,86.58,0.616,SPEAKER_01
when,86.62,86.74,0.85,SPEAKER_01
I,86.8,86.841,0.998,SPEAKER_01
was,86.881,86.981,0.879,SPEAKER_01
your,87.021,87.161,0.935,SPEAKER_01
mother,87.201,87.481,0.825,SPEAKER_01
and,87.601,87.681,0.753,SPEAKER_01
you,87.742,87.882,0.975,SPEAKER_01
"were,",87.942,88.142,0.739,SPEAKER_01
I'm,88.162,88.222,0.333,SPEAKER_01
gonna,88.642,88.803,0.331,SPEAKER_01
"say,",88.843,89.023,0.949,SPEAKER_01
under,89.263,89.483,0.917,SPEAKER_01
"18,",89.543,90.004,0.866,SPEAKER_01
"okay,",90.044,90.725,0.7,SPEAKER_01
I,91.225,91.285,0.957,SPEAKER_01
felt,91.345,91.506,0.985,SPEAKER_01
so,91.566,91.706,0.998,SPEAKER_01
responsible,91.746,92.567,0.75,SPEAKER_01
for,92.607,93.548,0.978,SPEAKER_01
you.,93.588,93.828,0.937,SPEAKER_01
"Like,",93.928,94.149,0.976,SPEAKER_01
this,94.549,94.689,0.848,SPEAKER_01
is,94.769,94.829,0.776,SPEAKER_01
a,94.889,94.909,0.313,SPEAKER_01
human,94.989,95.31,0.899,SPEAKER_01
life,95.37,95.57,0.876,SPEAKER_01
that,95.61,95.71,0.936,SPEAKER_01
I'm,95.75,95.87,0.885,SPEAKER_01
responsible,95.91,96.471,0.845,SPEAKER_01
for.,96.531,96.771,0.931,SPEAKER_01
And,96.832,98.313,0.483,SPEAKER_01
I,98.333,98.353,0.999,SPEAKER_01
was,99.394,99.494,0.983,SPEAKER_01
so,99.615,99.895,0.907,SPEAKER_01
on,99.915,100.255,0.778,SPEAKER_01
edge,100.315,100.656,0.805,SPEAKER_01
about,100.736,100.936,0.985,SPEAKER_01
that.,100.996,101.276,0.962,SPEAKER_01
I,101.737,101.797,0.983,SPEAKER_01
felt,101.837,101.997,0.857,SPEAKER_01
so,102.037,102.157,0.608,SPEAKER_01
anxious,102.338,102.678,0.764,SPEAKER_01
about,102.758,103.038,0.81,SPEAKER_01
it.,103.138,103.199,0.997,SPEAKER_01
"Like,",103.259,103.439,0.871,SPEAKER_01
am,103.479,103.539,0.526,SPEAKER_01
I,103.619,103.679,0.976,SPEAKER_01
doing,103.739,103.919,0.805,SPEAKER_01
the,103.959,104.039,0.825,SPEAKER_01
right,104.079,104.22,0.736,SPEAKER_01
thing?,104.3,104.48,0.958,SPEAKER_01
And,104.5,104.56,0.99,SPEAKER_01
so,104.58,104.68,0.707,SPEAKER_01
I,104.72,104.76,0.869,SPEAKER_01
was,104.8,104.88,0.841,SPEAKER_01
constantly,104.96,105.601,0.775,SPEAKER_01
trying,105.641,106.202,0.882,SPEAKER_01
to,106.222,106.282,0.749,SPEAKER_01
fix,106.362,106.562,0.984,SPEAKER_01
things,106.622,107.083,0.748,SPEAKER_01
and,107.163,107.243,0.88,SPEAKER_01
do,107.403,107.443,0.006,SPEAKER_01
things.,107.463,107.663,0.967,SPEAKER_01
And,108.264,108.404,0.882,SPEAKER_01
I,108.504,108.564,0.913,SPEAKER_01
felt,108.604,108.725,0.975,SPEAKER_01
like,108.765,108.865,0.984,SPEAKER_01
I,108.905,108.925,0.989,SPEAKER_01
couldn't,108.985,109.225,0.824,SPEAKER_01
share,109.485,109.746,0.738,SPEAKER_01
a,109.786,109.806,0.985,SPEAKER_01
lot,109.866,109.986,0.935,SPEAKER_01
of,110.026,110.066,0.972,SPEAKER_01
that,110.106,110.246,0.763,SPEAKER_01
with,110.286,110.426,0.791,SPEAKER_01
you,110.507,110.787,0.749,SPEAKER_01
because,110.967,111.187,0.804,SPEAKER_01
I,111.207,111.287,0.577,SPEAKER_01
just,111.348,111.448,0.798,SPEAKER_01
had,111.488,111.588,0.813,SPEAKER_01
to,111.608,111.648,0.179,SPEAKER_01
put,111.688,111.788,0.894,SPEAKER_01
on,111.848,111.908,0.966,SPEAKER_01
this,111.948,112.088,0.857,SPEAKER_01
mother,112.208,112.549,0.869,SPEAKER_01
"facade,",112.589,113.75,0.853,SPEAKER_01
you,113.77,113.85,0.983,SPEAKER_01
"know,",113.89,114.071,0.96,SPEAKER_01
I'm,114.151,114.251,0.967,SPEAKER_01
your,114.291,114.411,0.834,SPEAKER_01
mother.,114.431,116.353,0.767,SPEAKER_01
got,116.333,117.014,0.873,SPEAKER_01
into,117.074,117.234,0.892,SPEAKER_01
"college,",117.314,117.915,0.836,SPEAKER_01
and,117.975,118.055,0.914,SPEAKER_01
especially,118.116,118.576,0.956,SPEAKER_01
out,118.616,119.037,0.825,SPEAKER_01
of,119.097,119.137,0.998,SPEAKER_01
"college,",119.237,119.778,0.948,SPEAKER_01
and,120.439,120.519,0.698,SPEAKER_01
started,120.559,120.819,0.447,SPEAKER_01
making,120.92,121.2,0.942,SPEAKER_01
your,121.24,121.36,0.942,SPEAKER_01
own,121.4,121.5,0.792,SPEAKER_01
way,121.54,121.661,0.669,SPEAKER_01
in,121.701,121.761,0.746,SPEAKER_01
the,121.801,121.881,0.834,SPEAKER_01
"world,",121.921,122.181,0.794,SPEAKER_01
I,122.201,122.221,1.0,SPEAKER_01
just,122.602,122.742,0.663,SPEAKER_01
felt,122.782,122.963,0.959,SPEAKER_01
this,123.003,123.143,0.706,SPEAKER_01
huge,123.363,123.944,0.78,SPEAKER_01
release,124.224,124.645,0.897,SPEAKER_01
of,125.486,125.546,0.979,SPEAKER_01
responsibility.,125.606,126.608,0.802,SPEAKER_01
And,126.668,127.389,0.837,SPEAKER_01
I,127.549,127.629,0.712,SPEAKER_01
could,127.649,127.81,0.881,SPEAKER_01
just,127.85,128.15,0.818,SPEAKER_01
be,128.651,128.911,0.972,SPEAKER_01
me.,128.951,130.093,0.974,SPEAKER_01
I,130.113,130.133,1.0,SPEAKER_01
still,130.473,130.734,0.778,SPEAKER_01
"feel,",130.754,131.094,0.718,SPEAKER_01
even,131.154,131.415,0.788,SPEAKER_01
"now,",131.455,131.715,0.914,SPEAKER_01
I,131.815,131.855,0.982,SPEAKER_01
still,131.915,132.096,0.943,SPEAKER_01
feel,132.136,132.316,0.785,SPEAKER_01
"like,",132.376,132.516,0.922,SPEAKER_01
"okay,",132.556,132.977,0.43,SPEAKER_01
I'm,132.997,133.057,0.182,SPEAKER_01
her,133.077,133.197,0.793,SPEAKER_01
mom.,133.217,133.558,0.898,SPEAKER_01
There's,133.578,134.179,0.154,SPEAKER_01
certain,134.199,134.439,0.9,SPEAKER_01
things,134.479,134.639,0.766,SPEAKER_01
I'm,134.699,134.8,0.54,SPEAKER_01
not,134.82,134.96,0.73,SPEAKER_01
gonna,134.98,135.14,0.462,SPEAKER_01
share.,135.2,135.521,0.874,SPEAKER_01
But,135.561,136.482,0.617,SPEAKER_01
I,136.522,136.562,0.982,SPEAKER_01
feel,136.602,136.722,0.727,SPEAKER_01
like,136.762,136.842,0.836,SPEAKER_01
as,136.883,137.243,0.76,SPEAKER_01
time,137.303,137.483,0.7,SPEAKER_01
goes,137.523,137.684,0.717,SPEAKER_01
"on,",137.844,137.904,0.931,SPEAKER_01
that,137.944,138.144,0.757,SPEAKER_01
"lessens,",138.204,138.745,0.907,SPEAKER_01
you,139.026,139.266,0.498,SPEAKER_01
know?,139.286,139.586,0.887,SPEAKER_01
What,140.908,141.049,0.934,SPEAKER_01
are,141.089,141.169,0.925,SPEAKER_01
you,141.209,141.309,0.736,SPEAKER_01
hesitant,141.349,141.85,0.832,SPEAKER_01
to,141.87,141.95,0.764,SPEAKER_01
talk,142.03,142.25,0.913,SPEAKER_01
to,142.29,142.37,0.854,SPEAKER_01
me,142.411,142.511,0.91,SPEAKER_01
about,142.571,142.811,0.863,SPEAKER_01
and,142.911,142.991,0.869,SPEAKER_01
why?,143.051,143.472,0.808,SPEAKER_01
"Okay,",145.898,146.339,0.554,SPEAKER_01
so,146.359,146.579,0.992,SPEAKER_01
I'm,147.02,147.12,0.892,SPEAKER_01
a,147.18,147.2,0.957,SPEAKER_01
little,147.24,147.44,0.766,SPEAKER_01
hesitant,147.48,147.801,0.424,SPEAKER_01
to,147.861,147.941,0.877,SPEAKER_01
talk,148.001,148.221,0.88,SPEAKER_01
to,148.241,148.281,0.115,SPEAKER_01
you,148.321,148.422,0.727,SPEAKER_01
about,148.482,148.722,0.783,SPEAKER_01
why,148.742,149.183,0.865,SPEAKER_01
it,149.243,149.303,0.73,SPEAKER_01
was,149.363,149.483,0.901,SPEAKER_01
so,149.603,149.824,0.787,SPEAKER_01
hard,149.904,150.124,0.907,SPEAKER_01
for,150.204,150.364,0.971,SPEAKER_01
me,150.605,150.765,0.929,SPEAKER_01
to,150.845,150.945,0.917,SPEAKER_01
parent,151.025,151.386,0.854,SPEAKER_01
you,151.426,151.606,0.889,SPEAKER_01
when,151.706,151.867,0.934,SPEAKER_01
you,152.227,152.307,0.93,SPEAKER_01
were,152.327,152.427,0.979,SPEAKER_01
little.,152.447,152.748,0.876,SPEAKER_01
I,154.31,154.39,0.952,SPEAKER_01
feel,154.45,154.611,0.839,SPEAKER_01
like,154.671,154.851,0.763,SPEAKER_01
when,155.712,155.892,0.864,SPEAKER_01
I,155.932,156.013,0.739,SPEAKER_01
go,156.053,156.213,0.919,SPEAKER_01
"there,",156.253,156.553,0.821,SPEAKER_01
like,157.615,157.775,0.813,SPEAKER_01
the,157.835,157.935,0.803,SPEAKER_01
night,157.995,158.176,0.789,SPEAKER_01
at,158.256,158.356,0.972,SPEAKER_01
"Miru,",158.596,159.417,0.756,SPEAKER_01
I'm,160.9,162.382,0.97,SPEAKER_01
gonna,162.402,162.562,0.437,SPEAKER_01
hurt,162.602,162.722,0.799,SPEAKER_01
your,162.742,162.862,0.75,SPEAKER_01
"feelings,",162.903,163.323,0.854,SPEAKER_01
I'm,163.684,163.764,0.937,SPEAKER_01
gonna,163.804,163.944,0.406,SPEAKER_01
make,164.004,164.104,0.996,SPEAKER_01
you,164.144,164.224,0.767,SPEAKER_01
feel,164.264,164.445,0.595,SPEAKER_01
bad.,164.505,164.785,0.937,SPEAKER_01
And,164.805,167.449,0.898,SPEAKER_01
I,167.489,167.529,0.85,SPEAKER_01
was,167.569,167.669,0.706,SPEAKER_01
being,167.729,167.91,0.88,SPEAKER_01
really,168.03,168.27,0.794,SPEAKER_01
vulnerable,168.33,168.771,0.82,SPEAKER_01
that,168.791,168.991,0.723,SPEAKER_01
"night,",169.051,169.292,0.869,SPEAKER_01
so,169.512,169.612,0.802,SPEAKER_01
I,169.652,169.692,0.958,SPEAKER_01
wasn't,169.752,170.033,0.819,SPEAKER_01
thinking,170.213,170.654,0.867,SPEAKER_01
about,170.734,170.914,0.606,SPEAKER_01
what,170.954,171.054,0.95,SPEAKER_01
I,171.114,171.154,0.958,SPEAKER_01
was,171.194,171.315,0.766,SPEAKER_01
"saying,",171.375,171.775,0.76,SPEAKER_01
I,171.795,171.815,0.999,SPEAKER_01
was,172.076,172.176,0.713,SPEAKER_01
just,172.256,172.396,0.652,SPEAKER_01
talking.,172.456,173.678,0.892,SPEAKER_01
And,173.843,174.023,0.621,SPEAKER_01
then,174.043,174.143,0.718,SPEAKER_01
I,174.183,174.223,0.901,SPEAKER_01
felt,174.283,174.424,0.876,SPEAKER_01
so,174.484,174.584,0.822,SPEAKER_01
bad,174.644,174.784,0.992,SPEAKER_01
when,174.824,174.924,0.848,SPEAKER_01
you,174.944,175.044,0.552,SPEAKER_01
told,175.084,175.204,0.761,SPEAKER_01
me,175.244,175.284,0.631,SPEAKER_01
that,175.325,175.405,0.919,SPEAKER_01
it,175.465,175.505,0.838,SPEAKER_01
kind,175.525,175.685,0.449,SPEAKER_01
of,175.705,175.745,0.472,SPEAKER_01
hurt,175.765,175.885,0.922,SPEAKER_01
your,175.925,176.045,0.72,SPEAKER_01
feelings.,176.085,176.566,0.839,SPEAKER_01
So,177.046,177.487,0.898,SPEAKER_01
I,177.507,177.527,0.999,SPEAKER_01
am,177.907,177.987,0.92,SPEAKER_01
hesitant,178.087,178.588,0.872,SPEAKER_01
to,178.688,178.828,0.99,SPEAKER_01
really,179.949,180.33,0.612,SPEAKER_01
be,180.41,180.55,0.995,SPEAKER_01
honest,180.71,181.15,0.742,SPEAKER_01
with,181.19,181.331,0.699,SPEAKER_01
you,181.411,181.571,0.997,SPEAKER_01
about,181.671,181.871,0.897,SPEAKER_01
what,181.931,182.071,0.863,SPEAKER_01
it,182.111,182.151,0.996,SPEAKER_01
was,182.192,182.292,0.533,SPEAKER_01
like,182.372,182.552,0.796,SPEAKER_01
for,182.632,182.752,0.982,SPEAKER_01
me,182.792,182.912,0.816,SPEAKER_01
when,182.972,183.072,0.753,SPEAKER_01
you,183.112,183.193,0.847,SPEAKER_01
were,183.213,183.373,0.743,SPEAKER_01
small.,183.593,183.953,0.947,SPEAKER_01
"Yeah,",186.716,186.956,0.644,SPEAKER_01
I,186.976,186.996,0.911,SPEAKER_01
just,187.097,187.217,0.89,SPEAKER_01
felt,187.237,187.357,0.676,SPEAKER_01
like,187.377,187.477,0.728,SPEAKER_01
I,187.517,187.557,0.968,SPEAKER_01
wasn't,187.617,187.837,0.843,SPEAKER_01
doing,187.857,188.017,0.654,SPEAKER_01
anything,188.098,188.378,0.905,SPEAKER_01
right.,188.438,188.678,0.865,SPEAKER_01
So,190.54,190.68,0.946,SPEAKER_01
that,190.7,190.88,0.91,SPEAKER_01
was,191.841,191.941,0.715,SPEAKER_01
really,191.981,192.202,0.8,SPEAKER_01
hard.,192.282,192.542,0.829,SPEAKER_01
"Yeah,",193.103,193.963,0.847,SPEAKER_01
it,194.284,194.324,0.052,SPEAKER_01
was,194.344,194.484,0.867,SPEAKER_01
"really,",194.524,194.764,0.844,SPEAKER_01
really,194.804,195.005,0.798,SPEAKER_01
hard.,195.065,195.285,0.896,SPEAKER_01
And,195.505,195.585,0.938,SPEAKER_01
I,195.625,195.685,0.887,SPEAKER_01
think,195.725,195.905,0.814,SPEAKER_01
I,195.966,196.026,0.994,SPEAKER_01
"made,",196.086,196.306,0.967,SPEAKER_01
instead,196.366,198.348,0.782,SPEAKER_01
of,198.388,198.428,1.0,SPEAKER_01
listening,198.488,198.788,0.676,SPEAKER_01
to,198.808,198.868,0.744,SPEAKER_01
my,198.929,199.049,0.67,SPEAKER_01
own,199.269,199.389,0.988,SPEAKER_01
instincts,199.409,200.61,0.778,SPEAKER_01
and,201.211,201.291,0.809,SPEAKER_01
gut,201.351,201.511,0.749,SPEAKER_01
"feeling,",201.571,202.332,0.851,SPEAKER_01
which,203.273,203.473,0.854,SPEAKER_01
was,203.533,203.613,0.757,SPEAKER_01
hard,203.674,203.854,0.881,SPEAKER_01
to,203.894,203.954,0.752,SPEAKER_01
do,203.994,204.094,0.994,SPEAKER_01
because,204.174,204.435,0.891,SPEAKER_01
I,204.455,204.475,0.999,SPEAKER_01
didn't,204.735,204.915,0.735,SPEAKER_01
have,204.975,205.076,0.824,SPEAKER_01
a,205.116,205.136,0.765,SPEAKER_01
strong,205.156,205.476,0.736,SPEAKER_01
mother,205.536,205.777,0.918,SPEAKER_01
figure.,205.837,206.157,0.866,SPEAKER_01
So,206.738,206.858,0.929,SPEAKER_01
I,206.898,206.938,0.857,SPEAKER_01
didn't,206.978,207.179,0.827,SPEAKER_01
have-,207.239,207.439,0.739,SPEAKER_01
You,207.82,207.9,0.971,SPEAKER_01
didn't,207.92,208.04,0.683,SPEAKER_01
have,208.08,208.18,0.951,SPEAKER_01
a,208.24,208.26,0.829,SPEAKER_01
mom.,208.3,208.741,0.894,SPEAKER_01
Your,208.801,209.142,0.174,SPEAKER_01
mom,209.162,209.262,0.521,SPEAKER_01
passed,209.302,209.542,0.488,SPEAKER_01
away,209.562,209.722,0.704,SPEAKER_01
when,209.743,209.823,0.85,SPEAKER_01
you,209.863,209.923,0.988,SPEAKER_01
were,209.943,210.063,0.809,SPEAKER_01
so,210.103,210.303,0.958,SPEAKER_01
young.,210.343,210.624,0.89,SPEAKER_01
Right.,210.944,211.185,0.783,SPEAKER_01
So,211.685,212.066,0.998,SPEAKER_01
"I,",212.086,212.126,0.996,SPEAKER_01
and,213.588,213.668,0.95,SPEAKER_01
I'm,214.009,214.129,0.909,SPEAKER_01
so,214.289,214.409,0.948,SPEAKER_01
much,214.449,214.59,0.885,SPEAKER_01
of,214.61,214.87,0.804,SPEAKER_01
a,215.09,215.11,0.984,SPEAKER_01
fixer,215.251,215.791,0.906,SPEAKER_01
that,215.831,216.853,0.98,SPEAKER_01
I,216.933,217.013,0.913,SPEAKER_01
just,217.073,217.254,0.987,SPEAKER_01
decided,217.294,217.674,0.864,SPEAKER_01
to,217.714,217.774,0.751,SPEAKER_01
turn,217.834,218.075,0.851,SPEAKER_01
to,218.095,218.155,0.786,SPEAKER_01
professionals.,218.215,218.896,0.891,SPEAKER_01
But,219.236,219.497,0.837,SPEAKER_01
the,219.537,219.998,0.96,SPEAKER_01
fact,220.038,220.298,0.836,SPEAKER_01
that,220.358,220.598,0.868,SPEAKER_01
I,220.638,220.799,0.628,SPEAKER_01
turned,220.859,221.079,0.842,SPEAKER_01
to,221.099,221.159,0.744,SPEAKER_01
"professionals,",221.219,222.041,0.861,SPEAKER_01
we,222.121,222.221,0.981,SPEAKER_01
made,222.261,222.401,0.851,SPEAKER_01
a,222.441,222.481,0.47,SPEAKER_01
lot,222.862,223.082,0.949,SPEAKER_01
of,223.122,223.162,0.654,SPEAKER_01
bad,223.182,223.342,0.631,SPEAKER_01
decisions.,223.362,224.404,0.85,SPEAKER_01
I,224.502,225.163,0.872,SPEAKER_02
understand,225.183,225.744,0.851,SPEAKER_02
and,225.824,225.904,0.861,SPEAKER_02
relate,225.944,226.325,0.779,SPEAKER_02
to,226.365,226.505,0.912,SPEAKER_02
the,226.605,226.686,0.985,SPEAKER_02
childhood,226.726,227.146,0.669,SPEAKER_02
"talk,",227.186,227.387,0.755,SPEAKER_02
because,227.407,227.547,0.0,SPEAKER_02
even,227.567,227.727,0.903,SPEAKER_02
for,227.807,227.928,0.701,SPEAKER_02
"me,",228.008,228.208,0.983,SPEAKER_02
it's,228.388,229.03,0.76,SPEAKER_02
hard,229.09,229.27,0.898,SPEAKER_02
to,229.29,229.35,0.75,SPEAKER_02
talk,229.39,229.57,0.792,SPEAKER_02
about,229.61,229.771,0.953,SPEAKER_02
some,229.791,229.911,0.832,SPEAKER_02
of,229.951,229.991,0.976,SPEAKER_02
the,230.031,230.091,0.999,SPEAKER_02
darkest,230.131,230.452,0.943,SPEAKER_02
times,230.492,230.772,0.795,SPEAKER_02
of,230.832,230.873,0.966,SPEAKER_02
my,230.933,231.033,0.982,SPEAKER_02
"childhood,",231.073,231.494,0.802,SPEAKER_02
because,231.514,231.754,0.834,SPEAKER_02
I,232.275,232.335,0.845,SPEAKER_02
know,232.435,232.615,0.797,SPEAKER_02
that,232.696,232.796,0.894,SPEAKER_02
you,232.856,233.036,0.821,SPEAKER_02
feel,233.076,233.277,0.759,SPEAKER_02
guilt,233.337,233.557,0.869,SPEAKER_02
just,233.637,233.777,0.848,SPEAKER_01
like,233.898,233.978,0.25,SPEAKER_01
I,234.158,234.258,0.976,SPEAKER_02
feel,234.318,234.539,0.821,SPEAKER_02
guilt.,234.599,234.919,0.89,SPEAKER_02
And,235.28,235.36,0.754,SPEAKER_01
so,235.42,235.54,0.938,SPEAKER_02
if,235.62,235.681,0.914,SPEAKER_02
I'm,235.921,236.061,0.988,SPEAKER_02
just,236.121,236.262,0.906,SPEAKER_02
fully,236.342,236.622,0.993,SPEAKER_02
telling,236.682,237.023,0.863,SPEAKER_02
you,237.083,237.283,0.821,SPEAKER_02
how,237.323,238.004,0.615,SPEAKER_02
much,238.064,238.185,0.873,SPEAKER_02
it,238.245,238.325,0.901,SPEAKER_02
hurt,238.385,238.545,0.856,SPEAKER_02
"me,",238.585,238.686,0.995,SPEAKER_02
the,238.726,238.786,0.993,SPEAKER_02
things,238.826,239.046,0.726,SPEAKER_02
you,239.106,239.266,0.734,SPEAKER_02
"did,",239.327,239.507,0.897,SPEAKER_02
of,239.527,239.627,0.764,SPEAKER_02
course,239.727,239.948,0.625,SPEAKER_02
that's,239.988,240.128,0.772,SPEAKER_02
going,240.168,240.308,0.466,SPEAKER_02
to,240.589,240.669,0.82,SPEAKER_02
weigh,241.09,241.59,0.437,SPEAKER_01
on,241.65,242.091,0.796,SPEAKER_01
you.,242.111,242.612,0.478,SPEAKER_02
you,242.592,242.792,0.929,SPEAKER_02
know,242.832,242.952,0.88,SPEAKER_02
how,243.053,243.213,0.708,SPEAKER_02
hard,243.313,243.513,0.903,SPEAKER_02
it,243.573,243.613,0.998,SPEAKER_02
was,243.653,243.934,0.83,SPEAKER_02
and,243.974,244.034,0.811,SPEAKER_02
you,244.414,244.514,0.787,SPEAKER_02
know,244.555,244.715,0.894,SPEAKER_02
being,244.995,245.195,0.797,SPEAKER_02
a,245.235,245.275,0.364,SPEAKER_02
mom,245.295,245.496,0.585,SPEAKER_02
to,245.536,245.576,0.426,SPEAKER_02
me,245.596,245.776,0.74,SPEAKER_02
it,246.117,246.177,0.913,SPEAKER_02
was,246.217,246.297,0.68,SPEAKER_02
like,246.317,246.417,0.782,SPEAKER_02
a,246.457,246.497,0.5,SPEAKER_02
burden,246.537,246.857,0.753,SPEAKER_02
sometimes,246.898,247.198,0.826,SPEAKER_02
like,247.218,247.318,0.664,SPEAKER_02
those,247.358,247.498,0.976,SPEAKER_02
things,247.538,247.719,0.838,SPEAKER_02
are,247.779,247.879,0.308,SPEAKER_02
gonna,247.899,248.079,0.348,SPEAKER_02
you,248.46,248.54,0.811,SPEAKER_02
know,248.58,248.7,0.908,SPEAKER_02
they,248.98,249.421,0.869,SPEAKER_02
hurt,249.481,249.641,0.813,SPEAKER_02
the,249.681,249.781,0.716,SPEAKER_02
other,249.801,249.961,0.869,SPEAKER_02
person,250.001,250.282,0.993,SPEAKER_02
but,250.302,250.422,0.952,SPEAKER_02
it's,250.482,250.622,0.783,SPEAKER_02
important,250.682,251.123,0.859,SPEAKER_02
to,251.143,251.323,0.83,SPEAKER_02
express,251.724,252.024,0.965,SPEAKER_02
them,252.064,252.164,0.939,SPEAKER_02
but,252.204,252.284,0.856,SPEAKER_02
maybe,252.344,252.565,0.926,SPEAKER_02
just,252.605,252.765,0.946,SPEAKER_02
not,252.825,252.965,0.886,SPEAKER_02
to,253.005,253.065,0.676,SPEAKER_02
each,253.125,253.246,0.944,SPEAKER_02
other,253.306,253.466,0.812,SPEAKER_02
like,253.526,253.646,0.866,SPEAKER_02
maybe,253.726,254.007,0.9,SPEAKER_02
in,254.207,254.287,0.732,SPEAKER_02
therapy,254.307,254.808,0.635,SPEAKER_01
and,254.828,254.968,0.808,SPEAKER_02
yeah,255.328,255.549,0.533,SPEAKER_01
yeah,255.669,255.889,0.538,SPEAKER_01
yeah,256.63,256.87,0.626,SPEAKER_01
exactly,257.171,257.651,0.844,SPEAKER_01
yeah,257.932,258.152,0.637,SPEAKER_01
okay,260.054,260.315,0.735,SPEAKER_01
what's,260.375,260.555,0.803,SPEAKER_01
something,260.595,260.895,0.985,SPEAKER_01
i,260.976,261.036,0.952,SPEAKER_01
still,261.136,261.356,0.831,SPEAKER_01
don't,261.396,261.576,0.812,SPEAKER_01
fully,261.676,261.957,0.744,SPEAKER_01
understand,262.017,262.477,0.791,SPEAKER_01
about,262.558,262.778,0.978,SPEAKER_01
you,262.838,262.958,0.949,SPEAKER_01
and,262.998,263.218,0.834,SPEAKER_01
why,263.379,263.759,0.848,SPEAKER_01
do,263.779,263.819,0.5,SPEAKER_01
you,264.3,264.4,0.888,SPEAKER_01
think,264.44,264.62,0.94,SPEAKER_01
that,264.66,264.84,0.961,SPEAKER_01
is,264.961,267.604,0.922,SPEAKER_01
That's,270.638,270.819,0.125,SPEAKER_02
a,270.839,270.859,0.0,SPEAKER_02
hard,270.879,271.16,0.91,SPEAKER_02
one.,271.26,271.38,0.907,SPEAKER_02
What's,271.461,271.661,0.863,SPEAKER_02
something,271.702,272.243,0.931,SPEAKER_02
I,272.263,272.283,1.0,SPEAKER_02
feel,272.484,272.665,0.823,SPEAKER_02
like,272.685,272.825,0.803,SPEAKER_02
you,272.865,273.006,0.993,SPEAKER_02
don't,273.066,273.307,0.793,SPEAKER_02
fully,273.467,273.788,0.882,SPEAKER_02
understand,273.808,274.471,0.749,SPEAKER_02
about,274.551,274.812,0.996,SPEAKER_02
me?,274.872,275.012,0.84,SPEAKER_02
Sometimes,277.681,278.042,0.964,SPEAKER_02
maybe,278.083,278.363,0.786,SPEAKER_02
the,278.424,278.504,0.973,SPEAKER_02
way,278.544,278.705,0.897,SPEAKER_02
my,278.745,278.945,0.797,SPEAKER_02
mind,279.006,279.327,0.894,SPEAKER_02
thinks.,279.427,281.273,0.877,SPEAKER_02
How,282.94,283.16,0.458,SPEAKER_02
I,283.22,283.281,0.991,SPEAKER_02
see,283.341,283.481,0.998,SPEAKER_02
the,283.521,283.601,0.85,SPEAKER_02
"world,",283.661,284.002,0.831,SPEAKER_02
I,284.062,284.102,0.771,SPEAKER_02
do,284.162,284.262,0.982,SPEAKER_02
think,284.302,284.422,0.855,SPEAKER_02
we're,284.462,284.623,0.727,SPEAKER_02
very,284.663,284.923,0.731,SPEAKER_02
similar,285.003,285.384,0.703,SPEAKER_02
in,285.504,285.684,0.354,SPEAKER_02
how,285.744,285.845,0.985,SPEAKER_02
we,285.905,285.985,0.977,SPEAKER_02
see,286.025,286.145,0.986,SPEAKER_02
the,286.185,286.245,0.752,SPEAKER_02
"world,",286.285,286.606,0.742,SPEAKER_02
but,287.307,287.407,0.959,SPEAKER_02
we,287.467,287.627,0.79,SPEAKER_02
live,287.727,287.968,0.851,SPEAKER_02
in,288.048,288.108,0.936,SPEAKER_02
really,288.208,288.509,0.755,SPEAKER_02
different,288.629,289.13,0.923,SPEAKER_02
spaces,290.031,290.532,0.888,SPEAKER_02
in,290.592,290.652,0.901,SPEAKER_02
the,290.692,290.772,0.979,SPEAKER_02
world.,290.812,291.153,0.717,SPEAKER_02
I'm,291.453,291.513,0.213,SPEAKER_02
around,291.834,293.637,0.904,SPEAKER_02
so,293.877,294.037,0.99,SPEAKER_02
many,294.097,294.218,0.789,SPEAKER_02
different,294.278,294.518,0.874,SPEAKER_02
types,294.538,294.799,0.834,SPEAKER_02
of,294.859,294.899,0.978,SPEAKER_02
people.,294.959,295.359,0.829,SPEAKER_02
The,296.081,296.261,0.724,SPEAKER_02
way,296.301,296.421,0.722,SPEAKER_02
I,296.481,296.541,0.997,SPEAKER_02
grew,296.601,296.742,0.875,SPEAKER_02
"up,",296.802,296.882,0.954,SPEAKER_02
how,296.902,297.022,0.963,SPEAKER_02
curious,297.122,297.563,0.905,SPEAKER_02
I,297.643,297.703,0.992,SPEAKER_02
was,297.743,297.923,0.797,SPEAKER_02
about,298.004,298.204,0.989,SPEAKER_02
the,298.244,298.324,0.78,SPEAKER_02
"world,",298.384,298.725,0.733,SPEAKER_02
how,299.346,299.466,0.942,SPEAKER_02
I,299.526,299.586,0.965,SPEAKER_02
literally,299.646,299.967,0.877,SPEAKER_02
have,300.027,300.167,0.877,SPEAKER_02
friends,300.287,300.728,0.779,SPEAKER_02
from,301.048,302.13,0.894,SPEAKER_02
you,302.11,302.37,0.923,SPEAKER_02
"know,",302.39,302.511,0.679,SPEAKER_02
every,302.631,302.811,0.78,SPEAKER_02
different,303.131,303.372,0.943,SPEAKER_02
"continent,",303.412,303.892,0.861,SPEAKER_02
every,304.413,304.573,0.911,SPEAKER_02
different,304.613,304.854,0.728,SPEAKER_02
racial,304.914,305.234,0.92,SPEAKER_02
"background,",305.274,305.915,0.811,SPEAKER_02
you,305.975,306.916,0.976,SPEAKER_02
"know,",306.956,307.056,0.961,SPEAKER_02
friends,307.117,307.317,0.708,SPEAKER_02
from,307.357,307.497,0.864,SPEAKER_02
every,307.537,308.118,0.587,SPEAKER_02
different,308.158,308.398,0.922,SPEAKER_02
sector,308.438,308.719,0.786,SPEAKER_02
of,308.739,308.779,0.948,SPEAKER_02
the,308.799,308.859,0.942,SPEAKER_02
LGBTQ,308.899,309.54,0.564,SPEAKER_02
plus,309.58,309.84,0.929,SPEAKER_02
community.,309.88,310.461,0.913,SPEAKER_02
I,310.481,310.501,1.0,SPEAKER_02
have,310.641,310.761,0.734,SPEAKER_02
friends,311.342,311.522,0.78,SPEAKER_02
from,311.542,311.662,0.903,SPEAKER_02
every,311.723,311.863,0.776,SPEAKER_02
different,311.883,312.103,0.681,SPEAKER_02
"religion,",312.143,312.664,0.834,SPEAKER_02
you,312.724,312.864,0.615,SPEAKER_02
"know,",312.904,313.084,0.792,SPEAKER_02
and,313.144,313.605,0.826,SPEAKER_02
so,313.625,313.725,0.676,SPEAKER_02
I,313.785,313.845,0.997,SPEAKER_02
get,313.885,314.006,0.79,SPEAKER_02
this,314.026,314.186,0.655,SPEAKER_02
really,314.346,314.646,0.619,SPEAKER_02
cool,314.827,315.067,0.84,SPEAKER_02
experience,315.127,315.728,0.796,SPEAKER_02
of,315.788,315.828,1.0,SPEAKER_02
talking,315.848,316.349,0.967,SPEAKER_02
to,316.389,316.429,0.0,SPEAKER_02
all,316.449,316.509,0.668,SPEAKER_02
these,316.549,316.689,0.689,SPEAKER_02
people.,316.729,316.989,0.884,SPEAKER_02
And,317.05,317.13,0.902,SPEAKER_02
I,317.17,317.21,0.986,SPEAKER_02
know,317.31,317.47,0.613,SPEAKER_02
you,317.51,317.69,0.784,SPEAKER_02
love,317.75,317.931,0.854,SPEAKER_02
coming,317.971,318.171,0.944,SPEAKER_02
around,318.191,318.331,0.914,SPEAKER_02
my,318.391,318.471,0.946,SPEAKER_02
friends,318.511,318.752,0.746,SPEAKER_02
because,318.832,319.052,0.991,SPEAKER_02
like,319.092,319.312,0.825,SPEAKER_02
yesterday,319.373,319.753,0.815,SPEAKER_02
"too,",319.793,319.973,0.845,SPEAKER_02
like,319.993,320.114,0.909,SPEAKER_02
you,320.134,320.254,0.728,SPEAKER_02
get,320.274,320.374,0.631,SPEAKER_02
to,320.394,320.434,0.535,SPEAKER_02
have,320.474,320.554,0.78,SPEAKER_02
these,320.594,320.714,0.751,SPEAKER_02
really,320.754,320.935,0.87,SPEAKER_02
deep,320.975,321.115,0.978,SPEAKER_02
conversations,321.175,321.756,0.87,SPEAKER_02
because,321.816,322.016,0.803,SPEAKER_02
you,322.056,322.176,0.985,SPEAKER_02
have,322.216,322.356,0.855,SPEAKER_02
such,322.517,322.757,0.97,SPEAKER_02
a,322.877,323.578,0.887,SPEAKER_02
open,323.558,324.059,0.66,SPEAKER_02
and,324.099,324.219,0.515,SPEAKER_02
inquisitive,324.279,324.8,0.786,SPEAKER_02
"mind,",324.88,325.16,0.974,SPEAKER_02
which,325.2,325.34,0.851,SPEAKER_02
that's,325.621,325.761,0.391,SPEAKER_02
one,325.841,325.921,0.957,SPEAKER_02
of,325.961,326.001,0.997,SPEAKER_02
the,326.021,326.081,0.953,SPEAKER_02
things,326.101,326.322,0.759,SPEAKER_02
I,326.382,326.422,0.961,SPEAKER_02
love,326.482,326.642,0.849,SPEAKER_02
so,326.762,326.962,0.856,SPEAKER_02
much,327.002,327.163,0.592,SPEAKER_02
about,327.243,327.443,0.999,SPEAKER_02
"you,",327.483,327.603,0.894,SPEAKER_02
especially,327.643,328.004,0.812,SPEAKER_02
for,328.064,328.184,0.952,SPEAKER_02
being,328.264,328.524,0.749,SPEAKER_02
a,328.725,328.745,0.957,SPEAKER_02
white,328.805,328.985,0.891,SPEAKER_02
woman,329.045,329.345,0.874,SPEAKER_02
of,329.385,329.706,0.747,SPEAKER_02
your,329.766,329.926,0.856,SPEAKER_02
"age,",330.126,330.387,0.866,SPEAKER_02
you,330.887,330.967,0.995,SPEAKER_02
"know,",330.988,331.168,0.8,SPEAKER_02
with,331.208,331.728,0.879,SPEAKER_02
the,331.748,331.809,0.943,SPEAKER_02
financial,331.849,332.289,0.798,SPEAKER_02
status,332.349,332.67,0.832,SPEAKER_02
that,332.71,332.81,0.662,SPEAKER_02
you're,332.85,333.01,0.725,SPEAKER_02
in.,333.09,333.19,0.837,SPEAKER_02
But,334.652,334.752,0.784,SPEAKER_02
I,334.792,334.832,0.988,SPEAKER_02
think,334.933,335.213,0.993,SPEAKER_02
because,335.453,335.914,0.697,SPEAKER_02
you,335.954,336.174,0.791,SPEAKER_02
are,336.274,336.374,0.821,SPEAKER_02
so,336.414,336.795,0.826,SPEAKER_02
interested,336.895,337.276,0.628,SPEAKER_02
in,337.336,337.376,1.0,SPEAKER_02
the,337.396,337.476,0.719,SPEAKER_02
world,337.536,337.856,0.772,SPEAKER_02
and,338.017,338.097,0.882,SPEAKER_02
humanity,338.157,338.697,0.865,SPEAKER_02
and,338.757,338.838,0.98,SPEAKER_02
you,338.858,339.398,0.684,SPEAKER_02
are,339.518,339.599,0.809,SPEAKER_02
always,339.639,339.839,0.664,SPEAKER_02
paying,339.879,340.059,0.637,SPEAKER_02
attention,340.079,340.42,0.855,SPEAKER_02
through,340.48,340.66,0.909,SPEAKER_02
news,340.72,340.92,0.789,SPEAKER_02
"outlets,",341.02,341.361,0.881,SPEAKER_02
et,341.421,341.481,0.938,SPEAKER_02
"cetera,",341.541,341.962,0.871,SPEAKER_02
I,342.562,342.642,0.632,SPEAKER_02
have,342.662,342.783,0.8,SPEAKER_02
a,342.803,342.843,0.5,SPEAKER_02
different,342.903,343.203,0.863,SPEAKER_02
experience,343.243,343.964,0.734,SPEAKER_02
because,344.525,344.885,0.883,SPEAKER_02
I,344.905,344.925,1.0,SPEAKER_02
don't,345.626,345.847,0.712,SPEAKER_02
listen,345.887,346.147,0.803,SPEAKER_02
to,346.227,346.307,0.992,SPEAKER_02
the,346.347,346.427,0.832,SPEAKER_02
news.,346.467,346.808,0.887,SPEAKER_02
I,347.228,347.328,0.731,SPEAKER_02
talk,347.348,347.789,0.823,SPEAKER_02
to,347.829,347.909,0.796,SPEAKER_02
people.,347.969,348.57,0.796,SPEAKER_02
So,348.55,348.79,0.844,SPEAKER_02
sometimes,348.83,349.171,0.81,SPEAKER_02
it's,349.211,349.331,0.599,SPEAKER_02
hard,349.391,349.612,0.9,SPEAKER_02
to,349.672,349.772,0.746,SPEAKER_02
"like,",349.832,350.012,0.912,SPEAKER_02
even,350.112,350.233,0.948,SPEAKER_02
though,350.253,350.393,0.751,SPEAKER_02
you,350.413,350.513,0.794,SPEAKER_02
are,350.573,350.673,0.827,SPEAKER_02
so,350.753,350.914,0.883,SPEAKER_02
open,351.034,351.274,0.807,SPEAKER_02
to,351.354,351.414,0.93,SPEAKER_02
"understanding,",351.495,352.216,0.884,SPEAKER_02
we,352.616,352.737,0.982,SPEAKER_02
live,352.837,353.017,0.942,SPEAKER_02
in,353.077,353.117,0.939,SPEAKER_02
like,353.177,353.317,0.804,SPEAKER_02
two,353.358,353.458,0.963,SPEAKER_02
different,353.498,353.738,0.879,SPEAKER_02
worlds,353.778,354.099,0.655,SPEAKER_02
in,354.159,354.219,0.969,SPEAKER_02
that,354.239,354.379,0.74,SPEAKER_02
aspect,354.399,354.9,0.744,SPEAKER_02
"because,",355.0,355.381,0.848,SPEAKER_02
you,355.421,356.122,0.811,SPEAKER_02
know.,356.162,356.302,0.896,SPEAKER_02
Different,356.342,356.763,0.361,SPEAKER_02
generations.,356.783,357.264,0.391,SPEAKER_01
Different,357.284,357.484,0.335,SPEAKER_01
"generations,",357.504,358.285,0.86,SPEAKER_02
yeah.,358.345,358.646,0.637,SPEAKER_02
But,358.806,358.886,0.997,SPEAKER_02
I,358.946,359.006,0.99,SPEAKER_02
love,359.046,359.247,0.802,SPEAKER_02
that,359.267,359.367,0.942,SPEAKER_02
we,359.407,359.487,0.914,SPEAKER_02
talk,359.527,359.747,0.859,SPEAKER_02
about,359.788,359.968,0.983,SPEAKER_02
it,360.008,360.068,0.744,SPEAKER_02
all,360.108,360.208,0.999,SPEAKER_02
the,360.248,360.308,0.987,SPEAKER_02
time.,360.348,360.589,0.945,SPEAKER_02
"And,",360.969,361.11,0.922,SPEAKER_01
you,361.31,361.39,0.941,SPEAKER_02
"know,",361.41,361.53,0.89,SPEAKER_02
we've,361.59,361.751,0.972,SPEAKER_02
really,361.771,361.971,0.833,SPEAKER_02
gotten,362.011,362.191,0.498,SPEAKER_02
to,362.211,362.271,0.746,SPEAKER_02
a,362.312,362.352,0.499,SPEAKER_02
place,362.392,362.572,0.775,SPEAKER_02
where,362.592,362.692,0.992,SPEAKER_02
I,362.712,362.752,0.85,SPEAKER_02
feel,362.792,362.892,0.464,SPEAKER_02
like,362.912,363.013,0.62,SPEAKER_02
we,363.033,363.113,0.93,SPEAKER_02
have,363.153,363.333,0.876,SPEAKER_02
a,363.373,363.433,0.332,SPEAKER_02
lot,363.473,363.573,0.962,SPEAKER_02
of,363.614,363.654,0.988,SPEAKER_02
respect,363.694,364.034,0.652,SPEAKER_02
for,364.074,364.154,0.846,SPEAKER_02
each,364.194,364.315,0.508,SPEAKER_02
other,364.375,364.515,0.714,SPEAKER_02
when,364.555,364.815,0.857,SPEAKER_02
talking,364.835,365.737,0.903,SPEAKER_02
about,365.797,365.977,0.761,SPEAKER_02
those,365.997,366.178,0.596,SPEAKER_02
things.,366.238,366.458,0.927,SPEAKER_02
Or,366.498,366.578,0.597,SPEAKER_02
it,366.618,366.658,1.0,SPEAKER_02
wasn't,366.698,366.939,0.75,SPEAKER_02
always,366.979,367.159,0.736,SPEAKER_02
like,367.239,367.359,0.779,SPEAKER_02
"that,",367.379,367.48,0.001,SPEAKER_02
because,367.5,367.64,0.474,SPEAKER_02
I,367.68,367.72,0.61,SPEAKER_02
would,367.74,367.86,0.629,SPEAKER_02
just,367.88,367.98,0.656,SPEAKER_02
get,368.02,368.141,0.942,SPEAKER_02
angry,368.241,368.481,0.834,SPEAKER_02
or,368.561,368.621,0.776,SPEAKER_02
upset,368.661,369.082,0.844,SPEAKER_02
"or,",369.182,369.242,0.963,SPEAKER_02
you,369.302,369.963,0.534,SPEAKER_02
"know,",370.004,370.164,0.635,SPEAKER_02
you,370.204,370.324,0.817,SPEAKER_02
don't,370.364,370.504,0.686,SPEAKER_02
fully,370.524,370.745,0.666,SPEAKER_02
understand,370.785,371.245,0.81,SPEAKER_02
this.,371.286,371.586,0.895,SPEAKER_02
But,372.588,372.768,0.991,SPEAKER_02
you've,372.808,373.068,0.792,SPEAKER_02
also,373.108,373.389,0.781,SPEAKER_02
become,373.429,373.93,0.737,SPEAKER_02
so,373.97,374.09,0.791,SPEAKER_02
open-minded,374.17,374.751,0.857,SPEAKER_02
too.,374.771,375.452,0.819,SPEAKER_02
So,375.871,376.051,0.736,SPEAKER_02
"yeah,",376.091,376.292,0.662,SPEAKER_02
I,376.412,376.632,0.846,SPEAKER_02
think,376.672,376.812,0.984,SPEAKER_02
that's,376.872,377.053,0.988,SPEAKER_02
the,377.073,377.133,0.985,SPEAKER_02
only,377.153,377.293,0.542,SPEAKER_02
thing,377.313,377.433,0.718,SPEAKER_02
I,377.473,377.493,0.66,SPEAKER_02
can,377.533,377.633,0.828,SPEAKER_02
really,377.693,377.854,0.772,SPEAKER_02
think,377.894,378.094,0.936,SPEAKER_02
of.,378.214,378.294,0.996,SPEAKER_02
I,378.374,378.434,0.979,SPEAKER_02
feel,378.474,378.635,0.784,SPEAKER_02
like,378.655,378.735,0.409,SPEAKER_02
besides,378.855,379.235,0.945,SPEAKER_02
"that,",379.296,379.436,0.944,SPEAKER_02
you,379.496,379.676,0.958,SPEAKER_02
understand,379.956,380.617,0.806,SPEAKER_02
me,380.677,380.777,0.869,SPEAKER_02
very,380.818,381.018,0.69,SPEAKER_02
"well,",381.078,381.278,0.894,SPEAKER_02
even,381.398,381.579,0.828,SPEAKER_02
in,381.619,381.959,0.893,SPEAKER_02
the,381.999,382.059,0.983,SPEAKER_02
areas,382.099,382.299,0.925,SPEAKER_02
that,382.34,382.44,0.972,SPEAKER_02
we,382.46,382.54,0.893,SPEAKER_02
are,382.62,382.72,0.988,SPEAKER_02
different.,382.76,383.221,0.749,SPEAKER_02
Yeah.,383.581,383.841,0.599,SPEAKER_01
Can,384.402,384.562,0.671,SPEAKER_01
I,384.602,384.663,0.871,SPEAKER_01
just,384.703,384.863,0.884,SPEAKER_01
answer,384.983,385.303,0.65,SPEAKER_01
my,385.323,385.363,0.497,SPEAKER_01
way?,386.084,386.265,0.928,SPEAKER_01
Yeah.,386.365,386.565,0.326,SPEAKER_01
"Okay,",386.585,386.785,0.462,SPEAKER_01
answer,386.805,387.006,0.802,SPEAKER_01
the,387.046,387.106,0.984,SPEAKER_01
question,387.126,387.386,0.678,SPEAKER_01
this,387.446,387.566,0.411,SPEAKER_01
way.,387.646,387.787,0.927,SPEAKER_01
One,388.167,388.247,0.408,SPEAKER_01
thing,388.267,388.428,0.778,SPEAKER_01
I,388.608,388.728,0.578,SPEAKER_01
still,388.788,389.008,0.765,SPEAKER_01
don't,389.048,389.249,0.432,SPEAKER_01
fully,389.649,389.909,0.963,SPEAKER_01
understand,389.97,390.53,0.806,SPEAKER_01
is,390.57,391.051,0.878,SPEAKER_01
"why,",391.171,391.492,0.857,SPEAKER_01
at,391.532,391.732,0.762,SPEAKER_01
such,391.792,391.972,0.833,SPEAKER_01
a,392.012,392.052,0.499,SPEAKER_01
young,392.112,392.313,0.708,SPEAKER_01
"age,",392.513,392.733,0.915,SPEAKER_01
you,392.793,392.913,0.943,SPEAKER_01
started,392.933,393.214,0.66,SPEAKER_01
gravitating,393.254,393.855,0.858,SPEAKER_01
to,394.195,394.295,0.918,SPEAKER_01
the,394.335,394.395,0.99,SPEAKER_01
black,394.435,394.636,0.876,SPEAKER_01
community.,394.676,395.176,0.885,SPEAKER_01
That,395.777,395.877,0.94,SPEAKER_01
will,395.897,396.038,0.78,SPEAKER_01
always,396.078,396.318,0.789,SPEAKER_01
be,396.398,396.598,0.894,SPEAKER_01
a,396.618,396.638,1.0,SPEAKER_01
curious,396.899,397.319,0.903,SPEAKER_01
thing,397.379,397.56,0.889,SPEAKER_01
for,397.62,397.74,0.881,SPEAKER_01
me.,397.78,397.9,0.996,SPEAKER_01
I,397.92,397.94,0.999,SPEAKER_01
almost,398.781,399.382,0.66,SPEAKER_01
feel,399.422,399.542,0.931,SPEAKER_01
like,399.582,399.682,0.672,SPEAKER_01
it,399.722,399.762,0.904,SPEAKER_01
was,399.823,400.083,0.653,SPEAKER_01
meant,400.143,400.323,0.764,SPEAKER_01
to,400.363,400.443,0.746,SPEAKER_01
"be,",400.483,400.664,0.891,SPEAKER_01
like,400.704,401.064,0.912,SPEAKER_01
it,401.104,401.164,0.477,SPEAKER_01
was,401.184,401.284,0.659,SPEAKER_01
part,401.324,401.505,0.883,SPEAKER_01
of,401.545,401.585,0.91,SPEAKER_01
your,401.625,401.745,0.892,SPEAKER_01
journey.,401.785,402.486,0.647,SPEAKER_01
"Yeah,",402.466,402.947,0.618,SPEAKER_01
I,402.967,402.987,0.987,SPEAKER_02
think,403.729,403.909,0.862,SPEAKER_02
it's,404.049,404.17,0.768,SPEAKER_02
hard,404.21,404.37,0.907,SPEAKER_02
for,404.41,404.49,0.836,SPEAKER_02
me,404.55,404.651,0.941,SPEAKER_02
to,404.691,404.751,0.986,SPEAKER_02
"understand,",404.811,405.232,0.845,SPEAKER_02
too.,405.272,405.572,0.912,SPEAKER_02
I,405.753,405.833,0.418,SPEAKER_02
think,405.873,406.675,0.968,SPEAKER_02
when,406.795,406.895,0.92,SPEAKER_02
I,406.955,406.995,0.985,SPEAKER_02
was,407.035,407.136,0.948,SPEAKER_02
"younger,",407.196,407.557,0.908,SPEAKER_02
"obviously,",407.597,408.138,0.304,SPEAKER_02
I,408.158,408.178,0.002,SPEAKER_02
was,408.198,408.258,0.32,SPEAKER_02
so,408.278,408.418,0.862,SPEAKER_02
misunderstood.,408.458,409.16,0.865,SPEAKER_02
And,409.2,409.561,0.716,SPEAKER_02
that,409.581,409.861,0.371,SPEAKER_02
was,409.881,409.942,0.528,SPEAKER_02
one,410.002,410.082,0.62,SPEAKER_02
of,410.102,410.142,0.505,SPEAKER_02
the,410.182,410.242,0.99,SPEAKER_02
darkest,410.262,410.543,0.844,SPEAKER_02
times,410.583,410.763,0.863,SPEAKER_02
of,410.803,410.843,0.64,SPEAKER_02
my,410.883,410.964,0.994,SPEAKER_02
"life,",411.004,411.204,0.923,SPEAKER_02
fourth,411.224,411.465,0.818,SPEAKER_02
grade.,411.485,411.725,0.589,SPEAKER_02
I,411.745,411.765,0.783,SPEAKER_02
"mean,",411.825,411.926,0.635,SPEAKER_02
I,411.946,411.986,0.725,SPEAKER_01
was,412.026,412.146,0.36,SPEAKER_01
being,412.186,412.346,0.685,SPEAKER_01
bullied.,412.467,413.048,0.759,SPEAKER_01
It,413.068,413.108,0.492,SPEAKER_01
was.,413.128,413.208,0.49,SPEAKER_01
"Remember,",413.248,413.449,0.236,SPEAKER_01
you,413.469,413.529,0.001,SPEAKER_01
didn't,413.549,413.669,0.164,SPEAKER_01
want,413.729,413.83,0.577,SPEAKER_01
to,413.85,413.91,0.534,SPEAKER_01
go,413.99,414.03,0.003,SPEAKER_01
to,414.05,414.09,0.396,SPEAKER_01
school.,414.11,414.551,0.483,SPEAKER_02
"Yeah,",414.571,414.671,0.286,SPEAKER_01
no.,414.812,414.952,0.913,SPEAKER_01
I,415.353,415.413,0.951,SPEAKER_01
was,415.453,415.573,0.962,SPEAKER_01
being,415.633,415.874,0.858,SPEAKER_02
bullied,416.355,416.716,0.788,SPEAKER_02
so,416.836,417.056,0.978,SPEAKER_02
brutally.,417.116,418.399,0.903,SPEAKER_02
And,418.379,418.96,0.929,SPEAKER_02
I,419.963,420.023,0.99,SPEAKER_02
was,420.043,420.143,0.837,SPEAKER_02
so,420.183,420.304,0.86,SPEAKER_02
misunderstood.,420.344,420.965,0.772,SPEAKER_02
And,421.005,421.085,0.687,SPEAKER_02
I,421.105,421.125,0.993,SPEAKER_02
think,421.206,421.366,0.899,SPEAKER_02
the,421.406,421.546,0.767,SPEAKER_02
people,421.627,421.947,0.786,SPEAKER_02
I,422.008,422.068,0.973,SPEAKER_02
met,422.168,422.328,0.842,SPEAKER_02
at,422.388,422.429,0.67,SPEAKER_02
the,422.449,422.589,0.655,SPEAKER_02
time,422.669,423.11,0.735,SPEAKER_02
who,423.13,423.19,0.317,SPEAKER_02
just,424.453,424.574,0.887,SPEAKER_02
so,424.614,424.734,0.998,SPEAKER_02
happened,424.814,425.175,0.829,SPEAKER_02
to,425.195,425.255,0.744,SPEAKER_02
be,425.295,425.376,0.7,SPEAKER_02
"black,",425.456,425.756,0.882,SPEAKER_02
"especially,",426.398,426.819,0.837,SPEAKER_02
I,426.859,426.899,0.775,SPEAKER_02
"mean,",426.919,427.18,0.534,SPEAKER_00
she,427.2,427.26,0.304,SPEAKER_00
impacted,427.501,427.901,0.907,SPEAKER_02
my,427.942,428.062,0.866,SPEAKER_02
life,428.122,428.282,0.866,SPEAKER_02
in,428.343,428.403,0.903,SPEAKER_02
a,428.423,428.463,0.496,SPEAKER_02
whole,428.503,428.743,0.548,SPEAKER_02
new,428.764,428.824,0.194,SPEAKER_02
level.,428.884,429.185,0.971,SPEAKER_02
Then,429.986,430.147,0.873,SPEAKER_02
she,430.207,430.307,0.998,SPEAKER_02
brought,430.347,430.528,0.743,SPEAKER_02
me,430.548,430.608,0.981,SPEAKER_02
around,430.668,430.848,0.9,SPEAKER_02
her,430.889,431.089,0.656,SPEAKER_02
family,431.169,431.45,0.908,SPEAKER_02
and,431.49,431.55,0.975,SPEAKER_02
her,431.59,431.71,0.835,SPEAKER_02
friends,431.771,431.991,0.768,SPEAKER_02
in,432.051,432.111,0.951,SPEAKER_02
her,432.152,432.232,0.982,SPEAKER_02
community.,432.312,432.833,0.927,SPEAKER_02
And,432.853,432.933,0.69,SPEAKER_02
I,433.014,433.074,0.845,SPEAKER_02
was,433.114,433.234,0.957,SPEAKER_02
just.,433.314,434.076,0.925,SPEAKER_02
completely,434.562,435.323,0.752,SPEAKER_02
engulfed,435.363,436.064,0.78,SPEAKER_02
in,436.144,436.204,0.983,SPEAKER_02
love,436.304,436.645,0.619,SPEAKER_02
and,437.226,437.326,0.676,SPEAKER_02
"support,",437.406,437.927,0.956,SPEAKER_02
and,438.087,438.167,0.946,SPEAKER_02
I,438.207,438.227,0.986,SPEAKER_02
felt,438.287,438.448,0.906,SPEAKER_02
so,438.528,438.708,0.998,SPEAKER_02
seen.,438.888,439.309,0.909,SPEAKER_02
And,440.23,440.31,0.978,SPEAKER_02
people,440.39,440.631,0.878,SPEAKER_02
that,440.671,440.791,0.913,SPEAKER_02
looked,440.851,441.091,0.822,SPEAKER_02
like,441.171,441.352,0.689,SPEAKER_02
me,441.432,441.612,0.764,SPEAKER_02
never,441.652,442.633,0.813,SPEAKER_02
saw,442.694,442.914,0.835,SPEAKER_02
me.,442.994,443.114,0.783,SPEAKER_02
I,443.134,443.154,0.999,SPEAKER_02
feel,443.875,444.035,0.879,SPEAKER_02
like,444.076,444.176,0.864,SPEAKER_02
I've,444.276,444.416,0.678,SPEAKER_02
always,444.616,444.857,0.734,SPEAKER_02
related,444.917,445.217,0.85,SPEAKER_02
to,445.257,445.337,0.739,SPEAKER_02
othered,445.377,445.918,0.752,SPEAKER_02
"people,",445.978,446.359,0.795,SPEAKER_02
because,446.88,447.12,0.839,SPEAKER_02
I,447.14,447.16,0.999,SPEAKER_02
was,447.44,447.561,0.786,SPEAKER_02
othered,447.661,447.881,0.808,SPEAKER_02
and,447.921,448.001,0.741,SPEAKER_02
ostracized,448.101,448.602,0.343,SPEAKER_01
so,448.622,448.662,0.014,SPEAKER_01
much.,448.682,448.782,0.054,SPEAKER_01
And,448.802,448.862,0.037,SPEAKER_01
I,448.882,448.902,0.017,SPEAKER_01
wasn't.,448.922,449.223,0.599,SPEAKER_01
So,449.243,449.303,0.696,SPEAKER_01
think,449.583,449.724,0.95,SPEAKER_01
about,449.764,449.904,0.809,SPEAKER_01
"it,",449.964,450.024,0.762,SPEAKER_01
you,450.044,450.124,0.997,SPEAKER_01
were,450.164,450.304,0.696,SPEAKER_01
born,450.344,450.625,0.825,SPEAKER_01
to,450.845,450.885,0.499,SPEAKER_01
a,451.847,451.867,0.897,SPEAKER_01
mother,451.947,452.227,0.906,SPEAKER_01
who,452.307,452.488,0.832,SPEAKER_01
totally,452.528,453.429,0.904,SPEAKER_01
kind,453.789,453.95,0.476,SPEAKER_01
of,453.97,454.05,0.35,SPEAKER_01
fit,454.07,454.23,0.875,SPEAKER_01
the,454.29,454.39,0.877,SPEAKER_01
mold.,454.45,454.731,0.557,SPEAKER_01
"Yeah,",454.751,455.091,0.695,SPEAKER_02
you,455.151,455.272,0.667,SPEAKER_02
were,455.312,455.452,0.825,SPEAKER_02
"skinny,",455.512,455.892,0.904,SPEAKER_02
you,455.952,456.053,0.85,SPEAKER_02
were,456.073,456.173,0.83,SPEAKER_02
"popular,",456.233,456.714,0.952,SPEAKER_02
you,456.754,456.874,0.73,SPEAKER_02
were,456.914,457.054,0.76,SPEAKER_02
a,457.074,457.395,0.929,SPEAKER_02
hippie,457.435,457.675,0.723,SPEAKER_02
girl,457.715,457.895,0.985,SPEAKER_02
with,457.995,458.075,0.182,SPEAKER_01
long,458.096,458.456,0.78,SPEAKER_01
"hair,",458.496,458.797,0.966,SPEAKER_01
you,458.857,458.997,0.616,SPEAKER_02
were,459.037,459.177,0.837,SPEAKER_02
"white,",459.217,459.518,0.766,SPEAKER_02
you,459.618,459.758,0.936,SPEAKER_02
were,459.798,460.359,0.529,SPEAKER_02
tan.,460.479,460.679,0.882,SPEAKER_01
I,461.04,461.1,0.841,SPEAKER_01
didn't,461.14,461.3,0.763,SPEAKER_01
have,461.34,461.42,0.869,SPEAKER_01
to,461.46,461.5,0.162,SPEAKER_01
worry.,461.56,462.662,0.934,SPEAKER_01
Then,462.642,462.922,0.824,SPEAKER_01
I,462.962,462.983,0.572,SPEAKER_01
was,463.043,463.143,0.351,SPEAKER_01
exposed,463.223,463.804,0.797,SPEAKER_01
through,463.864,464.084,0.68,SPEAKER_01
you,464.124,464.645,0.615,SPEAKER_01
to,464.845,464.945,0.859,SPEAKER_01
this,464.985,465.126,0.84,SPEAKER_01
concept,465.226,465.787,0.885,SPEAKER_01
"of,",466.087,466.187,0.963,SPEAKER_01
I,467.95,467.99,0.995,SPEAKER_01
need,468.03,468.17,0.8,SPEAKER_01
to,468.21,468.25,0.908,SPEAKER_01
find,468.29,468.491,0.816,SPEAKER_01
my,468.531,468.651,0.83,SPEAKER_01
people.,468.731,469.112,0.908,SPEAKER_01
And,469.152,470.153,0.622,SPEAKER_01
my,470.193,470.313,0.696,SPEAKER_01
people,470.374,470.654,0.834,SPEAKER_01
aren't,470.714,470.874,0.664,SPEAKER_01
your,470.914,471.075,0.815,SPEAKER_01
people.,471.135,471.455,0.824,SPEAKER_01
It's,472.096,472.176,0.812,SPEAKER_01
like,472.196,472.336,0.813,SPEAKER_01
this,472.356,472.497,0.773,SPEAKER_01
tribal,472.597,472.997,0.872,SPEAKER_01
"thing,",473.038,473.298,0.72,SPEAKER_01
kind,473.318,473.538,0.754,SPEAKER_01
of.,473.618,473.899,0.568,SPEAKER_01
And,473.939,473.999,0.809,SPEAKER_01
it,474.039,474.079,0.682,SPEAKER_01
was,474.119,474.199,0.704,SPEAKER_01
so,474.259,474.5,0.648,SPEAKER_01
scary,474.52,474.94,0.75,SPEAKER_01
for,475.0,475.121,0.83,SPEAKER_01
me,475.181,475.341,0.996,SPEAKER_01
and,475.481,475.581,0.745,SPEAKER_01
for,475.641,475.742,0.888,SPEAKER_01
dad.,475.782,476.162,0.924,SPEAKER_01
"Yeah,",476.242,476.403,0.765,SPEAKER_02
it,476.423,476.463,0.487,SPEAKER_02
was,476.523,476.603,0.823,SPEAKER_02
just,476.663,476.783,0.841,SPEAKER_02
very,477.444,477.644,0.864,SPEAKER_02
unknown,477.745,478.065,0.893,SPEAKER_02
for,478.125,478.245,0.824,SPEAKER_02
you.,478.285,478.426,0.867,SPEAKER_02
But,479.087,479.187,0.887,SPEAKER_02
I,479.207,479.227,0.991,SPEAKER_02
still...,479.267,480.769,0.898,SPEAKER_02
I,481.12,481.24,0.765,SPEAKER_02
don't,481.26,481.38,0.916,SPEAKER_02
"know,",481.4,481.601,0.462,SPEAKER_02
I,481.781,481.861,0.664,SPEAKER_02
give,481.901,482.042,0.951,SPEAKER_02
you,482.082,482.202,0.637,SPEAKER_02
both,482.242,482.683,0.915,SPEAKER_02
a,482.743,482.763,0.992,SPEAKER_02
lot,482.823,482.983,0.979,SPEAKER_02
of,483.023,483.063,0.952,SPEAKER_02
credit,483.103,483.504,0.789,SPEAKER_02
because,483.604,483.945,0.516,SPEAKER_02
even,484.005,484.947,0.43,SPEAKER_02
as,485.007,485.067,0.586,SPEAKER_02
a,485.167,485.608,0.427,SPEAKER_02
kid,485.648,485.828,0.985,SPEAKER_02
I,485.868,485.928,0.995,SPEAKER_02
gave,485.968,486.089,0.758,SPEAKER_02
you,486.129,486.229,0.663,SPEAKER_02
a,486.269,486.309,0.499,SPEAKER_02
hard,486.349,486.509,0.914,SPEAKER_02
time,486.569,486.83,0.85,SPEAKER_02
because,486.87,487.11,0.853,SPEAKER_02
you,487.15,487.23,0.5,SPEAKER_02
wouldn't,487.271,487.471,0.751,SPEAKER_02
let,487.491,487.591,0.784,SPEAKER_02
me,487.631,487.751,0.76,SPEAKER_02
go,488.172,488.312,0.994,SPEAKER_02
to,488.332,488.413,0.777,SPEAKER_02
certain,488.473,488.833,0.772,SPEAKER_02
neighborhoods,488.873,489.294,0.769,SPEAKER_02
because,489.354,489.554,0.768,SPEAKER_02
you,489.615,489.715,0.883,SPEAKER_02
felt,489.755,489.935,0.89,SPEAKER_02
it,489.975,490.015,0.5,SPEAKER_02
was,490.316,490.656,0.377,SPEAKER_02
unsafe,490.676,490.857,0.191,SPEAKER_00
or,490.877,490.917,0.192,SPEAKER_00
whatever.,490.937,491.117,0.023,SPEAKER_00
I,491.137,491.157,0.001,SPEAKER_00
was,491.177,491.237,0.0,SPEAKER_00
scared.,491.257,491.678,0.389,SPEAKER_00
Yeah.,491.698,491.979,0.597,SPEAKER_02
I,492.74,492.84,0.79,SPEAKER_02
still,493.281,493.501,0.741,SPEAKER_02
do,493.541,493.682,0.986,SPEAKER_02
think,493.722,493.902,0.983,SPEAKER_02
to,493.942,494.243,0.822,SPEAKER_02
a,494.283,494.303,0.999,SPEAKER_02
certain,494.343,494.603,0.734,SPEAKER_02
degree,494.623,494.904,0.67,SPEAKER_02
you,494.924,495.024,0.832,SPEAKER_02
allowed,495.084,495.364,0.935,SPEAKER_02
me,495.425,495.525,0.95,SPEAKER_02
to,495.605,495.825,0.838,SPEAKER_02
explore.,496.326,496.867,0.697,SPEAKER_02
And,496.927,496.987,0.987,SPEAKER_02
I,497.007,497.047,0.5,SPEAKER_02
think,497.087,497.248,0.725,SPEAKER_02
for,497.308,498.129,0.872,SPEAKER_02
"me,",498.209,498.47,0.976,SPEAKER_02
my,498.63,498.85,0.963,SPEAKER_02
"experience,",498.951,499.672,0.834,SPEAKER_02
I,500.553,500.593,0.884,SPEAKER_02
would,500.613,500.734,0.835,SPEAKER_02
have,500.754,500.834,0.984,SPEAKER_02
been,500.854,500.974,0.66,SPEAKER_02
such,501.014,501.395,0.772,SPEAKER_02
a,501.435,501.475,0.499,SPEAKER_02
different,501.535,501.796,0.779,SPEAKER_02
human,501.856,502.176,0.887,SPEAKER_02
if,502.216,502.296,0.925,SPEAKER_02
I,502.376,502.457,0.969,SPEAKER_02
stayed,502.557,502.978,0.869,SPEAKER_02
in,502.998,503.038,0.5,SPEAKER_02
white,504.24,504.48,0.906,SPEAKER_02
wealthy,504.54,504.841,0.871,SPEAKER_02
neighborhoods.,504.881,506.183,0.756,SPEAKER_02
I,506.163,506.444,0.716,SPEAKER_02
think,506.464,506.644,0.907,SPEAKER_02
that,506.684,506.824,0.981,SPEAKER_02
even,506.945,507.105,0.899,SPEAKER_02
my,507.165,507.285,0.994,SPEAKER_02
"friends,",507.385,507.906,0.74,SPEAKER_02
they,508.648,508.808,0.988,SPEAKER_02
just,508.848,509.029,0.616,SPEAKER_02
are,509.389,509.509,0.774,SPEAKER_02
in,509.55,509.63,0.813,SPEAKER_02
awe,509.73,509.83,0.866,SPEAKER_02
of,509.87,509.91,0.976,SPEAKER_02
me,509.97,510.071,0.966,SPEAKER_02
a,510.131,510.151,0.879,SPEAKER_02
"lot,",510.231,510.491,0.973,SPEAKER_02
of,510.511,510.551,0.992,SPEAKER_02
the,510.592,511.093,0.87,SPEAKER_02
empathy,511.153,511.493,0.91,SPEAKER_02
I,511.553,511.614,0.657,SPEAKER_02
have,511.674,512.034,0.861,SPEAKER_02
and,512.074,512.295,0.538,SPEAKER_02
the,512.335,512.555,0.538,SPEAKER_02
view,512.615,512.796,0.955,SPEAKER_02
of,512.856,512.896,0.999,SPEAKER_02
the,512.936,513.036,0.511,SPEAKER_02
"world,",513.076,513.317,0.809,SPEAKER_02
how,513.337,513.457,0.996,SPEAKER_02
cultured,513.577,514.038,0.787,SPEAKER_02
I,514.138,514.199,0.899,SPEAKER_02
"am,",514.399,514.499,0.986,SPEAKER_02
because,514.559,515.22,0.735,SPEAKER_02
I,515.301,515.341,0.977,SPEAKER_02
have,515.401,515.541,0.987,SPEAKER_02
friends,515.641,516.002,0.69,SPEAKER_02
literally,516.904,517.284,0.871,SPEAKER_02
from,517.365,517.505,0.95,SPEAKER_02
all,517.525,517.785,0.734,SPEAKER_02
over,517.866,517.986,0.858,SPEAKER_02
the,518.026,518.086,0.736,SPEAKER_02
world.,518.146,518.547,0.789,SPEAKER_02
But,518.868,518.968,0.908,SPEAKER_02
I,519.148,519.208,0.601,SPEAKER_02
"mean,",519.248,519.409,0.888,SPEAKER_02
I,519.469,519.509,0.873,SPEAKER_02
feel,519.569,519.729,0.857,SPEAKER_02
like,519.749,519.869,0.804,SPEAKER_02
my,520.03,520.23,0.999,SPEAKER_02
life,520.31,520.491,0.855,SPEAKER_02
"experience,",520.551,521.172,0.757,SPEAKER_02
my,521.212,521.312,0.978,SPEAKER_02
childhood,521.372,521.733,0.873,SPEAKER_02
experience,521.773,522.274,0.657,SPEAKER_02
was,522.635,522.755,0.792,SPEAKER_02
a,522.815,522.835,0.986,SPEAKER_02
blessing,522.875,523.216,0.883,SPEAKER_02
for,523.256,523.376,0.915,SPEAKER_02
you,523.416,523.537,0.956,SPEAKER_02
"too,",523.597,523.817,0.851,SPEAKER_02
because,523.917,524.058,0.523,SPEAKER_00
it,524.098,524.138,0.994,SPEAKER_00
completely,524.178,524.639,0.634,SPEAKER_00
opened,524.819,525.059,0.614,SPEAKER_00
your,525.1,525.26,0.973,SPEAKER_00
eyes.,525.44,525.58,0.727,SPEAKER_00
It,525.681,525.981,0.611,SPEAKER_02
was.,526.302,526.382,0.488,SPEAKER_02
You're,526.362,526.642,0.63,SPEAKER_02
so,526.783,527.023,0.918,SPEAKER_02
empathetic,527.103,527.604,0.86,SPEAKER_02
now,527.684,527.824,0.995,SPEAKER_02
to,527.864,528.004,0.67,SPEAKER_02
people,528.044,528.305,0.778,SPEAKER_02
of,528.365,528.405,0.999,SPEAKER_02
all,528.625,528.745,0.77,SPEAKER_02
different,528.785,529.106,0.865,SPEAKER_02
backgrounds.,529.146,529.726,0.84,SPEAKER_02
And,529.847,529.967,0.791,SPEAKER_02
that's,531.028,531.288,0.846,SPEAKER_02
such,531.669,531.849,0.868,SPEAKER_02
a,531.889,531.909,0.091,SPEAKER_02
beautiful,531.969,532.31,0.8,SPEAKER_02
thing,532.35,532.51,0.854,SPEAKER_02
because,532.57,532.77,0.799,SPEAKER_02
there,532.79,532.89,0.973,SPEAKER_02
are,532.93,533.051,0.496,SPEAKER_02
so,533.271,533.491,0.843,SPEAKER_02
many,533.551,533.732,0.858,SPEAKER_02
people,533.772,534.052,0.586,SPEAKER_02
in,534.132,534.172,0.948,SPEAKER_02
your,534.212,534.332,0.998,SPEAKER_02
"position,",534.372,534.833,0.905,SPEAKER_02
"racially,",534.893,535.714,0.961,SPEAKER_02
"financially,",535.754,536.295,0.767,SPEAKER_02
that,536.555,536.675,0.43,SPEAKER_02
would,536.715,536.836,0.978,SPEAKER_02
not,536.896,537.016,0.984,SPEAKER_02
even,537.076,537.236,0.549,SPEAKER_02
give,537.336,537.556,0.715,SPEAKER_02
a,537.597,537.737,0.708,SPEAKER_02
second,537.877,538.217,0.878,SPEAKER_02
thought,538.337,538.618,0.707,SPEAKER_02
to,538.658,538.818,0.752,SPEAKER_02
a,538.838,538.858,1.0,SPEAKER_02
person,539.018,539.319,0.902,SPEAKER_02
of,539.359,539.399,1.0,SPEAKER_02
color,539.459,539.719,0.774,SPEAKER_02
and,539.759,539.819,0.862,SPEAKER_02
what,539.859,539.96,0.998,SPEAKER_02
they,539.98,540.12,0.589,SPEAKER_02
go,540.16,540.28,0.855,SPEAKER_02
"through,",540.32,540.5,0.811,SPEAKER_02
or,540.56,540.64,0.938,SPEAKER_02
an,540.701,540.741,0.971,SPEAKER_02
impoverished,540.801,541.281,0.835,SPEAKER_02
"person,",541.301,541.582,0.859,SPEAKER_02
or,541.622,541.682,0.81,SPEAKER_02
an,541.722,541.762,0.901,SPEAKER_02
oppressed,541.802,542.162,0.843,SPEAKER_02
person.,542.222,542.603,0.783,SPEAKER_02
If,542.883,542.923,0.995,SPEAKER_02
you,542.963,543.044,0.825,SPEAKER_02
don't,543.084,543.224,0.683,SPEAKER_02
know,543.484,543.724,0.618,SPEAKER_02
people,543.845,544.125,0.777,SPEAKER_02
in,544.185,544.225,0.836,SPEAKER_02
these,544.285,544.405,0.897,SPEAKER_02
"communities,",544.465,544.806,0.645,SPEAKER_02
you,544.826,544.886,0.999,SPEAKER_02
don't,544.926,545.046,0.899,SPEAKER_02
know,545.086,545.206,0.875,SPEAKER_02
what,545.246,545.347,0.91,SPEAKER_02
is,545.587,545.667,0.67,SPEAKER_02
actually,545.747,546.007,0.788,SPEAKER_02
going,546.067,546.288,0.743,SPEAKER_02
on.,546.388,546.468,0.868,SPEAKER_01
True.,546.608,547.089,0.359,SPEAKER_01
And,547.109,547.189,0.849,SPEAKER_01
that's,547.209,547.389,0.899,SPEAKER_01
the,547.449,547.529,0.949,SPEAKER_02
problem.,547.569,548.15,0.91,SPEAKER_02
True.,548.29,548.791,0.337,SPEAKER_01
"Yeah,",548.811,548.931,0.24,SPEAKER_01
I,548.951,549.011,0.908,SPEAKER_01
made,549.071,549.212,0.948,SPEAKER_01
assumptions.,549.272,549.712,0.825,SPEAKER_01
"Yeah,",550.033,550.173,0.651,SPEAKER_02
yeah.,550.293,550.553,0.675,SPEAKER_02
For,550.653,550.794,0.795,SPEAKER_02
sure.,550.814,551.034,0.884,SPEAKER_02
When,552.596,552.716,0.619,SPEAKER_02
are,552.756,552.836,0.684,SPEAKER_02
you,552.876,552.956,0.684,SPEAKER_02
most,553.016,553.197,0.746,SPEAKER_02
concerned,553.257,553.657,0.828,SPEAKER_02
for,553.697,553.797,0.907,SPEAKER_02
me,553.858,553.978,0.73,SPEAKER_02
and,554.038,554.118,0.891,SPEAKER_02
why?,554.158,555.019,0.935,SPEAKER_02
When,555.505,556.647,0.583,SPEAKER_02
are,556.767,556.848,0.963,SPEAKER_01
you,556.888,556.968,0.909,SPEAKER_01
most,557.108,557.188,0.402,SPEAKER_01
concerned,557.248,557.629,0.674,SPEAKER_01
for,557.669,557.849,0.525,SPEAKER_01
me,557.89,558.11,0.768,SPEAKER_01
and,558.431,559.432,0.74,SPEAKER_01
why?,562.578,562.659,0.369,SPEAKER_01
When,564.282,564.402,0.527,SPEAKER_01
you,564.442,564.562,0.578,SPEAKER_01
call,564.602,564.843,0.919,SPEAKER_01
me,564.903,564.983,0.946,SPEAKER_01
and,565.063,565.123,0.988,SPEAKER_01
you're,565.143,565.304,0.905,SPEAKER_01
really,565.324,565.544,0.851,SPEAKER_01
sad,565.624,565.985,0.99,SPEAKER_01
and,566.005,566.065,0.331,SPEAKER_01
you'll,567.488,567.648,0.964,SPEAKER_01
say,567.668,567.868,0.467,SPEAKER_01
I'm,567.888,567.949,0.327,SPEAKER_01
so,568.009,568.169,0.854,SPEAKER_01
"lonely,",568.229,568.77,0.939,SPEAKER_01
I,568.79,568.81,1.0,SPEAKER_01
feel,569.632,569.812,0.886,SPEAKER_01
so,569.872,570.033,0.98,SPEAKER_01
alone.,570.053,572.417,0.858,SPEAKER_01
It,576.059,576.219,0.696,SPEAKER_01
used,576.28,576.42,0.89,SPEAKER_01
to,576.44,576.5,0.75,SPEAKER_01
be,576.54,576.621,0.989,SPEAKER_01
when,576.661,576.741,0.877,SPEAKER_01
you,576.781,576.961,0.819,SPEAKER_01
have,577.322,577.443,0.953,SPEAKER_01
panic,577.503,577.804,0.885,SPEAKER_01
"attacks,",577.864,578.285,0.972,SPEAKER_01
but,578.325,578.446,0.984,SPEAKER_01
now,578.486,578.666,0.748,SPEAKER_01
luckily,578.726,579.107,0.927,SPEAKER_01
that's,579.147,579.589,0.909,SPEAKER_01
not,579.629,579.749,0.82,SPEAKER_01
happening,579.829,580.271,0.912,SPEAKER_01
anymore.,580.351,580.772,0.895,SPEAKER_01
But,580.812,583.038,0.942,SPEAKER_01
now,583.62,583.74,0.784,SPEAKER_01
it's,583.82,583.941,0.606,SPEAKER_01
"more,",584.001,584.261,0.875,SPEAKER_01
you,584.282,584.342,0.334,SPEAKER_01
"know,",584.642,584.823,0.319,SPEAKER_01
I,584.943,585.003,0.997,SPEAKER_01
feel,585.044,585.244,0.829,SPEAKER_01
so,585.284,585.465,0.972,SPEAKER_01
alone,585.525,585.926,0.896,SPEAKER_01
and,585.946,586.006,0.333,SPEAKER_01
I,586.447,586.488,0.912,SPEAKER_01
feel,586.528,586.728,0.981,SPEAKER_01
so,586.768,586.929,0.966,SPEAKER_01
sad.,586.989,589.596,0.973,SPEAKER_01
It's,590.977,591.197,0.702,SPEAKER_01
not,591.238,591.398,0.927,SPEAKER_01
really,591.498,591.739,0.883,SPEAKER_01
"worry,",591.779,592.26,0.919,SPEAKER_01
though.,592.3,592.5,0.834,SPEAKER_01
It's,592.54,592.641,0.834,SPEAKER_01
more,592.721,592.921,0.968,SPEAKER_01
that,592.981,593.122,0.862,SPEAKER_01
I,593.162,593.182,0.565,SPEAKER_01
want,593.242,593.382,0.767,SPEAKER_01
to,593.402,593.482,0.706,SPEAKER_01
fix,593.522,593.783,0.9,SPEAKER_01
it.,593.903,593.963,0.88,SPEAKER_01
I,594.024,594.464,0.908,SPEAKER_01
want,594.505,594.645,0.868,SPEAKER_01
to,594.665,594.745,0.735,SPEAKER_01
do,594.825,594.925,0.99,SPEAKER_01
something,595.006,595.306,0.805,SPEAKER_01
to,595.346,595.407,0.774,SPEAKER_01
take,595.467,595.647,0.818,SPEAKER_01
away,595.687,595.827,0.757,SPEAKER_01
your,595.888,595.988,0.705,SPEAKER_01
sadness.,596.028,596.509,0.907,SPEAKER_01
"Deb,",596.91,597.17,0.689,SPEAKER_01
for,597.271,597.371,0.877,SPEAKER_01
any,597.451,597.591,0.722,SPEAKER_01
"parent,",597.671,598.112,0.948,SPEAKER_01
it's,598.273,598.413,0.77,SPEAKER_01
really,598.674,599.094,0.874,SPEAKER_01
"hard,",599.175,599.575,0.849,SPEAKER_01
no,599.916,599.996,0.979,SPEAKER_00
matter,600.016,600.217,0.812,SPEAKER_01
how,600.257,600.578,0.76,SPEAKER_01
old,600.698,600.838,0.707,SPEAKER_01
your,600.878,600.999,0.916,SPEAKER_01
child,601.039,601.319,0.81,SPEAKER_01
"is,",601.46,601.58,0.949,SPEAKER_01
just,602.742,602.963,0.81,SPEAKER_01
to,603.023,603.123,0.973,SPEAKER_01
feel,603.243,603.504,0.884,SPEAKER_01
you,603.564,603.684,0.725,SPEAKER_01
can't,603.764,604.045,0.722,SPEAKER_01
take,604.105,604.266,0.772,SPEAKER_01
away,604.306,604.466,0.673,SPEAKER_01
pain,604.506,604.947,0.555,SPEAKER_01
or,605.027,605.087,0.944,SPEAKER_01
help,605.127,605.408,0.888,SPEAKER_01
them.,605.468,606.37,0.936,SPEAKER_01
in,606.35,606.57,0.901,SPEAKER_01
some,606.63,606.811,0.67,SPEAKER_01
way.,606.871,607.111,0.9,SPEAKER_01
But,607.271,607.331,0.133,SPEAKER_01
you,607.351,607.451,0.609,SPEAKER_01
are,607.591,607.672,0.883,SPEAKER_01
helping,607.712,608.072,0.835,SPEAKER_01
me.,608.132,608.292,0.909,SPEAKER_02
That's,608.412,608.573,0.944,SPEAKER_02
what,608.593,608.713,0.504,SPEAKER_02
I,608.733,608.773,0.386,SPEAKER_02
want,608.813,608.993,0.708,SPEAKER_02
you,609.013,609.113,0.207,SPEAKER_02
to,609.133,609.193,0.75,SPEAKER_02
always,609.213,609.394,0.666,SPEAKER_02
"see,",609.454,609.614,0.975,SPEAKER_02
"like,",609.654,609.814,0.981,SPEAKER_02
I'm,610.355,610.475,0.963,SPEAKER_02
so,610.535,610.695,0.87,SPEAKER_02
"lonely,",610.775,611.116,0.786,SPEAKER_02
I'm,611.156,611.316,0.636,SPEAKER_02
so,611.376,611.536,0.81,SPEAKER_02
"sad,",611.596,611.877,0.914,SPEAKER_02
I'm,611.917,612.037,0.701,SPEAKER_02
calling,612.077,612.357,0.933,SPEAKER_02
you,612.397,612.477,0.958,SPEAKER_02
"crying,",612.517,612.898,0.838,SPEAKER_02
but,613.138,613.218,0.99,SPEAKER_02
I'm,613.238,613.358,0.829,SPEAKER_02
calling,613.398,613.739,0.941,SPEAKER_02
you.,613.779,614.019,0.82,SPEAKER_02
Right.,614.039,614.78,0.32,SPEAKER_02
Because,614.84,614.98,0.259,SPEAKER_01
literally,615.04,615.361,0.806,SPEAKER_02
just,615.441,615.621,0.937,SPEAKER_02
your,615.641,615.821,0.808,SPEAKER_02
presence,615.921,616.362,0.89,SPEAKER_02
and,616.422,616.482,0.835,SPEAKER_02
your,616.522,616.662,0.97,SPEAKER_02
ability,616.702,617.103,0.823,SPEAKER_02
to,617.123,617.223,0.832,SPEAKER_02
just,617.283,617.423,0.996,SPEAKER_02
listen,617.603,617.984,0.929,SPEAKER_02
to,618.024,618.104,0.778,SPEAKER_02
me,618.164,618.304,0.823,SPEAKER_02
and,618.324,618.384,0.333,SPEAKER_02
to,618.985,619.085,0.923,SPEAKER_02
just,619.125,619.265,0.989,SPEAKER_02
"be,",619.365,619.666,0.899,SPEAKER_02
not,619.786,619.966,0.639,SPEAKER_02
fix,620.046,620.326,0.905,SPEAKER_01
it.,620.447,620.507,0.893,SPEAKER_01
"Well,",621.127,621.288,0.909,SPEAKER_01
that's,621.308,621.468,0.995,SPEAKER_01
what,621.488,621.588,0.858,SPEAKER_01
I,621.608,621.628,0.029,SPEAKER_01
have,621.688,621.788,0.372,SPEAKER_01
to,621.808,621.868,0.857,SPEAKER_01
remember,621.908,622.289,0.876,SPEAKER_01
because,622.469,622.629,0.263,SPEAKER_01
sometimes,623.07,623.45,0.861,SPEAKER_01
I'll,623.53,623.63,0.136,SPEAKER_01
start,623.65,623.911,0.675,SPEAKER_01
"saying,",623.991,624.131,0.416,SPEAKER_01
"well,",624.151,624.571,0.887,SPEAKER_01
call,624.591,624.752,0.869,SPEAKER_01
this,624.792,624.912,0.784,SPEAKER_01
"person,",624.952,625.232,0.946,SPEAKER_01
do,625.252,625.452,0.678,SPEAKER_01
"that,",625.513,625.853,0.58,SPEAKER_01
do,625.873,625.913,0.19,SPEAKER_01
"this,",625.933,626.093,0.291,SPEAKER_01
and,626.113,626.193,0.275,SPEAKER_01
then,626.313,626.394,0.002,SPEAKER_01
you,626.414,626.494,0.418,SPEAKER_01
"go,",626.514,627.114,0.798,SPEAKER_01
"Mom,",627.535,627.615,0.25,
Take,627.73,627.97,0.793,SPEAKER_01
a,628.01,628.03,0.68,SPEAKER_01
breath.,628.07,629.612,0.805,SPEAKER_01
Just,630.393,630.654,0.907,SPEAKER_02
listen,630.774,631.154,0.865,SPEAKER_02
to,631.174,631.214,0.492,SPEAKER_02
me.,631.395,631.575,0.858,SPEAKER_02
I,631.775,631.795,0.984,SPEAKER_02
don't,631.835,631.995,0.776,SPEAKER_02
need,632.055,632.236,0.941,SPEAKER_02
you,632.276,632.376,0.549,SPEAKER_02
to,632.416,632.476,0.743,SPEAKER_02
be,632.536,632.636,0.954,SPEAKER_02
a,632.676,632.696,0.971,SPEAKER_02
fixer.,632.756,633.137,0.985,SPEAKER_02
I,633.197,633.277,0.726,SPEAKER_02
need,633.317,633.477,0.869,SPEAKER_02
you,633.517,633.597,0.994,SPEAKER_02
to,633.617,633.657,0.577,SPEAKER_02
just,633.718,633.858,0.982,SPEAKER_02
be,633.898,634.018,0.955,SPEAKER_02
support.,634.058,634.459,0.909,SPEAKER_02
I,634.499,634.559,0.362,SPEAKER_02
need,634.579,634.679,0.313,SPEAKER_02
you,634.699,634.779,0.839,SPEAKER_02
to,634.799,634.839,0.307,SPEAKER_02
be,634.879,634.979,0.678,SPEAKER_02
an,635.019,635.059,0.922,SPEAKER_02
ear.,635.239,635.44,0.932,SPEAKER_02
I,636.201,636.281,0.933,SPEAKER_02
just,636.321,636.401,0.983,SPEAKER_02
need,636.441,636.561,0.757,SPEAKER_02
your,636.581,636.721,0.825,SPEAKER_02
"heart,",636.781,637.022,0.836,SPEAKER_02
your,637.082,637.222,0.842,SPEAKER_02
"energy,",637.302,637.823,0.917,SPEAKER_02
the,638.043,638.123,0.681,SPEAKER_02
warmth,638.183,638.484,0.73,SPEAKER_02
you,638.504,638.644,0.73,SPEAKER_02
have,638.684,638.904,0.945,SPEAKER_02
as,638.964,639.024,0.651,SPEAKER_02
being,639.084,639.305,0.809,SPEAKER_02
my,639.365,639.485,0.914,SPEAKER_02
mom.,639.525,639.885,0.89,SPEAKER_02
Yeah.,640.106,640.386,0.598,SPEAKER_02
Yeah.,640.486,640.807,0.684,SPEAKER_02
That's,640.887,641.027,0.967,SPEAKER_02
a,641.067,641.107,0.456,SPEAKER_02
really,641.127,641.327,0.398,SPEAKER_02
good,641.347,641.427,0.248,SPEAKER_02
lesson,641.447,641.748,0.973,SPEAKER_02
for,641.788,641.908,0.838,SPEAKER_02
me.,641.928,642.088,0.78,SPEAKER_02
Yeah.,642.108,642.409,0.765,SPEAKER_01
Yeah.,643.43,643.67,0.645,SPEAKER_01
So,644.011,644.151,0.546,SPEAKER_01
while,644.171,644.311,0.492,SPEAKER_01
I'm,644.351,644.431,0.767,SPEAKER_01
helping,644.491,644.772,0.925,SPEAKER_01
"you,",644.832,645.092,0.98,SPEAKER_01
I'm,645.533,645.633,0.827,SPEAKER_01
learning,645.733,646.013,0.855,SPEAKER_01
something.,647.215,647.415,0.001,SPEAKER_01
"Hey,",647.435,647.595,0.877,SPEAKER_01
we're,647.755,647.916,0.258,SPEAKER_01
a,647.956,648.016,0.489,SPEAKER_01
two-way,648.056,648.436,0.854,SPEAKER_01
street.,648.456,648.917,0.791,SPEAKER_01
I,649.057,649.137,0.842,SPEAKER_01
know.,649.177,649.417,0.96,SPEAKER_01
"Oh,",650.539,650.639,0.916,SPEAKER_01
OK.,650.879,651.18,0.698,SPEAKER_01
What's,651.62,651.861,0.898,SPEAKER_01
the,651.901,652.041,0.669,SPEAKER_01
pain,652.101,652.501,0.813,SPEAKER_01
in,652.561,652.642,0.984,SPEAKER_01
me,652.702,652.922,0.925,SPEAKER_01
you,652.982,653.062,0.287,SPEAKER_01
wish,653.162,653.362,0.943,SPEAKER_01
you,653.402,653.503,0.947,SPEAKER_01
could,653.543,653.683,0.685,SPEAKER_01
heal,653.763,654.123,0.837,SPEAKER_01
and,654.163,654.724,0.867,SPEAKER_01
why?,654.784,655.425,0.813,SPEAKER_01
There's,659.118,659.378,0.562,SPEAKER_02
so,659.418,659.579,0.988,SPEAKER_02
much.,659.639,659.919,0.797,SPEAKER_02
Definitely,663.042,663.303,0.143,SPEAKER_02
in,663.323,663.403,0.734,SPEAKER_02
your,663.443,663.543,0.95,SPEAKER_02
"childhood,",663.583,664.144,0.818,SPEAKER_02
losing,665.365,665.625,0.941,SPEAKER_02
your,665.665,665.786,0.833,SPEAKER_02
mom.,665.806,666.166,0.942,SPEAKER_02
That's,667.067,667.247,0.857,SPEAKER_02
something,667.287,667.588,0.774,SPEAKER_02
that,667.628,667.768,0.852,SPEAKER_02
I,667.908,668.048,0.421,SPEAKER_02
feel.,668.929,669.229,0.854,SPEAKER_02
You,669.41,669.51,0.825,SPEAKER_02
know,669.55,669.65,0.527,SPEAKER_02
how,669.67,669.73,0.0,SPEAKER_02
they,669.75,669.89,0.917,SPEAKER_02
say,669.97,670.211,0.84,SPEAKER_02
generational,672.153,672.834,0.908,SPEAKER_02
trauma?,672.874,674.616,0.882,SPEAKER_02
I,674.956,675.036,0.997,SPEAKER_02
feel,675.216,675.657,0.787,SPEAKER_02
the,675.697,676.197,0.837,SPEAKER_02
pain,676.257,676.538,0.836,SPEAKER_02
of,676.578,676.638,0.952,SPEAKER_02
the,676.678,676.758,0.813,SPEAKER_02
loss,676.818,677.038,0.828,SPEAKER_02
of,677.098,677.138,1.0,SPEAKER_02
your,677.178,677.319,0.74,SPEAKER_02
mom.,677.339,677.679,0.901,SPEAKER_02
Losing,677.839,678.12,0.621,SPEAKER_02
her,678.16,678.26,0.9,SPEAKER_02
"twice,",678.32,678.78,0.793,SPEAKER_02
I,678.86,678.9,0.943,SPEAKER_02
"mean,",678.94,679.121,0.782,SPEAKER_02
to,679.221,679.501,0.924,SPEAKER_02
her,680.262,680.362,0.615,SPEAKER_02
first,680.422,680.642,0.908,SPEAKER_02
brain,680.682,680.923,0.698,SPEAKER_02
"aneurysm,",680.943,681.543,0.855,SPEAKER_02
and,681.804,681.904,0.837,SPEAKER_02
then,681.924,682.044,0.967,SPEAKER_02
living,682.084,682.324,0.908,SPEAKER_02
with,682.364,682.464,0.92,SPEAKER_02
a,682.525,682.545,0.984,SPEAKER_02
different,682.625,682.925,0.897,SPEAKER_02
"mom,",682.965,683.345,0.931,SPEAKER_02
and,684.186,684.287,0.93,SPEAKER_02
then,684.327,684.487,0.85,SPEAKER_02
losing,684.567,684.867,0.726,SPEAKER_02
her,684.907,685.007,0.957,SPEAKER_02
in,685.047,685.087,0.996,SPEAKER_02
your,685.127,685.248,0.668,SPEAKER_02
20s.,685.268,686.509,0.86,SPEAKER_02
"permanently,",686.489,687.21,0.849,SPEAKER_02
just,687.25,688.592,0.648,SPEAKER_02
like,688.813,688.953,0.901,SPEAKER_02
you,688.993,689.093,0.887,SPEAKER_02
experience,689.133,689.594,0.858,SPEAKER_02
so,689.714,689.875,0.899,SPEAKER_02
much,689.935,690.115,0.773,SPEAKER_02
trauma,690.155,690.696,0.834,SPEAKER_02
at,690.816,690.876,0.896,SPEAKER_02
such,690.956,691.137,0.824,SPEAKER_02
a,691.177,691.217,0.5,SPEAKER_02
young,691.277,691.477,0.828,SPEAKER_02
age.,691.637,691.878,0.903,SPEAKER_02
And,691.938,692.018,0.741,SPEAKER_02
as,692.318,692.439,0.65,SPEAKER_02
the,692.479,693.04,0.869,SPEAKER_02
daughter,693.12,693.52,0.735,SPEAKER_02
of,693.601,693.641,0.998,SPEAKER_02
a,693.681,693.741,0.333,SPEAKER_02
"mother,",693.801,694.101,0.799,SPEAKER_02
you,694.141,694.302,0.746,SPEAKER_02
don't,694.342,694.502,0.666,SPEAKER_02
realize,694.562,694.903,0.929,SPEAKER_02
that,694.923,695.043,0.663,SPEAKER_02
until,695.103,695.283,0.748,SPEAKER_02
you're,695.303,695.424,0.681,SPEAKER_02
an,695.444,695.484,0.686,SPEAKER_02
adult.,695.544,695.904,0.913,SPEAKER_02
As,696.345,696.445,0.98,SPEAKER_02
I,696.585,696.666,0.906,SPEAKER_02
got,696.766,697.226,0.761,SPEAKER_02
"older,",697.387,697.667,0.888,SPEAKER_02
I,697.687,697.707,0.999,SPEAKER_02
was,698.168,698.248,0.835,SPEAKER_02
able,698.408,698.629,0.725,SPEAKER_02
to,698.669,698.769,0.625,SPEAKER_02
see,698.929,699.23,0.907,SPEAKER_02
"you,",699.25,699.33,0.5,SPEAKER_02
not,700.291,700.432,0.859,SPEAKER_02
as,701.594,701.654,0.918,SPEAKER_02
my,701.694,701.814,0.975,SPEAKER_02
"mom,",701.874,702.295,0.93,SPEAKER_02
but,702.355,702.435,0.672,SPEAKER_02
just,702.495,702.595,0.753,SPEAKER_02
as,702.675,702.735,0.97,SPEAKER_02
a,702.755,702.775,0.982,SPEAKER_02
human,702.936,703.376,0.923,SPEAKER_02
living,703.617,703.877,0.833,SPEAKER_02
in,703.937,703.977,0.998,SPEAKER_02
this,704.018,704.158,0.651,SPEAKER_02
world.,704.218,704.578,0.746,SPEAKER_02
And,704.819,705.861,0.932,SPEAKER_02
it,705.921,705.961,0.962,SPEAKER_02
allowed,706.041,706.441,0.914,SPEAKER_02
me,706.502,706.622,0.873,SPEAKER_02
to,706.722,706.942,0.767,SPEAKER_02
have,706.982,707.223,0.858,SPEAKER_02
a,707.263,707.283,0.002,SPEAKER_02
lot,707.343,707.503,0.901,SPEAKER_02
of,707.543,707.583,0.999,SPEAKER_02
empathy,707.623,708.485,0.737,SPEAKER_02
for,708.565,708.685,0.799,SPEAKER_02
you,708.745,708.925,0.724,SPEAKER_02
and,708.946,709.006,0.333,SPEAKER_02
understanding.,709.486,710.488,0.811,SPEAKER_02
And,712.055,712.215,0.865,SPEAKER_02
I,712.255,712.316,0.92,SPEAKER_02
think,712.396,712.596,0.93,SPEAKER_02
it,712.857,712.917,0.872,SPEAKER_02
changed,712.957,713.238,0.859,SPEAKER_02
my,713.278,713.418,0.778,SPEAKER_02
mindset.,713.478,713.959,0.752,SPEAKER_02
You,713.979,714.059,0.79,SPEAKER_02
"know,",714.079,714.2,0.92,SPEAKER_02
that's,714.22,714.36,0.902,SPEAKER_02
when,714.4,714.52,0.946,SPEAKER_02
you,714.54,714.681,0.94,SPEAKER_02
go,714.721,714.901,0.716,SPEAKER_02
from,714.941,715.142,0.709,SPEAKER_02
like,715.202,715.362,0.868,SPEAKER_02
a,715.442,715.462,0.587,SPEAKER_02
kid,715.563,715.964,0.895,SPEAKER_02
to,716.084,716.204,0.846,SPEAKER_02
an,716.224,716.284,0.254,SPEAKER_02
adult,716.344,716.845,0.79,SPEAKER_02
and,716.946,717.126,0.841,SPEAKER_02
you,717.326,717.407,0.998,SPEAKER_02
can,717.427,717.567,0.905,SPEAKER_02
have,717.687,717.888,0.947,SPEAKER_02
this,717.948,718.088,0.832,SPEAKER_02
more,718.148,718.389,0.834,SPEAKER_02
friendship,718.429,719.511,0.666,SPEAKER_02
relationship.,719.692,720.373,0.894,SPEAKER_02
And,720.413,720.473,0.95,SPEAKER_02
I,720.493,720.513,0.808,SPEAKER_02
always,720.533,720.774,0.799,SPEAKER_02
think,720.834,721.015,0.937,SPEAKER_02
about,721.075,721.295,0.971,SPEAKER_02
these,721.676,721.816,0.78,SPEAKER_02
are,721.876,721.957,0.763,SPEAKER_02
the,721.997,722.057,0.994,SPEAKER_02
years,722.097,722.257,0.891,SPEAKER_02
you,722.297,722.398,0.855,SPEAKER_02
didn't,722.438,722.638,0.883,SPEAKER_02
get,722.658,722.778,0.881,SPEAKER_02
with,722.838,722.939,0.877,SPEAKER_02
your,722.979,723.139,0.821,SPEAKER_02
mom.,723.179,723.46,0.804,SPEAKER_02
I,723.56,723.6,0.913,SPEAKER_02
was,723.62,723.7,0.707,SPEAKER_02
just,723.74,723.861,0.848,SPEAKER_02
gonna,723.881,724.041,0.47,SPEAKER_02
"say,",724.061,724.222,0.774,SPEAKER_02
I,724.242,724.282,0.745,SPEAKER_02
didn't,724.322,724.482,0.613,SPEAKER_02
have,724.522,724.703,0.864,SPEAKER_02
that.,724.743,724.963,0.664,SPEAKER_02
Yeah.,725.043,725.845,0.833,SPEAKER_02
And,726.365,726.565,0.914,SPEAKER_02
I,726.866,726.986,0.997,SPEAKER_02
never,727.408,727.588,0.781,SPEAKER_02
took,727.628,727.768,0.878,SPEAKER_02
that,727.808,727.949,0.805,SPEAKER_02
for,727.989,728.089,0.825,SPEAKER_02
granted.,728.149,728.49,0.828,SPEAKER_02
I,728.51,728.55,0.784,SPEAKER_02
feel,728.59,728.671,0.308,SPEAKER_02
like,728.691,728.771,0.809,SPEAKER_02
I,728.831,728.911,0.968,SPEAKER_02
started,728.951,729.192,0.764,SPEAKER_02
to,729.212,729.252,0.662,SPEAKER_02
appreciate,729.312,729.713,0.791,SPEAKER_02
you,729.733,729.833,0.833,SPEAKER_02
more,729.954,730.234,0.776,SPEAKER_02
because,730.315,730.515,0.798,SPEAKER_02
I,730.575,730.635,0.995,SPEAKER_02
knew,730.756,730.956,0.716,SPEAKER_02
that,731.036,731.157,0.922,SPEAKER_02
we,731.257,731.417,0.814,SPEAKER_02
were,731.457,731.578,0.949,SPEAKER_02
having,731.618,731.818,0.978,SPEAKER_02
an,731.838,731.898,0.742,SPEAKER_02
experience,731.938,732.339,0.77,SPEAKER_02
that,732.379,732.48,0.978,SPEAKER_02
you,732.52,732.66,0.892,SPEAKER_02
never,732.72,732.901,0.705,SPEAKER_02
had.,732.981,733.302,0.877,SPEAKER_02
We,734.364,735.146,0.52,SPEAKER_02
get,735.166,735.286,0.763,SPEAKER_02
to,735.327,735.427,0.823,SPEAKER_02
be,735.487,735.768,0.904,SPEAKER_02
adults,735.948,736.369,0.88,SPEAKER_02
"together,",736.429,736.83,0.962,SPEAKER_02
like,736.89,737.331,0.921,SPEAKER_02
full-formed,737.432,738.073,0.784,SPEAKER_02
past,738.234,738.514,0.928,SPEAKER_02
25,738.534,739.176,0.78,SPEAKER_02
adults.,739.216,742.163,0.792,SPEAKER_02
I,743.358,743.498,0.853,SPEAKER_02
think,743.538,743.699,0.795,SPEAKER_02
it,743.739,743.779,0.914,SPEAKER_02
just,743.839,743.979,0.938,SPEAKER_02
makes,744.039,744.74,0.839,SPEAKER_02
me,744.84,745.0,0.818,SPEAKER_02
look,745.061,745.742,0.742,SPEAKER_02
at,745.762,745.802,0.996,SPEAKER_02
you,745.842,745.942,0.769,SPEAKER_02
in,745.982,746.042,0.812,SPEAKER_02
such,746.122,746.282,0.939,SPEAKER_02
a,746.322,746.342,0.998,SPEAKER_02
different,746.383,746.663,0.773,SPEAKER_02
way.,746.703,746.903,0.868,SPEAKER_02
I'm,747.003,747.124,0.825,SPEAKER_02
able,747.224,747.404,0.72,SPEAKER_02
to,747.444,747.524,0.727,SPEAKER_02
see,747.564,747.704,0.898,SPEAKER_02
you,747.745,747.825,0.989,SPEAKER_02
as,747.865,747.945,0.923,SPEAKER_02
my,747.985,748.105,0.949,SPEAKER_02
"mom,",748.165,748.486,0.817,SPEAKER_02
this,748.606,748.766,0.735,SPEAKER_02
"comfort,",748.846,749.247,0.93,SPEAKER_02
this,749.287,749.427,0.858,SPEAKER_02
soft,749.527,749.948,0.933,SPEAKER_02
landing,750.449,750.869,0.821,SPEAKER_02
for,750.949,751.07,0.994,SPEAKER_02
me,751.11,751.23,0.976,SPEAKER_02
always.,751.33,751.751,0.757,SPEAKER_02
But,752.432,752.512,0.988,SPEAKER_02
then,752.532,752.652,0.751,SPEAKER_02
I,752.692,752.752,0.598,SPEAKER_02
also,752.832,753.052,0.992,SPEAKER_02
see,753.093,753.213,0.999,SPEAKER_02
you,753.253,753.353,0.866,SPEAKER_02
as,753.413,753.473,0.666,SPEAKER_02
this,753.533,753.673,0.859,SPEAKER_02
flawed,753.774,754.154,0.79,SPEAKER_02
"human,",754.214,754.615,0.978,SPEAKER_02
which,754.755,754.875,0.929,SPEAKER_02
I,754.955,754.995,0.984,SPEAKER_02
think,755.035,755.216,0.773,SPEAKER_02
is,755.276,755.356,0.748,SPEAKER_02
really,755.476,755.736,0.765,SPEAKER_02
important.,755.777,756.397,0.869,SPEAKER_02
Like,757.299,757.419,0.958,SPEAKER_02
there's,757.459,757.659,0.896,SPEAKER_02
this,757.679,757.78,0.46,SPEAKER_02
thing,757.84,758.04,0.841,SPEAKER_02
that's,758.08,758.3,0.766,SPEAKER_02
kind,758.36,758.521,0.957,SPEAKER_02
of,758.561,758.601,0.994,SPEAKER_02
going,758.661,758.821,0.669,SPEAKER_02
around,758.861,759.001,0.88,SPEAKER_02
social,759.041,759.302,0.549,SPEAKER_02
media,759.322,759.482,0.387,SPEAKER_02
you,759.522,759.642,0.687,SPEAKER_02
see,759.682,760.363,0.869,SPEAKER_02
sometimes,760.383,760.704,0.852,SPEAKER_02
where,760.744,760.844,0.713,SPEAKER_02
people,760.884,761.125,0.872,SPEAKER_02
"say,",761.205,762.126,0.861,SPEAKER_02
Like,762.528,762.728,0.833,SPEAKER_02
this,762.748,762.889,0.981,SPEAKER_02
is,762.949,763.009,0.768,SPEAKER_02
a,763.069,763.089,0.995,SPEAKER_02
moment,763.149,763.409,0.757,SPEAKER_02
where,763.449,763.59,0.939,SPEAKER_02
I,763.65,763.67,0.551,SPEAKER_02
realized,763.75,764.09,0.78,SPEAKER_02
my,764.13,764.471,0.922,SPEAKER_02
mom,764.551,764.831,0.858,SPEAKER_02
or,764.871,764.951,0.813,SPEAKER_02
my,764.992,765.112,0.771,SPEAKER_02
"parents,",765.192,765.632,0.869,SPEAKER_02
this,766.033,766.173,0.893,SPEAKER_02
is,766.233,766.273,0.81,SPEAKER_02
their,766.313,766.474,0.807,SPEAKER_02
first,766.534,766.734,0.814,SPEAKER_02
time,766.794,766.994,0.746,SPEAKER_02
doing,767.054,767.275,0.802,SPEAKER_02
life.,767.375,767.695,0.91,SPEAKER_02
And,767.816,767.896,0.83,SPEAKER_02
you,767.916,768.016,0.942,SPEAKER_02
kind,768.056,768.176,0.9,SPEAKER_02
of,768.216,768.276,0.568,SPEAKER_02
had,768.296,768.396,0.844,SPEAKER_02
this,768.436,768.557,0.859,SPEAKER_02
epiphany,768.617,769.137,0.866,SPEAKER_02
of,769.197,769.258,0.973,SPEAKER_02
"like,",769.338,769.618,0.935,SPEAKER_02
this,769.758,769.919,0.859,SPEAKER_02
is,769.999,770.059,0.863,SPEAKER_02
your,770.099,770.399,0.857,SPEAKER_02
first,770.479,770.72,0.677,SPEAKER_02
take,770.78,770.98,0.839,SPEAKER_02
of,771.02,771.06,0.766,SPEAKER_02
"this,",771.1,771.26,0.934,SPEAKER_02
just,771.32,771.461,0.667,SPEAKER_02
like,771.521,771.641,0.761,SPEAKER_02
it's,771.701,771.801,0.752,SPEAKER_02
my,771.861,772.042,0.916,SPEAKER_02
first,772.082,772.302,0.635,SPEAKER_02
take.,772.342,772.582,0.921,SPEAKER_02
"Yeah,",772.983,773.083,0.215,SPEAKER_00
there's,773.103,773.283,0.704,SPEAKER_02
a,773.323,773.363,0.495,SPEAKER_02
30,773.383,773.844,0.815,SPEAKER_02
year,773.864,774.004,0.734,SPEAKER_02
difference,774.084,774.405,0.846,SPEAKER_02
between,774.465,774.765,0.801,SPEAKER_02
"us,",775.146,775.206,0.0,SPEAKER_02
but,775.226,775.426,0.912,SPEAKER_02
"like,",776.308,776.568,0.938,SPEAKER_02
we're,777.009,777.189,0.823,SPEAKER_02
both,777.249,777.449,0.92,SPEAKER_02
doing,777.529,777.73,0.885,SPEAKER_02
this,777.77,777.87,0.843,SPEAKER_02
for,777.91,777.99,0.994,SPEAKER_02
the,778.03,778.09,0.96,SPEAKER_02
first,778.13,778.33,0.675,SPEAKER_02
time.,778.391,778.751,0.761,SPEAKER_02
Neither,778.811,779.532,0.92,SPEAKER_02
of,779.572,779.612,0.994,SPEAKER_02
us,779.652,779.712,0.832,SPEAKER_02
have,779.732,779.833,0.907,SPEAKER_02
had,779.873,780.013,0.689,SPEAKER_02
this,780.053,780.173,0.858,SPEAKER_02
experience,780.233,780.714,0.81,SPEAKER_02
before.,780.734,781.094,0.894,SPEAKER_02
And,781.635,781.715,0.683,SPEAKER_02
it,781.755,781.815,0.685,SPEAKER_02
allows,781.835,782.136,0.651,SPEAKER_02
you,782.176,782.276,0.338,SPEAKER_02
to,782.296,782.336,0.476,SPEAKER_02
just,782.356,782.456,0.803,SPEAKER_02
have,782.476,782.597,0.895,SPEAKER_02
so,782.837,783.037,0.964,SPEAKER_02
"much,",783.057,783.217,0.87,SPEAKER_02
I,783.257,783.277,0.871,SPEAKER_02
wish,783.338,783.478,0.891,SPEAKER_02
I,783.518,783.558,0.946,SPEAKER_02
could,783.598,783.718,0.892,SPEAKER_02
understand,783.778,784.159,0.811,SPEAKER_02
that,784.199,784.299,0.976,SPEAKER_02
as,784.339,784.419,0.884,SPEAKER_02
a,784.479,784.499,0.983,SPEAKER_02
kid.,784.559,784.92,0.928,SPEAKER_02
And,784.96,785.601,0.792,SPEAKER_02
so,785.621,785.721,0.827,SPEAKER_02
I,785.761,785.781,0.861,SPEAKER_02
feel,785.841,785.981,0.958,SPEAKER_02
like,786.021,786.122,0.959,SPEAKER_02
it's,786.182,786.302,0.709,SPEAKER_02
allowed,786.582,786.883,0.798,SPEAKER_02
me,786.923,787.023,0.91,SPEAKER_02
to,787.083,787.263,0.982,SPEAKER_02
view,787.664,787.884,0.767,SPEAKER_02
you,787.944,788.064,0.908,SPEAKER_02
in,788.124,788.164,0.699,SPEAKER_02
a,788.184,788.204,0.961,SPEAKER_02
much,788.485,788.705,0.881,SPEAKER_02
"more,",788.805,789.987,0.877,SPEAKER_02
realistic,789.967,790.708,0.869,SPEAKER_02
way,790.768,791.048,0.79,SPEAKER_02
and,791.088,791.228,0.436,SPEAKER_02
just,791.248,791.368,0.727,SPEAKER_02
have,791.408,791.528,0.646,SPEAKER_02
so,791.669,791.829,0.936,SPEAKER_02
much,791.869,792.009,0.858,SPEAKER_02
more,792.049,792.189,0.74,SPEAKER_02
empathy,792.289,792.649,0.857,SPEAKER_02
for,792.729,792.85,0.956,SPEAKER_02
you,792.89,793.07,0.663,SPEAKER_02
and,793.11,793.931,0.791,SPEAKER_02
understanding,793.991,794.571,0.895,SPEAKER_02
and,794.591,794.671,0.822,SPEAKER_02
the,794.691,794.751,0.993,SPEAKER_02
ability,794.811,795.152,0.771,SPEAKER_02
to,795.192,795.272,0.748,SPEAKER_02
just,795.332,795.492,0.797,SPEAKER_02
see,795.612,795.832,0.883,SPEAKER_02
you,795.872,796.052,0.677,SPEAKER_02
for,796.193,796.393,0.91,SPEAKER_02
who,796.433,796.913,0.936,SPEAKER_02
you,796.953,797.053,0.863,SPEAKER_02
are,797.113,797.214,0.699,SPEAKER_02
outside,797.274,797.654,0.813,SPEAKER_02
of,797.694,797.734,0.992,SPEAKER_02
my,797.794,797.914,0.971,SPEAKER_02
mom.,797.954,798.294,0.936,SPEAKER_02
And,798.395,798.475,0.978,SPEAKER_02
I'm,798.495,798.595,0.844,SPEAKER_02
really,798.635,798.815,0.803,SPEAKER_02
grateful,798.875,799.195,0.845,SPEAKER_02
for,799.255,799.355,0.979,SPEAKER_02
that.,799.395,799.616,0.91,SPEAKER_02
I,800.637,800.697,0.626,SPEAKER_02
feel,800.737,800.837,0.376,SPEAKER_02
like,800.857,800.937,0.227,SPEAKER_02
it's,800.957,801.057,0.847,SPEAKER_02
made,801.077,801.197,0.899,SPEAKER_02
me,801.237,801.297,0.814,SPEAKER_02
love,801.357,801.517,0.919,SPEAKER_02
you,801.537,801.637,0.595,SPEAKER_02
even,801.718,801.898,0.922,SPEAKER_02
more,801.938,802.178,0.849,SPEAKER_02
and,802.218,803.519,0.876,SPEAKER_02
respect,803.579,803.96,0.767,SPEAKER_02
you,804.0,804.18,0.447,SPEAKER_02
even,804.26,804.42,0.96,SPEAKER_02
more.,804.44,804.64,0.893,SPEAKER_02
What,807.002,807.142,0.881,SPEAKER_02
does,807.203,807.343,0.671,SPEAKER_02
my,807.403,807.523,0.827,SPEAKER_02
love,807.603,807.823,0.857,SPEAKER_02
feel,807.903,808.083,0.931,SPEAKER_02
like?,808.143,808.404,0.838,SPEAKER_02
"Oh,",810.726,810.886,0.842,SPEAKER_01
gosh.,810.966,811.406,0.809,SPEAKER_01
Just,816.351,816.551,0.757,SPEAKER_01
in,816.651,816.711,0.92,SPEAKER_01
the,816.771,816.871,0.988,SPEAKER_01
last,816.931,817.212,0.79,SPEAKER_01
five,817.292,817.532,0.796,SPEAKER_01
"years,",817.612,818.893,0.755,SPEAKER_01
I've,819.177,819.437,0.71,SPEAKER_01
noticed,819.538,820.018,0.889,SPEAKER_01
that,820.078,820.199,0.927,SPEAKER_01
you,820.239,820.339,0.99,SPEAKER_01
kind,820.379,820.559,0.787,SPEAKER_01
of,820.619,820.679,0.878,SPEAKER_01
take,820.799,821.02,0.806,SPEAKER_01
care,821.08,821.34,0.764,SPEAKER_01
of,821.42,821.46,0.97,SPEAKER_01
me.,821.561,821.761,0.958,SPEAKER_01
And,822.602,822.682,0.686,SPEAKER_01
part,823.083,823.323,0.792,SPEAKER_01
of,823.343,823.383,0.004,SPEAKER_01
me,823.403,823.564,0.771,SPEAKER_01
doesn't,823.724,824.064,0.845,SPEAKER_01
like,824.125,824.385,0.893,SPEAKER_01
it,824.425,824.485,0.726,SPEAKER_01
because,825.607,826.348,0.879,SPEAKER_01
I,826.368,826.388,0.997,SPEAKER_01
feel,826.428,827.169,0.748,SPEAKER_01
"like,",827.209,827.45,0.835,SPEAKER_01
oh,828.01,828.05,0.226,SPEAKER_01
my,828.071,828.171,0.918,SPEAKER_01
"God,",828.231,828.551,0.929,SPEAKER_01
like,828.631,828.792,0.59,SPEAKER_01
how,828.832,829.032,0.834,SPEAKER_01
does,829.052,829.152,0.659,SPEAKER_01
she,829.192,829.332,0.87,SPEAKER_01
see,829.373,829.553,0.935,SPEAKER_01
me,829.593,829.673,0.962,SPEAKER_01
as,829.753,829.833,0.728,SPEAKER_01
like,829.873,829.993,0.893,SPEAKER_01
an,830.054,830.094,0.996,SPEAKER_01
old,830.154,830.254,0.947,SPEAKER_01
woman?,830.334,830.614,0.956,SPEAKER_01
She's,830.654,831.576,0.548,SPEAKER_01
gotta,831.596,831.776,0.313,SPEAKER_01
help,831.816,831.936,0.848,SPEAKER_01
me,831.976,832.037,0.772,SPEAKER_01
cross,832.097,832.317,0.915,SPEAKER_01
the,832.377,832.457,0.941,SPEAKER_01
street,832.497,832.778,0.856,SPEAKER_01
or,832.818,832.878,0.771,SPEAKER_01
she's,832.938,833.098,0.879,SPEAKER_01
gotta,833.118,833.298,0.427,SPEAKER_01
help,833.359,833.479,0.995,SPEAKER_01
me,833.499,833.579,0.552,SPEAKER_01
with,833.599,833.679,0.302,SPEAKER_01
my,833.719,833.899,0.878,SPEAKER_01
bags,833.98,834.4,0.847,SPEAKER_01
or,834.48,834.54,0.92,SPEAKER_01
she's,834.6,834.761,0.783,SPEAKER_01
gotta,834.801,835.001,0.502,SPEAKER_01
help,835.041,835.201,0.741,SPEAKER_01
"me,",835.241,835.362,0.965,SPEAKER_01
you,835.983,836.083,0.83,SPEAKER_01
"know,",836.123,836.283,0.947,SPEAKER_01
sometimes,836.563,837.024,0.874,SPEAKER_01
I,837.164,837.244,0.99,SPEAKER_01
feel,838.146,838.326,0.776,SPEAKER_01
"like,",838.366,838.526,0.881,SPEAKER_01
wait.,838.647,839.047,0.718,SPEAKER_01
But,840.069,840.209,0.955,SPEAKER_01
"honestly,",840.289,840.89,0.89,SPEAKER_01
I,840.91,840.93,0.996,SPEAKER_01
actually,840.97,842.573,0.691,SPEAKER_01
really,842.613,843.113,0.676,SPEAKER_01
love,843.194,843.414,0.912,SPEAKER_01
it.,843.454,843.534,0.826,SPEAKER_01
Because,844.155,844.375,0.9,SPEAKER_01
I,844.415,844.495,0.949,SPEAKER_01
just,844.536,844.676,0.994,SPEAKER_01
feel,844.696,844.876,0.942,SPEAKER_01
taken,844.936,845.177,0.863,SPEAKER_01
care,845.237,845.517,0.563,SPEAKER_01
of.,845.677,845.757,0.823,SPEAKER_01
I,846.058,846.118,0.678,SPEAKER_01
feel,846.178,846.318,0.889,SPEAKER_01
like,846.338,846.479,0.816,SPEAKER_01
you,846.499,846.619,0.953,SPEAKER_01
"just,",846.659,847.48,0.916,SPEAKER_01
would,847.73,847.99,0.872,SPEAKER_01
do,848.05,848.171,0.998,SPEAKER_01
anything,848.411,848.772,0.831,SPEAKER_01
for,848.852,848.952,0.979,SPEAKER_01
me.,848.992,849.092,0.994,SPEAKER_01
That's,849.112,849.292,0.881,SPEAKER_01
what,849.312,849.433,0.91,SPEAKER_01
your,849.453,849.593,0.794,SPEAKER_01
love,849.653,849.833,0.744,SPEAKER_01
feels,849.893,850.174,0.782,SPEAKER_01
like.,850.234,850.474,0.821,SPEAKER_01
Like,850.574,850.735,0.746,SPEAKER_01
you,850.815,850.995,0.717,SPEAKER_01
would,851.115,851.295,0.81,SPEAKER_01
be,851.356,851.456,0.693,SPEAKER_01
there,851.516,851.696,0.759,SPEAKER_01
for,851.756,851.876,0.786,SPEAKER_01
me,851.916,851.996,0.992,SPEAKER_01
no,852.057,852.157,0.828,SPEAKER_01
matter,852.177,852.437,0.988,SPEAKER_01
what.,852.517,852.818,0.969,SPEAKER_01
And,852.858,854.22,0.902,SPEAKER_01
it's,854.26,855.522,0.959,SPEAKER_01
something,855.562,856.083,0.892,SPEAKER_01
I'm,856.103,856.163,0.332,SPEAKER_01
so,857.345,857.505,0.973,SPEAKER_01
grateful,857.565,857.926,0.836,SPEAKER_01
for,858.006,858.146,0.724,SPEAKER_01
that,858.206,858.326,0.944,SPEAKER_01
I,858.366,858.386,0.998,SPEAKER_01
feel,858.446,858.607,0.948,SPEAKER_01
sorry,858.667,858.887,0.933,SPEAKER_01
for,858.947,859.047,0.738,SPEAKER_01
my,859.107,859.207,0.996,SPEAKER_01
friends,859.268,859.488,0.73,SPEAKER_01
that,859.528,859.628,0.675,SPEAKER_01
don't,859.668,859.848,0.871,SPEAKER_01
have,859.889,860.049,0.965,SPEAKER_01
that,860.089,860.309,0.965,SPEAKER_01
with,860.77,860.89,0.908,SPEAKER_01
their,860.93,861.07,0.813,SPEAKER_01
daughters,861.09,861.491,0.771,SPEAKER_01
or,861.711,861.791,0.784,SPEAKER_01
sons.,861.851,862.172,0.867,SPEAKER_01
Yeah.,862.793,863.274,0.665,SPEAKER_01
Because,863.294,863.494,0.79,SPEAKER_01
it's,863.534,863.694,0.452,SPEAKER_01
just,863.734,863.955,0.91,SPEAKER_01
an,864.015,864.095,0.752,SPEAKER_01
awesome,864.195,864.516,0.949,SPEAKER_01
feeling,864.556,864.916,0.846,SPEAKER_01
to,865.377,865.497,0.973,SPEAKER_01
feel,865.557,865.737,0.942,SPEAKER_01
that,865.818,866.078,0.968,SPEAKER_01
from,866.118,866.338,0.711,SPEAKER_01
your,866.398,866.559,0.762,SPEAKER_01
adult,866.579,866.839,0.716,SPEAKER_01
child.,866.899,867.46,0.796,SPEAKER_01
that,868.368,870.01,0.928,SPEAKER_01
no,870.05,870.19,0.678,SPEAKER_01
matter,870.21,870.41,0.759,SPEAKER_01
what,870.47,870.57,0.932,SPEAKER_01
happens,870.63,870.971,0.822,SPEAKER_01
to,871.051,871.131,0.818,SPEAKER_01
"me,",871.191,871.291,0.932,SPEAKER_01
I'll,871.311,871.451,0.945,SPEAKER_01
never,871.471,871.631,0.818,SPEAKER_01
be,871.671,871.812,0.66,SPEAKER_01
alone.,871.852,872.172,0.898,SPEAKER_01
So,872.652,872.773,0.827,SPEAKER_01
many,872.813,872.973,0.86,SPEAKER_01
"people,",873.033,873.313,0.878,SPEAKER_01
when,873.373,873.473,0.994,SPEAKER_01
they,873.493,873.593,0.783,SPEAKER_01
get,873.633,873.734,0.843,SPEAKER_01
"older,",873.754,874.054,0.698,SPEAKER_01
are,874.114,874.194,0.536,SPEAKER_01
alone.,874.234,874.855,0.535,SPEAKER_01
I'll,874.915,875.055,0.722,SPEAKER_01
never,875.736,875.976,0.627,SPEAKER_01
be,875.996,876.096,0.844,SPEAKER_01
"alone,",876.136,876.416,0.914,SPEAKER_01
ever.,876.556,876.757,0.976,SPEAKER_01
You're,876.957,877.117,0.639,SPEAKER_01
moving,877.157,877.317,0.32,SPEAKER_01
in,877.337,877.397,0.624,SPEAKER_01
with,877.437,877.537,0.818,SPEAKER_01
"me,",877.617,877.758,0.703,SPEAKER_01
girlfriend.,877.778,878.438,0.572,SPEAKER_01
I,878.458,878.478,0.143,SPEAKER_01
know.,878.498,878.959,0.867,SPEAKER_01
I,878.979,879.039,0.887,SPEAKER_01
know.,879.099,879.399,0.925,SPEAKER_01
Literally.,880.16,880.641,0.912,SPEAKER_01
Can,881.201,881.321,0.939,SPEAKER_01
I,881.361,881.401,0.772,SPEAKER_01
have,881.441,881.522,0.765,SPEAKER_01
that,881.542,881.662,0.423,SPEAKER_01
in,881.682,881.722,0.696,SPEAKER_01
writing?,881.742,882.402,0.72,SPEAKER_01
Yes.,882.422,883.784,0.412,SPEAKER_01
I'll,883.804,883.884,0.002,SPEAKER_01
give,883.904,883.984,0.001,SPEAKER_01
it,884.004,884.044,0.008,SPEAKER_01
to,884.064,884.104,0.324,SPEAKER_01
you,884.124,884.184,0.001,SPEAKER_01
in,884.204,884.244,0.228,SPEAKER_01
writing.,884.284,884.445,0.093,SPEAKER_01
"No,",884.465,884.525,0.054,SPEAKER_01
but,884.545,884.605,0.281,SPEAKER_01
it,884.705,884.765,0.906,SPEAKER_01
is.,884.905,884.985,0.862,SPEAKER_01
It's,885.105,885.265,0.711,SPEAKER_01
the,885.305,885.405,0.7,SPEAKER_01
best,885.446,885.666,0.934,SPEAKER_01
"feeling,",885.726,886.086,0.799,SPEAKER_01
Dan.,886.106,886.427,0.752,SPEAKER_01
Yeah.,886.687,886.867,0.589,SPEAKER_01
It,887.127,887.167,0.005,SPEAKER_02
really,887.187,887.448,0.587,SPEAKER_02
is.,887.568,887.748,0.919,SPEAKER_02
And,887.888,887.988,0.803,SPEAKER_02
just,888.028,888.168,0.988,SPEAKER_02
because,888.208,888.429,0.829,SPEAKER_02
I,888.469,888.509,0.579,SPEAKER_02
really,888.549,888.769,0.649,SPEAKER_02
want,888.829,888.949,0.874,SPEAKER_02
you,888.989,889.069,0.883,SPEAKER_02
to,889.109,889.149,1.0,SPEAKER_02
hear,889.189,889.309,0.732,SPEAKER_02
"this,",889.39,889.57,0.97,SPEAKER_02
the,889.59,889.99,0.839,SPEAKER_02
reason,890.05,890.371,0.792,SPEAKER_02
I,890.551,890.671,0.975,SPEAKER_02
take,891.191,891.352,0.743,SPEAKER_02
care,891.372,891.532,0.63,SPEAKER_02
of,891.592,891.632,1.0,SPEAKER_02
you,891.692,891.792,0.969,SPEAKER_02
the,891.852,891.932,0.788,SPEAKER_02
way,891.972,892.092,0.856,SPEAKER_02
I,892.172,892.232,0.998,SPEAKER_02
do,892.293,892.453,0.926,SPEAKER_02
has,892.493,892.713,0.796,SPEAKER_02
absolutely,892.753,893.394,0.579,SPEAKER_02
nothing,893.414,893.614,0.78,SPEAKER_02
to,893.654,893.714,0.251,SPEAKER_02
do,893.734,893.814,0.956,SPEAKER_02
with,893.854,893.954,0.966,SPEAKER_02
your,893.974,894.114,0.776,SPEAKER_02
age,894.215,894.435,0.592,SPEAKER_02
and,894.555,894.635,0.952,SPEAKER_02
your,894.675,894.835,0.86,SPEAKER_02
ability,894.915,895.316,0.944,SPEAKER_02
in,895.356,895.396,0.964,SPEAKER_02
any,895.516,895.656,0.711,SPEAKER_02
way.,895.696,896.637,0.949,SPEAKER_02
It,896.617,896.797,0.869,SPEAKER_02
has,896.857,897.018,0.783,SPEAKER_02
to,897.038,897.098,0.862,SPEAKER_02
do,897.158,897.238,1.0,SPEAKER_02
with,897.278,897.358,0.156,SPEAKER_02
I,897.418,897.479,0.997,SPEAKER_02
think,897.519,897.699,0.738,SPEAKER_02
kind,897.739,897.839,0.41,SPEAKER_02
of,897.859,897.899,0.23,SPEAKER_02
what,897.939,898.04,0.753,SPEAKER_02
I,898.06,898.08,0.999,SPEAKER_02
was,898.12,898.2,0.918,SPEAKER_02
talking,898.24,898.48,0.907,SPEAKER_02
about,898.521,898.661,0.816,SPEAKER_02
earlier,898.701,899.082,0.606,SPEAKER_02
where,899.122,899.502,0.686,SPEAKER_02
the,899.542,900.765,0.876,SPEAKER_02
older,900.825,901.005,0.812,SPEAKER_02
I,901.045,901.105,0.982,SPEAKER_02
get,901.145,901.246,0.685,SPEAKER_02
the,901.286,901.446,0.594,SPEAKER_02
more,901.486,901.686,0.702,SPEAKER_02
clearly,901.706,902.147,0.805,SPEAKER_02
I,902.207,902.267,0.862,SPEAKER_02
see,902.388,902.568,0.959,SPEAKER_02
you,902.628,902.768,0.872,SPEAKER_02
and,902.808,902.869,0.333,SPEAKER_02
I,903.77,903.83,0.957,SPEAKER_02
feel,903.971,904.291,0.87,SPEAKER_02
so,904.512,904.812,0.893,SPEAKER_02
grateful,905.233,905.834,0.766,SPEAKER_02
and,906.114,906.195,0.889,SPEAKER_02
almost,906.235,906.475,0.8,SPEAKER_02
like,906.515,906.676,0.862,SPEAKER_02
not,906.756,906.936,0.717,SPEAKER_02
indebted,907.016,907.497,0.848,SPEAKER_02
because,907.537,907.717,0.429,SPEAKER_02
that's,907.737,907.858,0.314,SPEAKER_02
like,907.878,907.998,0.884,SPEAKER_02
the,908.038,908.098,0.993,SPEAKER_02
wrong,908.138,908.359,0.806,SPEAKER_02
word,908.379,908.559,0.864,SPEAKER_02
but,908.599,908.719,0.933,SPEAKER_02
something,908.779,909.1,0.818,SPEAKER_02
like,909.16,909.32,0.836,SPEAKER_02
that,909.36,909.581,0.733,SPEAKER_02
to,909.621,910.262,0.96,SPEAKER_02
you,910.302,910.422,0.897,SPEAKER_02
and,910.503,910.563,0.466,SPEAKER_02
dad,910.583,910.903,0.925,SPEAKER_02
for,910.983,911.124,0.916,SPEAKER_02
just,911.164,911.344,0.982,SPEAKER_02
all,911.685,911.805,0.783,SPEAKER_02
you've,911.865,912.065,0.745,SPEAKER_02
done,912.126,912.346,0.793,SPEAKER_02
for,912.446,912.586,0.836,SPEAKER_02
me.,912.667,912.787,0.999,SPEAKER_02
So,913.047,913.167,0.997,SPEAKER_02
I,913.228,913.328,0.724,SPEAKER_02
always,913.488,913.749,0.57,SPEAKER_02
want,913.809,913.949,0.641,SPEAKER_02
to,913.969,914.009,0.68,SPEAKER_02
go,914.049,914.149,0.782,SPEAKER_02
above,914.209,914.41,0.93,SPEAKER_02
and,914.47,914.55,0.595,SPEAKER_02
beyond,914.61,914.891,0.914,SPEAKER_02
for,914.931,915.011,0.991,SPEAKER_02
you,915.031,915.131,0.828,SPEAKER_02
and,915.171,915.231,0.798,SPEAKER_02
dad.,915.251,915.412,0.561,SPEAKER_02
It,915.432,915.472,0.89,SPEAKER_02
has,915.512,915.612,0.759,SPEAKER_02
nothing,915.652,916.193,0.863,SPEAKER_02
to,916.233,916.293,0.746,SPEAKER_02
do,916.313,916.373,0.752,SPEAKER_02
with,916.413,916.494,1.0,SPEAKER_02
your,916.534,916.634,0.926,SPEAKER_02
age.,916.714,917.275,0.897,SPEAKER_02
Trust,917.626,918.006,0.782,SPEAKER_01
"me,",918.046,918.126,0.919,SPEAKER_02
I,918.187,918.227,0.37,SPEAKER_02
don't,918.247,918.367,0.747,SPEAKER_02
view,918.407,918.527,0.871,SPEAKER_02
you,918.547,918.647,0.752,SPEAKER_02
like,918.687,918.787,0.731,SPEAKER_02
that,918.827,918.927,0.844,SPEAKER_02
yet.,918.967,919.147,0.964,SPEAKER_02
Once,919.247,919.368,0.936,SPEAKER_02
you,919.388,919.488,0.447,SPEAKER_02
get,919.528,919.628,0.821,SPEAKER_02
"80,",919.648,919.708,0.637,SPEAKER_02
"90,",919.728,920.248,0.818,SPEAKER_02
and,920.328,920.389,0.731,SPEAKER_01
I,920.469,920.529,0.932,SPEAKER_01
start,920.549,920.709,0.507,SPEAKER_01
bathing,920.809,921.229,0.811,SPEAKER_02
"you,",921.269,921.449,0.968,SPEAKER_02
then,921.49,921.67,0.912,SPEAKER_02
you,921.71,922.17,0.936,SPEAKER_02
can,922.21,922.31,0.975,SPEAKER_02
be,922.35,922.41,0.932,SPEAKER_02
"like,",922.53,922.631,0.053,SPEAKER_02
oh,922.651,922.691,0.376,SPEAKER_02
my,922.711,922.771,0.629,SPEAKER_01
"God,",922.811,922.971,0.394,SPEAKER_01
she's,922.991,923.171,0.509,SPEAKER_02
bathing,923.211,923.571,0.862,SPEAKER_02
me.,923.651,923.712,0.469,SPEAKER_02
Like,923.732,923.872,0.89,SPEAKER_02
I,924.052,924.112,0.833,SPEAKER_02
can't,924.212,925.013,0.537,SPEAKER_02
bathe,925.033,925.133,0.005,SPEAKER_01
myself,925.153,925.273,0.006,SPEAKER_01
anymore.,925.293,925.453,0.018,SPEAKER_01
Is,925.473,925.533,0.58,SPEAKER_01
that,925.553,925.693,0.816,SPEAKER_01
ever,925.753,925.954,0.848,SPEAKER_01
really,925.994,926.214,0.872,SPEAKER_01
gonna,926.254,926.434,0.558,SPEAKER_01
happen?,926.474,926.934,0.937,SPEAKER_01
I,927.755,928.015,0.87,SPEAKER_01
don't,928.056,928.196,0.958,SPEAKER_01
think,928.236,928.396,0.913,SPEAKER_01
"so,",928.456,928.596,0.92,SPEAKER_01
but,928.636,928.716,0.963,SPEAKER_01
if,928.756,928.816,0.884,SPEAKER_01
it,928.876,928.916,0.581,SPEAKER_01
"does,",928.956,929.417,0.572,SPEAKER_01
I,929.437,929.497,0.99,SPEAKER_01
will,929.557,929.797,0.93,SPEAKER_01
bathe,929.897,930.157,0.316,SPEAKER_01
you.,930.177,930.278,0.543,SPEAKER_01
I,930.418,930.478,0.993,SPEAKER_01
know.,930.518,930.718,0.893,SPEAKER_01
You'll,930.758,931.539,0.852,SPEAKER_01
be,931.579,931.619,0.73,SPEAKER_01
the,931.659,931.739,0.81,SPEAKER_01
only,931.799,931.939,0.876,SPEAKER_01
one,932.019,932.079,0.947,SPEAKER_01
that,932.119,932.219,0.923,SPEAKER_01
will,932.319,932.48,0.936,SPEAKER_01
be,932.54,932.68,0.846,SPEAKER_01
allowed,933.12,933.44,0.312,SPEAKER_01
to,933.48,933.681,0.61,SPEAKER_01
do,933.741,934.001,0.49,SPEAKER_01
that.,934.021,935.642,0.503,SPEAKER_01
"Okay,",935.662,936.243,0.855,SPEAKER_01
here's,936.323,936.523,0.78,SPEAKER_01
my,936.623,936.783,0.934,SPEAKER_01
last.,936.844,937.364,0.894,SPEAKER_01
"Okay,",937.904,938.265,0.72,SPEAKER_01
in,938.325,938.385,0.913,SPEAKER_01
what,938.465,938.605,0.848,SPEAKER_01
ways,938.685,939.006,0.85,SPEAKER_01
do,939.086,939.186,0.992,SPEAKER_01
you,939.226,939.386,0.75,SPEAKER_01
"feel,",939.526,939.886,0.943,SPEAKER_01
"oh,",939.906,939.966,0.666,SPEAKER_01
I,940.907,940.967,0.913,SPEAKER_01
love,941.027,941.208,0.649,SPEAKER_01
this,941.248,941.368,0.852,SPEAKER_01
question.,941.408,941.728,0.839,SPEAKER_01
In,941.768,941.848,0.842,SPEAKER_01
what,941.908,942.028,0.957,SPEAKER_01
ways,942.068,942.309,0.759,SPEAKER_01
do,942.349,942.389,0.367,SPEAKER_01
you,942.449,942.569,0.871,SPEAKER_01
feel,942.629,942.829,0.972,SPEAKER_01
you,942.869,943.029,0.809,SPEAKER_01
are,943.109,943.189,0.899,SPEAKER_01
the,943.249,943.309,0.927,SPEAKER_01
continuation,943.369,944.29,0.879,SPEAKER_01
of,944.37,944.41,0.911,SPEAKER_01
me?,944.551,945.051,0.873,SPEAKER_01
"Oh,",945.318,945.558,0.938,SPEAKER_01
I,945.658,945.678,0.0,SPEAKER_01
love,945.698,945.959,0.905,SPEAKER_01
that.,945.999,946.7,0.886,SPEAKER_01
That's,946.74,948.121,0.18,SPEAKER_01
a,948.141,948.241,0.844,SPEAKER_02
great,948.341,948.662,0.795,SPEAKER_02
question.,948.742,949.382,0.647,SPEAKER_01
I,951.565,951.625,0.98,SPEAKER_02
hope,951.665,951.985,0.917,SPEAKER_02
to,952.045,952.105,0.905,SPEAKER_02
be,952.165,952.246,0.984,SPEAKER_02
the,952.286,952.366,0.828,SPEAKER_02
continuation,952.426,953.147,0.787,SPEAKER_02
of,953.207,953.247,1.0,SPEAKER_02
you.,953.307,953.487,0.801,SPEAKER_02
Like,953.547,954.468,0.96,SPEAKER_02
I,954.548,954.608,0.997,SPEAKER_02
feel,954.708,954.948,0.887,SPEAKER_02
honored,954.989,955.589,0.839,SPEAKER_02
and,955.809,955.889,0.95,SPEAKER_02
privileged,955.99,956.65,0.73,SPEAKER_02
to,957.131,957.211,0.904,SPEAKER_02
be,957.251,957.351,0.992,SPEAKER_02
the,957.391,957.491,0.772,SPEAKER_02
continuation,957.551,958.292,0.848,SPEAKER_02
of,958.352,958.392,1.0,SPEAKER_02
you.,958.452,958.612,0.922,SPEAKER_02
I,958.632,958.652,1.0,SPEAKER_02
feel,959.013,959.193,0.881,SPEAKER_02
like,959.233,959.453,0.697,SPEAKER_02
just,959.854,960.014,0.964,SPEAKER_02
the,960.054,960.154,0.828,SPEAKER_02
way,960.194,960.334,0.894,SPEAKER_02
I,960.414,960.495,0.887,SPEAKER_02
view,960.595,960.815,0.844,SPEAKER_02
"you,",960.875,960.995,0.85,SPEAKER_02
the,961.055,961.155,0.666,SPEAKER_02
way,961.195,961.295,0.998,SPEAKER_02
I,961.355,961.416,0.98,SPEAKER_02
see,961.536,961.756,0.795,SPEAKER_02
"you,",961.816,962.016,0.857,SPEAKER_02
your,962.056,962.276,0.768,SPEAKER_02
beauty,962.337,962.657,0.792,SPEAKER_02
and,962.717,962.797,0.842,SPEAKER_02
power,962.837,963.157,0.88,SPEAKER_02
in,963.217,963.258,0.978,SPEAKER_02
this,963.318,963.458,0.755,SPEAKER_02
"world,",963.518,963.818,0.717,SPEAKER_02
if,963.878,964.078,0.84,SPEAKER_02
we,964.138,964.259,0.98,SPEAKER_02
had,964.279,964.419,0.833,SPEAKER_02
more,964.459,964.659,0.579,SPEAKER_02
people,964.719,964.979,0.859,SPEAKER_02
like,965.039,965.2,0.808,SPEAKER_02
you,965.22,965.34,0.705,SPEAKER_02
in,965.38,965.42,0.972,SPEAKER_02
this,965.46,965.62,0.635,SPEAKER_02
"world,",965.66,965.86,0.829,SPEAKER_02
our,965.98,966.081,0.812,SPEAKER_02
world,966.121,966.301,0.758,SPEAKER_02
would,966.341,966.461,0.384,SPEAKER_02
be,966.481,966.521,0.951,SPEAKER_02
a,966.561,966.601,0.5,SPEAKER_02
better,966.621,966.821,0.994,SPEAKER_02
place.,966.861,967.222,0.87,SPEAKER_02
And,968.463,968.563,0.956,SPEAKER_01
I,968.603,968.643,0.606,SPEAKER_01
hope,968.784,969.004,0.956,SPEAKER_02
to,969.084,969.324,0.926,SPEAKER_02
carry,969.364,970.045,0.885,SPEAKER_02
on,970.205,970.305,0.812,SPEAKER_01
your,970.345,970.605,0.749,SPEAKER_02
optimism,970.626,971.647,0.887,SPEAKER_02
and,971.707,971.787,0.918,SPEAKER_02
your,971.827,971.967,0.953,SPEAKER_02
love,972.067,972.387,0.842,SPEAKER_02
and,972.447,972.528,0.833,SPEAKER_02
"your,",972.568,972.928,0.841,SPEAKER_02
vivacious,973.972,974.634,0.862,SPEAKER_02
"energy,",974.734,975.216,0.723,SPEAKER_02
your,975.236,975.737,0.67,SPEAKER_02
enthusiasm,976.339,977.242,0.878,SPEAKER_02
for,977.302,977.422,0.953,SPEAKER_02
life,977.523,977.843,0.712,SPEAKER_02
and,977.964,978.044,0.878,SPEAKER_02
living,978.124,978.365,0.954,SPEAKER_02
life,978.445,978.626,0.959,SPEAKER_02
to,978.666,978.746,0.992,SPEAKER_02
the,978.786,978.846,0.996,SPEAKER_02
fullest,978.927,979.388,0.933,SPEAKER_02
and,979.528,979.629,0.908,SPEAKER_02
being,979.689,979.97,0.788,SPEAKER_02
so,980.01,980.05,0.499,SPEAKER_02
open-minded,980.732,981.575,0.831,SPEAKER_02
to,981.695,981.936,0.994,SPEAKER_02
where,981.996,982.317,0.797,SPEAKER_02
life,982.377,982.537,0.746,SPEAKER_02
can,982.578,982.718,0.983,SPEAKER_02
take,982.738,982.939,0.67,SPEAKER_02
you,982.979,983.099,0.779,SPEAKER_02
and,983.139,983.219,0.893,SPEAKER_02
trying,983.26,983.581,0.785,SPEAKER_02
new,983.641,983.781,0.918,SPEAKER_02
things,983.821,984.182,0.778,SPEAKER_02
and,984.242,984.343,0.873,SPEAKER_02
being,984.383,984.583,0.81,SPEAKER_02
an,984.644,984.684,0.956,SPEAKER_02
adventurer.,984.764,985.787,0.887,SPEAKER_02
And,986.881,987.362,0.78,SPEAKER_02
I,987.382,987.402,1.0,SPEAKER_02
feel,987.682,987.842,0.771,SPEAKER_02
so,987.902,988.063,0.851,SPEAKER_02
proud,988.123,988.303,0.985,SPEAKER_02
to,988.343,988.403,0.893,SPEAKER_02
be,988.443,988.503,0.803,SPEAKER_02
your,988.543,988.643,0.91,SPEAKER_02
daughter.,988.683,989.004,0.912,SPEAKER_02
I,989.024,989.044,0.999,SPEAKER_02
feel,989.585,989.765,0.791,SPEAKER_02
so,990.005,990.306,0.966,SPEAKER_02
lucky,990.346,990.826,0.773,SPEAKER_02
that,990.866,990.966,0.996,SPEAKER_02
you're,990.986,991.187,0.733,SPEAKER_02
my,991.247,991.367,0.944,SPEAKER_02
mom.,991.407,991.767,0.926,SPEAKER_02
I,991.787,992.488,0.965,SPEAKER_02
feel,992.548,992.729,0.833,SPEAKER_02
like,992.769,992.989,0.608,SPEAKER_02
it's,993.43,993.55,0.865,SPEAKER_02
not,993.59,993.73,0.903,SPEAKER_02
fair.,993.79,994.091,0.859,SPEAKER_02
"Like,",994.131,994.731,0.181,SPEAKER_02
I,994.751,994.811,0.999,SPEAKER_02
feel,994.852,995.052,0.763,SPEAKER_02
"like,",995.092,995.292,0.849,SPEAKER_02
why,995.833,995.973,0.851,SPEAKER_02
can't,996.013,996.193,0.776,SPEAKER_02
everyone,996.253,996.574,0.839,SPEAKER_02
have,996.614,996.834,0.649,SPEAKER_02
a,996.854,996.874,0.998,SPEAKER_02
gay,997.735,997.896,0.721,SPEAKER_02
carbonary?,997.936,998.456,0.901,SPEAKER_02
"Like,",998.817,998.917,0.237,SPEAKER_01
it's,998.937,999.057,0.65,SPEAKER_02
not,999.097,999.237,0.696,SPEAKER_02
fair.,999.277,999.538,0.864,SPEAKER_02
I,999.558,999.578,0.999,SPEAKER_02
feel,1000.118,1000.279,0.912,SPEAKER_02
that,1000.299,1000.459,0.8,SPEAKER_02
"too,",1000.519,1000.779,0.986,SPEAKER_02
for,1001.24,1001.36,0.411,SPEAKER_02
you.,1001.42,1001.6,0.833,SPEAKER_02
And,1001.961,1002.061,0.961,SPEAKER_02
I,1002.101,1002.181,0.974,SPEAKER_02
"just,",1002.241,1002.802,0.93,SPEAKER_02
"yeah,",1002.822,1002.962,0.628,SPEAKER_02
I,1004.144,1004.204,0.994,SPEAKER_02
feel,1004.264,1004.424,0.757,SPEAKER_02
honored,1004.464,1004.825,0.798,SPEAKER_02
to,1004.885,1005.125,0.561,SPEAKER_02
carry,1005.185,1005.966,0.882,SPEAKER_02
on,1006.066,1006.146,0.979,SPEAKER_02
your,1006.186,1006.327,0.58,SPEAKER_02
legacy.,1006.367,1006.827,0.91,SPEAKER_02
I,1006.867,1007.829,0.953,SPEAKER_02
really,1007.889,1008.109,0.876,SPEAKER_02
do.,1008.169,1008.369,0.996,SPEAKER_02
And,1008.409,1008.83,0.911,SPEAKER_02
I'm,1008.87,1008.97,0.915,SPEAKER_02
gonna,1008.99,1009.15,0.207,SPEAKER_02
make,1009.17,1009.291,0.596,SPEAKER_02
you,1009.331,1009.431,0.932,SPEAKER_02
proud,1009.471,1009.711,0.929,SPEAKER_02
always.,1009.751,1010.112,0.873,SPEAKER_02
That's,1010.412,1010.953,0.42,SPEAKER_02
awesome.,1010.973,1011.133,0.125,SPEAKER_02
Love,1011.788,1012.068,0.88,SPEAKER_02
that.,1012.108,1012.309,0.853,SPEAKER_02
I,1012.849,1012.929,0.925,SPEAKER_02
love,1012.969,1013.149,0.852,SPEAKER_02
you.,1013.189,1013.35,0.777,SPEAKER_02
Love,1013.41,1013.65,0.907,SPEAKER_02
you,1013.69,1013.93,0.784,SPEAKER_02
so,1013.99,1014.171,0.914,SPEAKER_02
much.,1014.231,1014.491,0.84,SPEAKER_02
You're,1014.951,1015.071,0.006,SPEAKER_02
my,1015.091,1015.152,0.934,SPEAKER_02
favorite,1015.212,1015.492,0.825,SPEAKER_02
person,1015.512,1015.792,0.913,SPEAKER_02
in,1015.832,1015.892,0.662,SPEAKER_02
the,1015.912,1015.972,0.898,SPEAKER_02
world.,1016.012,1016.213,0.861,SPEAKER_02
Don't,1016.253,1016.413,0.698,SPEAKER_02
tell,1016.433,1016.673,0.566,SPEAKER_02
her,1016.773,1016.873,0.483,SPEAKER_02
dad.,1016.893,1017.114,0.975,SPEAKER_02
I,1017.414,1017.474,0.894,SPEAKER_01
know.,1017.514,1019.676,0.775,SPEAKER_01
I,1019.977,1019.997,0.028,SPEAKER_01
know.,1020.017,1020.717,0.746,SPEAKER_01
You're,1020.757,1020.918,0.316,SPEAKER_01
my,1020.938,1021.058,0.926,SPEAKER_01
favorite,1021.098,1021.658,0.625,SPEAKER_01
too.,1021.678,1024.782,0.439,SPEAKER_00
If,1024.802,1024.862,0.99,SPEAKER_00
you,1024.902,1025.022,0.944,SPEAKER_00
enjoyed,1025.042,1025.302,0.745,SPEAKER_00
that,1025.322,1025.442,0.839,SPEAKER_00
conversation,1025.503,1026.023,0.969,SPEAKER_00
in,1026.083,1026.123,0.861,SPEAKER_00
the,1026.143,1026.243,0.688,SPEAKER_00
"end,",1026.323,1026.464,0.74,SPEAKER_00
visit,1026.804,1027.004,0.761,SPEAKER_00
theskindeep.com,1027.024,1028.125,0.616,SPEAKER_00
slash,1028.145,1028.426,0.787,SPEAKER_00
shop,1028.446,1028.706,0.885,SPEAKER_00
where,1029.226,1029.367,0.262,SPEAKER_00
you'll,1029.407,1029.527,0.498,SPEAKER_00
find,1029.547,1029.727,0.74,SPEAKER_00
more,1029.767,1030.007,0.67,SPEAKER_00
of,1030.067,1030.107,0.996,SPEAKER_00
our,1030.167,1030.268,0.849,SPEAKER_00
products,1030.328,1030.728,0.827,SPEAKER_00
to,1031.569,1031.609,0.147,SPEAKER_00
create,1031.629,1031.809,0.771,SPEAKER_00
the,1031.849,1031.929,0.896,SPEAKER_00
space,1031.949,1032.27,0.867,SPEAKER_00
to,1032.31,1032.39,0.994,SPEAKER_00
explore,1032.45,1032.85,0.82,SPEAKER_00
the,1032.89,1033.611,0.931,SPEAKER_00
relationships,1033.651,1034.072,0.683,SPEAKER_00
that,1034.092,1034.192,0.795,SPEAKER_00
are,1034.232,1034.312,0.853,SPEAKER_00
most,1034.352,1034.532,0.9,SPEAKER_00
important,1034.592,1034.932,0.765,SPEAKER_00
to,1034.953,1034.993,0.062,SPEAKER_00
you.,1035.013,1035.433,0.869,SPEAKER_00
