start,end,text,words,speaker
0.031,6.621," In what ways do you feel, oh I love this question, in what ways do you feel you are the continuation of me?","[{'word': 'In', 'start': np.float64(0.031), 'end': np.float64(0.231), 'score': np.float64(0.873), 'speaker': 'SPEAKER_01'}, {'word': 'what', 'start': np.float64(0.291), 'end': np.float64(0.452), 'score': np.float64(0.84), 'speaker': 'SPEAKER_01'}, {'word': 'ways', 'start': np.float64(0.532), 'end': np.float64(0.852), 'score': np.float64(0.821), 'speaker': 'SPEAKER_01'}, {'word': 'do', 'start': np.float64(0.912), 'end': np.float64(1.032), 'score': np.float64(0.996), 'speaker': 'SPEAKER_01'}, {'word': 'you', 'start': np.float64(1.073), 'end': np.float64(1.213), 'score': np.float64(0.822), 'speaker': 'SPEAKER_01'}, {'word': 'feel,', 'start': np.float64(1.353), 'end': np.float64(1.713), 'score': np.float64(0.899), 'speaker': 'SPEAKER_01'}, {'word': 'oh', 'start': np.float64(1.733), 'end': np.float64(1.774), 'score': np.float64(0.5), 'speaker': 'SPEAKER_01'}, {'word': 'I', 'start': np.float64(1.794), 'end': np.float64(1.814), 'score': np.float64(1.0), 'speaker': 'SPEAKER_01'}, {'word': 'love', 'start': np.float64(2.855), 'end': np.float64(3.035), 'score': np.float64(0.872), 'speaker': 'SPEAKER_01'}, {'word': 'this', 'start': np.float64(3.075), 'end': np.float64(3.196), 'score': np.float64(0.771), 'speaker': 'SPEAKER_01'}, {'word': 'question,', 'start': np.float64(3.256), 'end': np.float64(3.576), 'score': np.float64(0.869), 'speaker': 'SPEAKER_01'}, {'word': 'in', 'start': np.float64(3.616), 'end': np.float64(3.696), 'score': np.float64(0.816), 'speaker': 'SPEAKER_01'}, {'word': 'what', 'start': np.float64(3.736), 'end': np.float64(3.857), 'score': np.float64(0.853), 'speaker': 'SPEAKER_01'}, {'word': 'ways', 'start': np.float64(3.917), 'end': np.float64(4.177), 'score': np.float64(0.825), 'speaker': 'SPEAKER_01'}, {'word': 'do', 'start': np.float64(4.197), 'end': np.float64(4.237), 'score': np.float64(0.507), 'speaker': 'SPEAKER_01'}, {'word': 'you', 'start': np.float64(4.257), 'end': np.float64(4.417), 'score': np.float64(0.87), 'speaker': 'SPEAKER_01'}, {'word': 'feel', 'start': np.float64(4.477), 'end': np.float64(4.678), 'score': np.float64(0.864), 'speaker': 'SPEAKER_01'}, {'word': 'you', 'start': np.float64(4.718), 'end': np.float64(4.878), 'score': np.float64(0.829), 'speaker': 'SPEAKER_01'}, {'word': 'are', 'start': np.float64(4.958), 'end': np.float64(5.038), 'score': np.float64(0.918), 'speaker': 'SPEAKER_01'}, {'word': 'the', 'start': np.float64(5.058), 'end': np.float64(5.158), 'score': np.float64(0.678), 'speaker': 'SPEAKER_01'}, {'word': 'continuation', 'start': np.float64(5.219), 'end': np.float64(6.14), 'score': np.float64(0.804), 'speaker': 'SPEAKER_01'}, {'word': 'of', 'start': np.float64(6.2), 'end': np.float64(6.24), 'score': np.float64(0.972), 'speaker': 'SPEAKER_01'}, {'word': 'me?', 'start': np.float64(6.28), 'end': np.float64(6.621), 'score': np.float64(0.899), 'speaker': 'SPEAKER_01'}]",SPEAKER_01
6.641,8.603,Oh I love that.,"[{'word': 'Oh', 'start': np.float64(6.641), 'end': np.float64(6.681), 'score': np.float64(0.5), 'speaker': 'SPEAKER_01'}, {'word': 'I', 'start': np.float64(6.701), 'end': np.float64(6.721), 'score': np.float64(1.0), 'speaker': 'SPEAKER_01'}, {'word': 'love', 'start': np.float64(7.542), 'end': np.float64(7.822), 'score': np.float64(0.789), 'speaker': 'SPEAKER_01'}, {'word': 'that.', 'start': np.float64(7.862), 'end': np.float64(8.603), 'score': np.float64(0.755), 'speaker': 'SPEAKER_01'}]",SPEAKER_01
8.664,11.167,That's a great question.,"[{'word': ""That's"", 'start': np.float64(8.664), 'end': np.float64(9.965), 'score': np.float64(0.838), 'speaker': 'SPEAKER_01'}, {'word': 'a', 'start': np.float64(10.026), 'end': np.float64(10.046), 'score': np.float64(0.961), 'speaker': 'SPEAKER_02'}, {'word': 'great', 'start': np.float64(10.186), 'end': np.float64(10.506), 'score': np.float64(0.84), 'speaker': 'SPEAKER_02'}, {'word': 'question.', 'start': np.float64(10.586), 'end': np.float64(11.167), 'score': np.float64(0.839), 'speaker': 'SPEAKER_02'}]",SPEAKER_02
23.826,28.232,When was a moment you knew you could trust me and really open up?,"[{'word': 'When', 'start': np.float64(23.826), 'end': np.float64(23.986), 'score': np.float64(0.949), 'speaker': 'SPEAKER_01'}, {'word': 'was', 'start': np.float64(24.026), 'end': np.float64(24.146), 'score': np.float64(0.884), 'speaker': 'SPEAKER_01'}, {'word': 'a', 'start': np.float64(24.226), 'end': np.float64(24.266), 'score': np.float64(0.832), 'speaker': 'SPEAKER_01'}, {'word': 'moment', 'start': np.float64(24.326), 'end': np.float64(24.687), 'score': np.float64(0.82), 'speaker': 'SPEAKER_01'}, {'word': 'you', 'start': np.float64(24.727), 'end': np.float64(24.947), 'score': np.float64(0.554), 'speaker': 'SPEAKER_01'}, {'word': 'knew', 'start': np.float64(25.047), 'end': np.float64(25.308), 'score': np.float64(0.795), 'speaker': 'SPEAKER_01'}, {'word': 'you', 'start': np.float64(25.328), 'end': np.float64(25.388), 'score': np.float64(0.333), 'speaker': 'SPEAKER_01'}, {'word': 'could', 'start': np.float64(26.209), 'end': np.float64(26.349), 'score': np.float64(0.716), 'speaker': 'SPEAKER_01'}, {'word': 'trust', 'start': np.float64(26.409), 'end': np.float64(26.71), 'score': np.float64(0.717), 'speaker': 'SPEAKER_01'}, {'word': 'me', 'start': np.float64(26.79), 'end': np.float64(26.93), 'score': np.float64(0.707), 'speaker': 'SPEAKER_01'}, {'word': 'and', 'start': np.float64(26.97), 'end': np.float64(27.211), 'score': np.float64(0.543), 'speaker': 'SPEAKER_01'}, {'word': 'really', 'start': np.float64(27.331), 'end': np.float64(27.611), 'score': np.float64(0.739), 'speaker': 'SPEAKER_01'}, {'word': 'open', 'start': np.float64(27.731), 'end': np.float64(27.932), 'score': np.float64(0.85), 'speaker': 'SPEAKER_01'}, {'word': 'up?', 'start': np.float64(28.032), 'end': np.float64(28.232), 'score': np.float64(0.941), 'speaker': 'SPEAKER_01'}]",SPEAKER_01
33.275,43.572, I think definitely as an adult I think that I wanted to have the bond we have now my whole life but it was so hard when I was a kid because I was so lost and I was so confused.,"[{'word': 'I', 'start': np.float64(33.275), 'end': np.float64(33.436), 'score': np.float64(0.678), 'speaker': 'SPEAKER_02'}, {'word': 'think', 'start': np.float64(33.456), 'end': np.float64(33.636), 'score': np.float64(0.989), 'speaker': 'SPEAKER_02'}, {'word': 'definitely', 'start': np.float64(33.656), 'end': np.float64(34.038), 'score': np.float64(0.785), 'speaker': 'SPEAKER_02'}, {'word': 'as', 'start': np.float64(34.098), 'end': np.float64(34.198), 'score': np.float64(0.845), 'speaker': 'SPEAKER_02'}, {'word': 'an', 'start': np.float64(34.238), 'end': np.float64(34.299), 'score': np.float64(0.598), 'speaker': 'SPEAKER_02'}, {'word': 'adult', 'start': np.float64(34.359), 'end': np.float64(34.78), 'score': np.float64(0.821), 'speaker': 'SPEAKER_02'}, {'word': 'I', 'start': np.float64(34.8), 'end': np.float64(34.821), 'score': np.float64(0.999), 'speaker': 'SPEAKER_02'}, {'word': 'think', 'start': np.float64(35.423), 'end': np.float64(35.583), 'score': np.float64(0.893), 'speaker': 'SPEAKER_02'}, {'word': 'that', 'start': np.float64(35.603), 'end': np.float64(35.724), 'score': np.float64(0.781), 'speaker': 'SPEAKER_02'}, {'word': 'I', 'start': np.float64(35.764), 'end': np.float64(35.804), 'score': np.float64(0.865), 'speaker': 'SPEAKER_02'}, {'word': 'wanted', 'start': np.float64(36.286), 'end': np.float64(36.707), 'score': np.float64(0.86), 'speaker': 'SPEAKER_02'}, {'word': 'to', 'start': np.float64(36.748), 'end': np.float64(36.828), 'score': np.float64(0.668), 'speaker': 'SPEAKER_02'}, {'word': 'have', 'start': np.float64(36.908), 'end': np.float64(37.209), 'score': np.float64(0.946), 'speaker': 'SPEAKER_02'}, {'word': 'the', 'start': np.float64(37.229), 'end': np.float64(37.289), 'score': np.float64(0.333), 'speaker': 'SPEAKER_02'}, {'word': 'bond', 'start': np.float64(37.43), 'end': np.float64(37.631), 'score': np.float64(0.606), 'speaker': 'SPEAKER_02'}, {'word': 'we', 'start': np.float64(37.671), 'end': np.float64(37.771), 'score': np.float64(0.978), 'speaker': 'SPEAKER_02'}, {'word': 'have', 'start': np.float64(37.811), 'end': np.float64(37.932), 'score': np.float64(0.99), 'speaker': 'SPEAKER_02'}, {'word': 'now', 'start': np.float64(37.972), 'end': np.float64(38.132), 'score': np.float64(0.928), 'speaker': 'SPEAKER_02'}, {'word': 'my', 'start': np.float64(38.193), 'end': np.float64(38.333), 'score': np.float64(0.621), 'speaker': 'SPEAKER_02'}, {'word': 'whole', 'start': np.float64(38.393), 'end': np.float64(38.534), 'score': np.float64(0.902), 'speaker': 'SPEAKER_02'}, {'word': 'life', 'start': np.float64(38.574), 'end': np.float64(38.835), 'score': np.float64(0.666), 'speaker': 'SPEAKER_02'}, {'word': 'but', 'start': np.float64(38.875), 'end': np.float64(39.417), 'score': np.float64(0.969), 'speaker': 'SPEAKER_02'}, {'word': 'it', 'start': np.float64(39.437), 'end': np.float64(39.477), 'score': np.float64(0.986), 'speaker': 'SPEAKER_02'}, {'word': 'was', 'start': np.float64(39.517), 'end': np.float64(39.618), 'score': np.float64(0.823), 'speaker': 'SPEAKER_02'}, {'word': 'so', 'start': np.float64(39.718), 'end': np.float64(39.919), 'score': np.float64(0.856), 'speaker': 'SPEAKER_02'}, {'word': 'hard', 'start': np.float64(39.979), 'end': np.float64(40.18), 'score': np.float64(0.808), 'speaker': 'SPEAKER_02'}, {'word': 'when', 'start': np.float64(40.2), 'end': np.float64(40.32), 'score': np.float64(0.87), 'speaker': 'SPEAKER_02'}, {'word': 'I', 'start': np.float64(40.361), 'end': np.float64(40.421), 'score': np.float64(0.574), 'speaker': 'SPEAKER_02'}, {'word': 'was', 'start': np.float64(40.441), 'end': np.float64(40.541), 'score': np.float64(0.654), 'speaker': 'SPEAKER_02'}, {'word': 'a', 'start': np.float64(40.601), 'end': np.float64(40.621), 'score': np.float64(0.889), 'speaker': 'SPEAKER_02'}, {'word': 'kid', 'start': np.float64(40.662), 'end': np.float64(40.923), 'score': np.float64(0.974), 'speaker': 'SPEAKER_02'}, {'word': 'because', 'start': np.float64(40.963), 'end': np.float64(41.224), 'score': np.float64(0.86), 'speaker': 'SPEAKER_02'}, {'word': 'I', 'start': np.float64(41.324), 'end': np.float64(41.384), 'score': np.float64(0.982), 'speaker': 'SPEAKER_02'}, {'word': 'was', 'start': np.float64(41.424), 'end': np.float64(41.545), 'score': np.float64(0.842), 'speaker': 'SPEAKER_02'}, {'word': 'so', 'start': np.float64(41.585), 'end': np.float64(41.725), 'score': np.float64(0.922), 'speaker': 'SPEAKER_02'}, {'word': 'lost', 'start': np.float64(41.766), 'end': np.float64(42.127), 'score': np.float64(0.696), 'speaker': 'SPEAKER_02'}, {'word': 'and', 'start': np.float64(42.187), 'end': np.float64(42.287), 'score': np.float64(0.798), 'speaker': 'SPEAKER_02'}, {'word': 'I', 'start': np.float64(42.348), 'end': np.float64(42.388), 'score': np.float64(0.993), 'speaker': 'SPEAKER_02'}, {'word': 'was', 'start': np.float64(42.428), 'end': np.float64(42.508), 'score': np.float64(0.87), 'speaker': 'SPEAKER_02'}, {'word': 'so', 'start': np.float64(42.548), 'end': np.float64(42.669), 'score': np.float64(0.87), 'speaker': 'SPEAKER_02'}, {'word': 'confused.', 'start': np.float64(42.709), 'end': np.float64(43.572), 'score': np.float64(0.804), 'speaker': 'SPEAKER_02'}]",SPEAKER_02
44.615,47.437, And it was hard to know you were on my side.,"[{'word': 'And', 'start': np.float64(44.615), 'end': np.float64(45.155), 'score': np.float64(0.805), 'speaker': 'SPEAKER_02'}, {'word': 'it', 'start': np.float64(45.175), 'end': np.float64(45.216), 'score': np.float64(0.5), 'speaker': 'SPEAKER_02'}, {'word': 'was', 'start': np.float64(45.896), 'end': np.float64(45.996), 'score': np.float64(0.896), 'speaker': 'SPEAKER_02'}, {'word': 'hard', 'start': np.float64(46.056), 'end': np.float64(46.256), 'score': np.float64(0.842), 'speaker': 'SPEAKER_02'}, {'word': 'to', 'start': np.float64(46.316), 'end': np.float64(46.377), 'score': np.float64(0.986), 'speaker': 'SPEAKER_02'}, {'word': 'know', 'start': np.float64(46.437), 'end': np.float64(46.597), 'score': np.float64(0.777), 'speaker': 'SPEAKER_02'}, {'word': 'you', 'start': np.float64(46.617), 'end': np.float64(46.737), 'score': np.float64(0.732), 'speaker': 'SPEAKER_02'}, {'word': 'were', 'start': np.float64(46.777), 'end': np.float64(46.897), 'score': np.float64(0.861), 'speaker': 'SPEAKER_02'}, {'word': 'on', 'start': np.float64(46.937), 'end': np.float64(46.997), 'score': np.float64(0.997), 'speaker': 'SPEAKER_02'}, {'word': 'my', 'start': np.float64(47.037), 'end': np.float64(47.157), 'score': np.float64(0.78), 'speaker': 'SPEAKER_02'}, {'word': 'side.', 'start': np.float64(47.217), 'end': np.float64(47.437), 'score': np.float64(0.905), 'speaker': 'SPEAKER_02'}]",SPEAKER_02
47.478,52.662,"That's something you used to say to me all the time when I was a kid, I'm on your side, I'm on your side, but I never heard you.","[{'word': ""That's"", 'start': np.float64(47.478), 'end': np.float64(47.618), 'score': np.float64(0.661), 'speaker': 'SPEAKER_02'}, {'word': 'something', 'start': np.float64(47.638), 'end': np.float64(47.818), 'score': np.float64(0.279), 'speaker': 'SPEAKER_02'}, {'word': 'you', 'start': np.float64(47.838), 'end': np.float64(47.898), 'score': np.float64(0.0), 'speaker': 'SPEAKER_02'}, {'word': 'used', 'start': np.float64(47.918), 'end': np.float64(48.038), 'score': np.float64(0.846), 'speaker': 'SPEAKER_02'}, {'word': 'to', 'start': np.float64(48.078), 'end': np.float64(48.138), 'score': np.float64(0.932), 'speaker': 'SPEAKER_02'}, {'word': 'say', 'start': np.float64(48.218), 'end': np.float64(48.378), 'score': np.float64(0.662), 'speaker': 'SPEAKER_02'}, {'word': 'to', 'start': np.float64(48.418), 'end': np.float64(48.458), 'score': np.float64(0.748), 'speaker': 'SPEAKER_02'}, {'word': 'me', 'start': np.float64(48.518), 'end': np.float64(48.598), 'score': np.float64(0.74), 'speaker': 'SPEAKER_02'}, {'word': 'all', 'start': np.float64(48.759), 'end': np.float64(48.879), 'score': np.float64(0.829), 'speaker': 'SPEAKER_02'}, {'word': 'the', 'start': np.float64(48.919), 'end': np.float64(48.999), 'score': np.float64(0.797), 'speaker': 'SPEAKER_02'}, {'word': 'time', 'start': np.float64(49.039), 'end': np.float64(49.199), 'score': np.float64(0.873), 'speaker': 'SPEAKER_02'}, {'word': 'when', 'start': np.float64(49.219), 'end': np.float64(49.299), 'score': np.float64(0.952), 'speaker': 'SPEAKER_02'}, {'word': 'I', 'start': np.float64(49.339), 'end': np.float64(49.379), 'score': np.float64(0.496), 'speaker': 'SPEAKER_02'}, {'word': 'was', 'start': np.float64(49.419), 'end': np.float64(49.499), 'score': np.float64(0.828), 'speaker': 'SPEAKER_02'}, {'word': 'a', 'start': np.float64(49.519), 'end': np.float64(49.539), 'score': np.float64(0.093), 'speaker': 'SPEAKER_02'}, {'word': 'kid,', 'start': np.float64(49.659), 'end': np.float64(49.739), 'score': np.float64(0.184), 'speaker': 'SPEAKER_02'}, {'word': ""I'm"", 'start': np.float64(49.76), 'end': np.float64(49.88), 'score': np.float64(0.904), 'speaker': 'SPEAKER_02'}, {'word': 'on', 'start': np.float64(49.94), 'end': np.float64(50.0), 'score': np.float64(0.736), 'speaker': 'SPEAKER_02'}, {'word': 'your', 'start': np.float64(50.04), 'end': np.float64(50.2), 'score': np.float64(0.902), 'speaker': 'SPEAKER_02'}, {'word': 'side,', 'start': np.float64(50.24), 'end': np.float64(50.54), 'score': np.float64(0.983), 'speaker': 'SPEAKER_02'}, {'word': ""I'm"", 'start': np.float64(50.68), 'end': np.float64(50.8), 'score': np.float64(0.914), 'speaker': 'SPEAKER_02'}, {'word': 'on', 'start': np.float64(50.86), 'end': np.float64(50.941), 'score': np.float64(0.778), 'speaker': 'SPEAKER_02'}, {'word': 'your', 'start': np.float64(50.961), 'end': np.float64(51.121), 'score': np.float64(0.665), 'speaker': 'SPEAKER_02'}, {'word': 'side,', 'start': np.float64(51.161), 'end': np.float64(51.501), 'score': np.float64(0.844), 'speaker': 'SPEAKER_02'}, {'word': 'but', 'start': np.float64(51.621), 'end': np.float64(51.721), 'score': np.float64(0.927), 'speaker': 'SPEAKER_02'}, {'word': 'I', 'start': np.float64(51.801), 'end': np.float64(51.861), 'score': np.float64(0.878), 'speaker': 'SPEAKER_02'}, {'word': 'never', 'start': np.float64(51.901), 'end': np.float64(52.082), 'score': np.float64(0.841), 'speaker': 'SPEAKER_02'}, {'word': 'heard', 'start': np.float64(52.162), 'end': np.float64(52.422), 'score': np.float64(0.624), 'speaker': 'SPEAKER_02'}, {'word': 'you.', 'start': np.float64(52.482), 'end': np.float64(52.662), 'score': np.float64(0.928), 'speaker': 'SPEAKER_02'}]",SPEAKER_02
52.702,56.125,"You'd always remind me of your love for me, but I never understood it.","[{'word': ""You'd"", 'start': np.float64(52.702), 'end': np.float64(53.283), 'score': np.float64(0.396), 'speaker': 'SPEAKER_02'}, {'word': 'always', 'start': np.float64(53.303), 'end': np.float64(53.443), 'score': np.float64(0.834), 'speaker': 'SPEAKER_02'}, {'word': 'remind', 'start': np.float64(53.503), 'end': np.float64(53.863), 'score': np.float64(0.745), 'speaker': 'SPEAKER_02'}, {'word': 'me', 'start': np.float64(53.903), 'end': np.float64(54.003), 'score': np.float64(0.883), 'speaker': 'SPEAKER_02'}, {'word': 'of', 'start': np.float64(54.063), 'end': np.float64(54.123), 'score': np.float64(0.749), 'speaker': 'SPEAKER_02'}, {'word': 'your', 'start': np.float64(54.183), 'end': np.float64(54.304), 'score': np.float64(0.854), 'speaker': 'SPEAKER_02'}, {'word': 'love', 'start': np.float64(54.344), 'end': np.float64(54.504), 'score': np.float64(0.901), 'speaker': 'SPEAKER_02'}, {'word': 'for', 'start': np.float64(54.544), 'end': np.float64(54.624), 'score': np.float64(0.996), 'speaker': 'SPEAKER_02'}, {'word': 'me,', 'start': np.float64(54.664), 'end': np.float64(54.764), 'score': np.float64(0.935), 'speaker': 'SPEAKER_02'}, {'word': 'but', 'start': np.float64(54.784), 'end': np.float64(54.884), 'score': np.float64(0.978), 'speaker': 'SPEAKER_02'}, {'word': 'I', 'start': np.float64(54.944), 'end': np.float64(55.004), 'score': np.float64(0.997), 'speaker': 'SPEAKER_02'}, {'word': 'never', 'start': np.float64(55.064), 'end': np.float64(55.264), 'score': np.float64(0.755), 'speaker': 'SPEAKER_02'}, {'word': 'understood', 'start': np.float64(55.304), 'end': np.float64(55.985), 'score': np.float64(0.692), 'speaker': 'SPEAKER_02'}, {'word': 'it.', 'start': np.float64(56.025), 'end': np.float64(56.125), 'score': np.float64(0.765), 'speaker': 'SPEAKER_02'}]",SPEAKER_02
56.225,58.487,"I used to say like, you hate me, you hate me.","[{'word': 'I', 'start': np.float64(56.225), 'end': np.float64(56.265), 'score': np.float64(0.809), 'speaker': 'SPEAKER_02'}, {'word': 'used', 'start': np.float64(56.465), 'end': np.float64(56.586), 'score': np.float64(0.615), 'speaker': 'SPEAKER_02'}, {'word': 'to', 'start': np.float64(56.646), 'end': np.float64(56.706), 'score': np.float64(0.978), 'speaker': 'SPEAKER_02'}, {'word': 'say', 'start': np.float64(56.766), 'end': np.float64(56.966), 'score': np.float64(0.818), 'speaker': 'SPEAKER_02'}, {'word': 'like,', 'start': np.float64(57.026), 'end': np.float64(57.186), 'score': np.float64(0.837), 'speaker': 'SPEAKER_02'}, {'word': 'you', 'start': np.float64(57.226), 'end': np.float64(57.366), 'score': np.float64(0.652), 'speaker': 'SPEAKER_02'}, {'word': 'hate', 'start': np.float64(57.406), 'end': np.float64(57.606), 'score': np.float64(0.696), 'speaker': 'SPEAKER_02'}, {'word': 'me,', 'start': np.float64(57.666), 'end': np.float64(57.807), 'score': np.float64(0.95), 'speaker': 'SPEAKER_02'}, {'word': 'you', 'start': np.float64(57.947), 'end': np.float64(58.087), 'score': np.float64(0.718), 'speaker': 'SPEAKER_02'}, {'word': 'hate', 'start': np.float64(58.127), 'end': np.float64(58.307), 'score': np.float64(0.74), 'speaker': 'SPEAKER_02'}, {'word': 'me.', 'start': np.float64(58.347), 'end': np.float64(58.487), 'score': np.float64(0.913), 'speaker': 'SPEAKER_02'}]",SPEAKER_02
58.707,65.573,"I saw so clearly as an adult, what I couldn't see as a kid, and that is that you love me so deeply and wholeheartedly.","[{'word': 'I', 'start': np.float64(58.707), 'end': np.float64(58.767), 'score': np.float64(0.998), 'speaker': 'SPEAKER_02'}, {'word': 'saw', 'start': np.float64(58.888), 'end': np.float64(59.128), 'score': np.float64(0.916), 'speaker': 'SPEAKER_02'}, {'word': 'so', 'start': np.float64(59.168), 'end': np.float64(59.468), 'score': np.float64(0.855), 'speaker': 'SPEAKER_02'}, {'word': 'clearly', 'start': np.float64(59.528), 'end': np.float64(59.828), 'score': np.float64(0.847), 'speaker': 'SPEAKER_02'}, {'word': 'as', 'start': np.float64(59.888), 'end': np.float64(59.988), 'score': np.float64(0.847), 'speaker': 'SPEAKER_02'}, {'word': 'an', 'start': np.float64(60.029), 'end': np.float64(60.089), 'score': np.float64(0.52), 'speaker': 'SPEAKER_02'}, {'word': 'adult,', 'start': np.float64(60.149), 'end': np.float64(60.549), 'score': np.float64(0.794), 'speaker': 'SPEAKER_02'}, {'word': 'what', 'start': np.float64(60.629), 'end': np.float64(60.749), 'score': np.float64(0.894), 'speaker': 'SPEAKER_02'}, {'word': 'I', 'start': np.float64(60.789), 'end': np.float64(60.809), 'score': np.float64(0.809), 'speaker': 'SPEAKER_02'}, {'word': ""couldn't"", 'start': np.float64(60.909), 'end': np.float64(61.17), 'score': np.float64(0.789), 'speaker': 'SPEAKER_02'}, {'word': 'see', 'start': np.float64(61.21), 'end': np.float64(61.33), 'score': np.float64(0.872), 'speaker': 'SPEAKER_02'}, {'word': 'as', 'start': np.float64(61.37), 'end': np.float64(61.45), 'score': np.float64(0.722), 'speaker': 'SPEAKER_02'}, {'word': 'a', 'start': np.float64(61.51), 'end': np.float64(61.53), 'score': np.float64(0.999), 'speaker': 'SPEAKER_02'}, {'word': 'kid,', 'start': np.float64(61.57), 'end': np.float64(61.83), 'score': np.float64(0.985), 'speaker': 'SPEAKER_02'}, {'word': 'and', 'start': np.float64(61.89), 'end': np.float64(61.97), 'score': np.float64(0.821), 'speaker': 'SPEAKER_02'}, {'word': 'that', 'start': np.float64(62.01), 'end': np.float64(62.17), 'score': np.float64(0.883), 'speaker': 'SPEAKER_02'}, {'word': 'is', 'start': np.float64(62.23), 'end': np.float64(62.311), 'score': np.float64(0.888), 'speaker': 'SPEAKER_02'}, {'word': 'that', 'start': np.float64(62.371), 'end': np.float64(62.531), 'score': np.float64(0.995), 'speaker': 'SPEAKER_02'}, {'word': 'you', 'start': np.float64(62.891), 'end': np.float64(63.051), 'score': np.float64(0.812), 'speaker': 'SPEAKER_02'}, {'word': 'love', 'start': np.float64(63.111), 'end': np.float64(63.311), 'score': np.float64(0.86), 'speaker': 'SPEAKER_02'}, {'word': 'me', 'start': np.float64(63.351), 'end': np.float64(63.452), 'score': np.float64(0.802), 'speaker': 'SPEAKER_02'}, {'word': 'so', 'start': np.float64(63.612), 'end': np.float64(63.832), 'score': np.float64(0.838), 'speaker': 'SPEAKER_02'}, {'word': 'deeply', 'start': np.float64(63.872), 'end': np.float64(64.312), 'score': np.float64(0.754), 'speaker': 'SPEAKER_02'}, {'word': 'and', 'start': np.float64(64.332), 'end': np.float64(64.773), 'score': np.float64(0.544), 'speaker': 'SPEAKER_02'}, {'word': 'wholeheartedly.', 'start': np.float64(64.833), 'end': np.float64(65.573), 'score': np.float64(0.843), 'speaker': 'SPEAKER_02'}]",SPEAKER_02
65.613,68.916,My happiness was at the top of your priority list.,"[{'word': 'My', 'start': np.float64(65.613), 'end': np.float64(66.314), 'score': np.float64(0.865), 'speaker': 'SPEAKER_02'}, {'word': 'happiness', 'start': np.float64(66.394), 'end': np.float64(66.915), 'score': np.float64(0.831), 'speaker': 'SPEAKER_02'}, {'word': 'was', 'start': np.float64(66.975), 'end': np.float64(67.095), 'score': np.float64(0.659), 'speaker': 'SPEAKER_02'}, {'word': 'at', 'start': np.float64(67.215), 'end': np.float64(67.275), 'score': np.float64(0.753), 'speaker': 'SPEAKER_02'}, {'word': 'the', 'start': np.float64(67.295), 'end': np.float64(67.395), 'score': np.float64(0.813), 'speaker': 'SPEAKER_02'}, {'word': 'top', 'start': np.float64(67.455), 'end': np.float64(67.715), 'score': np.float64(0.936), 'speaker': 'SPEAKER_02'}, {'word': 'of', 'start': np.float64(67.755), 'end': np.float64(67.795), 'score': np.float64(0.946), 'speaker': 'SPEAKER_02'}, {'word': 'your', 'start': np.float64(67.855), 'end': np.float64(67.996), 'score': np.float64(0.82), 'speaker': 'SPEAKER_02'}, {'word': 'priority', 'start': np.float64(68.036), 'end': np.float64(68.516), 'score': np.float64(0.815), 'speaker': 'SPEAKER_02'}, {'word': 'list.', 'start': np.float64(68.576), 'end': np.float64(68.916), 'score': np.float64(0.939), 'speaker': 'SPEAKER_02'}]",SPEAKER_02
69.096,73.12,"Even if that meant you not making always the best decisions, you were trying.","[{'word': 'Even', 'start': np.float64(69.096), 'end': np.float64(69.257), 'score': np.float64(0.843), 'speaker': 'SPEAKER_02'}, {'word': 'if', 'start': np.float64(69.317), 'end': np.float64(69.397), 'score': np.float64(0.74), 'speaker': 'SPEAKER_02'}, {'word': 'that', 'start': np.float64(69.437), 'end': np.float64(69.597), 'score': np.float64(0.715), 'speaker': 'SPEAKER_02'}, {'word': 'meant', 'start': np.float64(69.617), 'end': np.float64(69.757), 'score': np.float64(0.706), 'speaker': 'SPEAKER_02'}, {'word': 'you', 'start': np.float64(69.797), 'end': np.float64(69.897), 'score': np.float64(0.96), 'speaker': 'SPEAKER_02'}, {'word': 'not', 'start': np.float64(69.957), 'end': np.float64(70.077), 'score': np.float64(0.973), 'speaker': 'SPEAKER_02'}, {'word': 'making', 'start': np.float64(70.137), 'end': np.float64(70.378), 'score': np.float64(0.848), 'speaker': 'SPEAKER_02'}, {'word': 'always', 'start': np.float64(70.438), 'end': np.float64(70.618), 'score': np.float64(0.923), 'speaker': 'SPEAKER_02'}, {'word': 'the', 'start': np.float64(70.638), 'end': np.float64(70.718), 'score': np.float64(0.831), 'speaker': 'SPEAKER_02'}, {'word': 'best', 'start': np.float64(70.758), 'end': np.float64(70.918), 'score': np.float64(0.595), 'speaker': 'SPEAKER_02'}, {'word': 'decisions,', 'start': np.float64(70.958), 'end': np.float64(71.399), 'score': np.float64(0.795), 'speaker': 'SPEAKER_02'}, {'word': 'you', 'start': np.float64(71.419), 'end': np.float64(71.519), 'score': np.float64(0.638), 'speaker': 'SPEAKER_02'}, {'word': 'were', 'start': np.float64(71.559), 'end': np.float64(71.679), 'score': np.float64(0.824), 'speaker': 'SPEAKER_02'}, {'word': 'trying.', 'start': np.float64(71.719), 'end': np.float64(73.12), 'score': np.float64(0.755), 'speaker': 'SPEAKER_02'}]",SPEAKER_02
73.1,77.752," And so it allowed me to trust you and just feel like I could be fully open, fully vulnerable with you.","[{'word': 'And', 'start': np.float64(73.1), 'end': np.float64(73.301), 'score': np.float64(0.822), 'speaker': 'SPEAKER_02'}, {'word': 'so', 'start': np.float64(73.341), 'end': np.float64(73.421), 'score': np.float64(0.884), 'speaker': 'SPEAKER_02'}, {'word': 'it', 'start': np.float64(73.501), 'end': np.float64(73.561), 'score': np.float64(0.855), 'speaker': 'SPEAKER_02'}, {'word': 'allowed', 'start': np.float64(73.581), 'end': np.float64(73.862), 'score': np.float64(0.973), 'speaker': 'SPEAKER_02'}, {'word': 'me', 'start': np.float64(73.902), 'end': np.float64(73.982), 'score': np.float64(0.751), 'speaker': 'SPEAKER_02'}, {'word': 'to', 'start': np.float64(74.022), 'end': np.float64(74.103), 'score': np.float64(0.738), 'speaker': 'SPEAKER_02'}, {'word': 'trust', 'start': np.float64(74.163), 'end': np.float64(74.443), 'score': np.float64(0.845), 'speaker': 'SPEAKER_02'}, {'word': 'you', 'start': np.float64(74.484), 'end': np.float64(74.564), 'score': np.float64(0.963), 'speaker': 'SPEAKER_02'}, {'word': 'and', 'start': np.float64(74.604), 'end': np.float64(74.664), 'score': np.float64(0.424), 'speaker': 'SPEAKER_02'}, {'word': 'just', 'start': np.float64(74.684), 'end': np.float64(74.804), 'score': np.float64(0.725), 'speaker': 'SPEAKER_02'}, {'word': 'feel', 'start': np.float64(74.845), 'end': np.float64(74.925), 'score': np.float64(0.238), 'speaker': 'SPEAKER_02'}, {'word': 'like', 'start': np.float64(74.945), 'end': np.float64(75.045), 'score': np.float64(0.88), 'speaker': 'SPEAKER_02'}, {'word': 'I', 'start': np.float64(75.105), 'end': np.float64(75.145), 'score': np.float64(0.996), 'speaker': 'SPEAKER_02'}, {'word': 'could', 'start': np.float64(75.165), 'end': np.float64(75.306), 'score': np.float64(0.973), 'speaker': 'SPEAKER_02'}, {'word': 'be', 'start': np.float64(75.346), 'end': np.float64(75.446), 'score': np.float64(0.99), 'speaker': 'SPEAKER_02'}, {'word': 'fully', 'start': np.float64(75.707), 'end': np.float64(75.988), 'score': np.float64(0.928), 'speaker': 'SPEAKER_02'}, {'word': 'open,', 'start': np.float64(76.128), 'end': np.float64(76.409), 'score': np.float64(0.925), 'speaker': 'SPEAKER_02'}, {'word': 'fully', 'start': np.float64(76.469), 'end': np.float64(76.85), 'score': np.float64(0.859), 'speaker': 'SPEAKER_02'}, {'word': 'vulnerable', 'start': np.float64(76.91), 'end': np.float64(77.351), 'score': np.float64(0.853), 'speaker': 'SPEAKER_02'}, {'word': 'with', 'start': np.float64(77.391), 'end': np.float64(77.511), 'score': np.float64(0.776), 'speaker': 'SPEAKER_02'}, {'word': 'you.', 'start': np.float64(77.572), 'end': np.float64(77.752), 'score': np.float64(0.916), 'speaker': 'SPEAKER_02'}]",SPEAKER_02
77.792,80.82,And it just made me feel like really safe with you.,"[{'word': 'And', 'start': np.float64(77.792), 'end': np.float64(77.852), 'score': np.float64(0.333), 'speaker': 'SPEAKER_02'}, {'word': 'it', 'start': np.float64(78.394), 'end': np.float64(78.434), 'score': np.float64(0.932), 'speaker': 'SPEAKER_02'}, {'word': 'just', 'start': np.float64(78.454), 'end': np.float64(78.574), 'score': np.float64(0.853), 'speaker': 'SPEAKER_02'}, {'word': 'made', 'start': np.float64(78.594), 'end': np.float64(78.715), 'score': np.float64(0.674), 'speaker': 'SPEAKER_02'}, {'word': 'me', 'start': np.float64(78.735), 'end': np.float64(78.795), 'score': np.float64(0.846), 'speaker': 'SPEAKER_02'}, {'word': 'feel', 'start': np.float64(78.835), 'end': np.float64(78.995), 'score': np.float64(0.891), 'speaker': 'SPEAKER_02'}, {'word': 'like', 'start': np.float64(79.056), 'end': np.float64(79.236), 'score': np.float64(0.754), 'speaker': 'SPEAKER_02'}, {'word': 'really', 'start': np.float64(79.497), 'end': np.float64(79.998), 'score': np.float64(0.771), 'speaker': 'SPEAKER_02'}, {'word': 'safe', 'start': np.float64(80.118), 'end': np.float64(80.399), 'score': np.float64(0.776), 'speaker': 'SPEAKER_02'}, {'word': 'with', 'start': np.float64(80.479), 'end': np.float64(80.6), 'score': np.float64(0.937), 'speaker': 'SPEAKER_02'}, {'word': 'you.', 'start': np.float64(80.64), 'end': np.float64(80.82), 'score': np.float64(0.936), 'speaker': 'SPEAKER_02'}]",SPEAKER_02
80.84,85.793,"Yeah, and if I could answer that back, that question.","[{'word': 'Yeah,', 'start': np.float64(80.84), 'end': np.float64(82.565), 'score': np.float64(0.533), 'speaker': 'SPEAKER_01'}, {'word': 'and', 'start': np.float64(82.585), 'end': np.float64(82.645), 'score': np.float64(0.543), 'speaker': 'SPEAKER_01'}, {'word': 'if', 'start': np.float64(82.685), 'end': np.float64(82.745), 'score': np.float64(0.998), 'speaker': 'SPEAKER_01'}, {'word': 'I', 'start': np.float64(82.805), 'end': np.float64(82.865), 'score': np.float64(0.837), 'speaker': 'SPEAKER_01'}, {'word': 'could', 'start': np.float64(82.885), 'end': np.float64(83.026), 'score': np.float64(0.612), 'speaker': 'SPEAKER_01'}, {'word': 'answer', 'start': np.float64(83.126), 'end': np.float64(83.327), 'score': np.float64(0.908), 'speaker': 'SPEAKER_01'}, {'word': 'that', 'start': np.float64(83.367), 'end': np.float64(83.547), 'score': np.float64(0.76), 'speaker': 'SPEAKER_01'}, {'word': 'back,', 'start': np.float64(83.587), 'end': np.float64(84.089), 'score': np.float64(0.629), 'speaker': 'SPEAKER_01'}, {'word': 'that', 'start': np.float64(84.129), 'end': np.float64(84.249), 'score': np.float64(0.915), 'speaker': 'SPEAKER_01'}, {'word': 'question.', 'start': np.float64(84.309), 'end': np.float64(85.793), 'score': np.float64(0.943), 'speaker': 'SPEAKER_01'}]",SPEAKER_01
86.38,93.828," So when I was your mother and you were, I'm gonna say, under 18, okay, I felt so responsible for you.","[{'word': 'So', 'start': np.float64(86.38), 'end': np.float64(86.58), 'score': np.float64(0.616), 'speaker': 'SPEAKER_01'}, {'word': 'when', 'start': np.float64(86.62), 'end': np.float64(86.74), 'score': np.float64(0.85), 'speaker': 'SPEAKER_01'}, {'word': 'I', 'start': np.float64(86.8), 'end': np.float64(86.841), 'score': np.float64(0.998), 'speaker': 'SPEAKER_01'}, {'word': 'was', 'start': np.float64(86.881), 'end': np.float64(86.981), 'score': np.float64(0.879), 'speaker': 'SPEAKER_01'}, {'word': 'your', 'start': np.float64(87.021), 'end': np.float64(87.161), 'score': np.float64(0.935), 'speaker': 'SPEAKER_01'}, {'word': 'mother', 'start': np.float64(87.201), 'end': np.float64(87.481), 'score': np.float64(0.825), 'speaker': 'SPEAKER_01'}, {'word': 'and', 'start': np.float64(87.601), 'end': np.float64(87.681), 'score': np.float64(0.753), 'speaker': 'SPEAKER_01'}, {'word': 'you', 'start': np.float64(87.742), 'end': np.float64(87.882), 'score': np.float64(0.975), 'speaker': 'SPEAKER_01'}, {'word': 'were,', 'start': np.float64(87.942), 'end': np.float64(88.142), 'score': np.float64(0.739), 'speaker': 'SPEAKER_01'}, {'word': ""I'm"", 'start': np.float64(88.162), 'end': np.float64(88.222), 'score': np.float64(0.333), 'speaker': 'SPEAKER_01'}, {'word': 'gonna', 'start': np.float64(88.642), 'end': np.float64(88.803), 'score': np.float64(0.331), 'speaker': 'SPEAKER_01'}, {'word': 'say,', 'start': np.float64(88.843), 'end': np.float64(89.023), 'score': np.float64(0.949), 'speaker': 'SPEAKER_01'}, {'word': 'under', 'start': np.float64(89.263), 'end': np.float64(89.483), 'score': np.float64(0.917), 'speaker': 'SPEAKER_01'}, {'word': '18,', 'start': np.float64(89.543), 'end': np.float64(90.004), 'score': np.float64(0.866), 'speaker': 'SPEAKER_01'}, {'word': 'okay,', 'start': np.float64(90.044), 'end': np.float64(90.725), 'score': np.float64(0.7), 'speaker': 'SPEAKER_01'}, {'word': 'I', 'start': np.float64(91.225), 'end': np.float64(91.285), 'score': np.float64(0.957), 'speaker': 'SPEAKER_01'}, {'word': 'felt', 'start': np.float64(91.345), 'end': np.float64(91.506), 'score': np.float64(0.985), 'speaker': 'SPEAKER_01'}, {'word': 'so', 'start': np.float64(91.566), 'end': np.float64(91.706), 'score': np.float64(0.998), 'speaker': 'SPEAKER_01'}, {'word': 'responsible', 'start': np.float64(91.746), 'end': np.float64(92.567), 'score': np.float64(0.75), 'speaker': 'SPEAKER_01'}, {'word': 'for', 'start': np.float64(92.607), 'end': np.float64(93.548), 'score': np.float64(0.978), 'speaker': 'SPEAKER_01'}, {'word': 'you.', 'start': np.float64(93.588), 'end': np.float64(93.828), 'score': np.float64(0.937), 'speaker': 'SPEAKER_01'}]",SPEAKER_01
93.928,96.771,"Like, this is a human life that I'm responsible for.","[{'word': 'Like,', 'start': np.float64(93.928), 'end': np.float64(94.149), 'score': np.float64(0.976), 'speaker': 'SPEAKER_01'}, {'word': 'this', 'start': np.float64(94.549), 'end': np.float64(94.689), 'score': np.float64(0.848), 'speaker': 'SPEAKER_01'}, {'word': 'is', 'start': np.float64(94.769), 'end': np.float64(94.829), 'score': np.float64(0.776), 'speaker': 'SPEAKER_01'}, {'word': 'a', 'start': np.float64(94.889), 'end': np.float64(94.909), 'score': np.float64(0.313), 'speaker': 'SPEAKER_01'}, {'word': 'human', 'start': np.float64(94.989), 'end': np.float64(95.31), 'score': np.float64(0.899), 'speaker': 'SPEAKER_01'}, {'word': 'life', 'start': np.float64(95.37), 'end': np.float64(95.57), 'score': np.float64(0.876), 'speaker': 'SPEAKER_01'}, {'word': 'that', 'start': np.float64(95.61), 'end': np.float64(95.71), 'score': np.float64(0.936), 'speaker': 'SPEAKER_01'}, {'word': ""I'm"", 'start': np.float64(95.75), 'end': np.float64(95.87), 'score': np.float64(0.885), 'speaker': 'SPEAKER_01'}, {'word': 'responsible', 'start': np.float64(95.91), 'end': np.float64(96.471), 'score': np.float64(0.845), 'speaker': 'SPEAKER_01'}, {'word': 'for.', 'start': np.float64(96.531), 'end': np.float64(96.771), 'score': np.float64(0.931), 'speaker': 'SPEAKER_01'}]",SPEAKER_01
96.832,101.276,And I was so on edge about that.,"[{'word': 'And', 'start': np.float64(96.832), 'end': np.float64(98.313), 'score': np.float64(0.483), 'speaker': 'SPEAKER_01'}, {'word': 'I', 'start': np.float64(98.333), 'end': np.float64(98.353), 'score': np.float64(0.999), 'speaker': 'SPEAKER_01'}, {'word': 'was', 'start': np.float64(99.394), 'end': np.float64(99.494), 'score': np.float64(0.983), 'speaker': 'SPEAKER_01'}, {'word': 'so', 'start': np.float64(99.615), 'end': np.float64(99.895), 'score': np.float64(0.907), 'speaker': 'SPEAKER_01'}, {'word': 'on', 'start': np.float64(99.915), 'end': np.float64(100.255), 'score': np.float64(0.778), 'speaker': 'SPEAKER_01'}, {'word': 'edge', 'start': np.float64(100.315), 'end': np.float64(100.656), 'score': np.float64(0.805), 'speaker': 'SPEAKER_01'}, {'word': 'about', 'start': np.float64(100.736), 'end': np.float64(100.936), 'score': np.float64(0.985), 'speaker': 'SPEAKER_01'}, {'word': 'that.', 'start': np.float64(100.996), 'end': np.float64(101.276), 'score': np.float64(0.962), 'speaker': 'SPEAKER_01'}]",SPEAKER_01
101.737,103.199,I felt so anxious about it.,"[{'word': 'I', 'start': np.float64(101.737), 'end': np.float64(101.797), 'score': np.float64(0.983), 'speaker': 'SPEAKER_01'}, {'word': 'felt', 'start': np.float64(101.837), 'end': np.float64(101.997), 'score': np.float64(0.857), 'speaker': 'SPEAKER_01'}, {'word': 'so', 'start': np.float64(102.037), 'end': np.float64(102.157), 'score': np.float64(0.608), 'speaker': 'SPEAKER_01'}, {'word': 'anxious', 'start': np.float64(102.338), 'end': np.float64(102.678), 'score': np.float64(0.764), 'speaker': 'SPEAKER_01'}, {'word': 'about', 'start': np.float64(102.758), 'end': np.float64(103.038), 'score': np.float64(0.81), 'speaker': 'SPEAKER_01'}, {'word': 'it.', 'start': np.float64(103.138), 'end': np.float64(103.199), 'score': np.float64(0.997), 'speaker': 'SPEAKER_01'}]",SPEAKER_01
103.259,104.48,"Like, am I doing the right thing?","[{'word': 'Like,', 'start': np.float64(103.259), 'end': np.float64(103.439), 'score': np.float64(0.871), 'speaker': 'SPEAKER_01'}, {'word': 'am', 'start': np.float64(103.479), 'end': np.float64(103.539), 'score': np.float64(0.526), 'speaker': 'SPEAKER_01'}, {'word': 'I', 'start': np.float64(103.619), 'end': np.float64(103.679), 'score': np.float64(0.976), 'speaker': 'SPEAKER_01'}, {'word': 'doing', 'start': np.float64(103.739), 'end': np.float64(103.919), 'score': np.float64(0.805), 'speaker': 'SPEAKER_01'}, {'word': 'the', 'start': np.float64(103.959), 'end': np.float64(104.039), 'score': np.float64(0.825), 'speaker': 'SPEAKER_01'}, {'word': 'right', 'start': np.float64(104.079), 'end': np.float64(104.22), 'score': np.float64(0.736), 'speaker': 'SPEAKER_01'}, {'word': 'thing?', 'start': np.float64(104.3), 'end': np.float64(104.48), 'score': np.float64(0.958), 'speaker': 'SPEAKER_01'}]",SPEAKER_01
104.5,107.663,And so I was constantly trying to fix things and do things.,"[{'word': 'And', 'start': np.float64(104.5), 'end': np.float64(104.56), 'score': np.float64(0.99), 'speaker': 'SPEAKER_01'}, {'word': 'so', 'start': np.float64(104.58), 'end': np.float64(104.68), 'score': np.float64(0.707), 'speaker': 'SPEAKER_01'}, {'word': 'I', 'start': np.float64(104.72), 'end': np.float64(104.76), 'score': np.float64(0.869), 'speaker': 'SPEAKER_01'}, {'word': 'was', 'start': np.float64(104.8), 'end': np.float64(104.88), 'score': np.float64(0.841), 'speaker': 'SPEAKER_01'}, {'word': 'constantly', 'start': np.float64(104.96), 'end': np.float64(105.601), 'score': np.float64(0.775), 'speaker': 'SPEAKER_01'}, {'word': 'trying', 'start': np.float64(105.641), 'end': np.float64(106.202), 'score': np.float64(0.882), 'speaker': 'SPEAKER_01'}, {'word': 'to', 'start': np.float64(106.222), 'end': np.float64(106.282), 'score': np.float64(0.749), 'speaker': 'SPEAKER_01'}, {'word': 'fix', 'start': np.float64(106.362), 'end': np.float64(106.562), 'score': np.float64(0.984), 'speaker': 'SPEAKER_01'}, {'word': 'things', 'start': np.float64(106.622), 'end': np.float64(107.083), 'score': np.float64(0.748), 'speaker': 'SPEAKER_01'}, {'word': 'and', 'start': np.float64(107.163), 'end': np.float64(107.243), 'score': np.float64(0.88), 'speaker': 'SPEAKER_01'}, {'word': 'do', 'start': np.float64(107.403), 'end': np.float64(107.443), 'score': np.float64(0.006), 'speaker': 'SPEAKER_01'}, {'word': 'things.', 'start': np.float64(107.463), 'end': np.float64(107.663), 'score': np.float64(0.967), 'speaker': 'SPEAKER_01'}]",SPEAKER_01
108.264,116.353,"And I felt like I couldn't share a lot of that with you because I just had to put on this mother facade, you know, I'm your mother.","[{'word': 'And', 'start': np.float64(108.264), 'end': np.float64(108.404), 'score': np.float64(0.882), 'speaker': 'SPEAKER_01'}, {'word': 'I', 'start': np.float64(108.504), 'end': np.float64(108.564), 'score': np.float64(0.913), 'speaker': 'SPEAKER_01'}, {'word': 'felt', 'start': np.float64(108.604), 'end': np.float64(108.725), 'score': np.float64(0.975), 'speaker': 'SPEAKER_01'}, {'word': 'like', 'start': np.float64(108.765), 'end': np.float64(108.865), 'score': np.float64(0.984), 'speaker': 'SPEAKER_01'}, {'word': 'I', 'start': np.float64(108.905), 'end': np.float64(108.925), 'score': np.float64(0.989), 'speaker': 'SPEAKER_01'}, {'word': ""couldn't"", 'start': np.float64(108.985), 'end': np.float64(109.225), 'score': np.float64(0.824), 'speaker': 'SPEAKER_01'}, {'word': 'share', 'start': np.float64(109.485), 'end': np.float64(109.746), 'score': np.float64(0.738), 'speaker': 'SPEAKER_01'}, {'word': 'a', 'start': np.float64(109.786), 'end': np.float64(109.806), 'score': np.float64(0.985), 'speaker': 'SPEAKER_01'}, {'word': 'lot', 'start': np.float64(109.866), 'end': np.float64(109.986), 'score': np.float64(0.935), 'speaker': 'SPEAKER_01'}, {'word': 'of', 'start': np.float64(110.026), 'end': np.float64(110.066), 'score': np.float64(0.972), 'speaker': 'SPEAKER_01'}, {'word': 'that', 'start': np.float64(110.106), 'end': np.float64(110.246), 'score': np.float64(0.763), 'speaker': 'SPEAKER_01'}, {'word': 'with', 'start': np.float64(110.286), 'end': np.float64(110.426), 'score': np.float64(0.791), 'speaker': 'SPEAKER_01'}, {'word': 'you', 'start': np.float64(110.507), 'end': np.float64(110.787), 'score': np.float64(0.749), 'speaker': 'SPEAKER_01'}, {'word': 'because', 'start': np.float64(110.967), 'end': np.float64(111.187), 'score': np.float64(0.804), 'speaker': 'SPEAKER_01'}, {'word': 'I', 'start': np.float64(111.207), 'end': np.float64(111.287), 'score': np.float64(0.577), 'speaker': 'SPEAKER_01'}, {'word': 'just', 'start': np.float64(111.348), 'end': np.float64(111.448), 'score': np.float64(0.798), 'speaker': 'SPEAKER_01'}, {'word': 'had', 'start': np.float64(111.488), 'end': np.float64(111.588), 'score': np.float64(0.813), 'speaker': 'SPEAKER_01'}, {'word': 'to', 'start': np.float64(111.608), 'end': np.float64(111.648), 'score': np.float64(0.179), 'speaker': 'SPEAKER_01'}, {'word': 'put', 'start': np.float64(111.688), 'end': np.float64(111.788), 'score': np.float64(0.894), 'speaker': 'SPEAKER_01'}, {'word': 'on', 'start': np.float64(111.848), 'end': np.float64(111.908), 'score': np.float64(0.966), 'speaker': 'SPEAKER_01'}, {'word': 'this', 'start': np.float64(111.948), 'end': np.float64(112.088), 'score': np.float64(0.857), 'speaker': 'SPEAKER_01'}, {'word': 'mother', 'start': np.float64(112.208), 'end': np.float64(112.549), 'score': np.float64(0.869), 'speaker': 'SPEAKER_01'}, {'word': 'facade,', 'start': np.float64(112.589), 'end': np.float64(113.75), 'score': np.float64(0.853), 'speaker': 'SPEAKER_01'}, {'word': 'you', 'start': np.float64(113.77), 'end': np.float64(113.85), 'score': np.float64(0.983), 'speaker': 'SPEAKER_01'}, {'word': 'know,', 'start': np.float64(113.89), 'end': np.float64(114.071), 'score': np.float64(0.96), 'speaker': 'SPEAKER_01'}, {'word': ""I'm"", 'start': np.float64(114.151), 'end': np.float64(114.251), 'score': np.float64(0.967), 'speaker': 'SPEAKER_01'}, {'word': 'your', 'start': np.float64(114.291), 'end': np.float64(114.411), 'score': np.float64(0.834), 'speaker': 'SPEAKER_01'}, {'word': 'mother.', 'start': np.float64(114.431), 'end': np.float64(116.353), 'score': np.float64(0.767), 'speaker': 'SPEAKER_01'}]",SPEAKER_01
116.333,126.608," got into college, and especially out of college, and started making your own way in the world, I just felt this huge release of responsibility.","[{'word': 'got', 'start': np.float64(116.333), 'end': np.float64(117.014), 'score': np.float64(0.873), 'speaker': 'SPEAKER_01'}, {'word': 'into', 'start': np.float64(117.074), 'end': np.float64(117.234), 'score': np.float64(0.892), 'speaker': 'SPEAKER_01'}, {'word': 'college,', 'start': np.float64(117.314), 'end': np.float64(117.915), 'score': np.float64(0.836), 'speaker': 'SPEAKER_01'}, {'word': 'and', 'start': np.float64(117.975), 'end': np.float64(118.055), 'score': np.float64(0.914), 'speaker': 'SPEAKER_01'}, {'word': 'especially', 'start': np.float64(118.116), 'end': np.float64(118.576), 'score': np.float64(0.956), 'speaker': 'SPEAKER_01'}, {'word': 'out', 'start': np.float64(118.616), 'end': np.float64(119.037), 'score': np.float64(0.825), 'speaker': 'SPEAKER_01'}, {'word': 'of', 'start': np.float64(119.097), 'end': np.float64(119.137), 'score': np.float64(0.998), 'speaker': 'SPEAKER_01'}, {'word': 'college,', 'start': np.float64(119.237), 'end': np.float64(119.778), 'score': np.float64(0.948), 'speaker': 'SPEAKER_01'}, {'word': 'and', 'start': np.float64(120.439), 'end': np.float64(120.519), 'score': np.float64(0.698), 'speaker': 'SPEAKER_01'}, {'word': 'started', 'start': np.float64(120.559), 'end': np.float64(120.819), 'score': np.float64(0.447), 'speaker': 'SPEAKER_01'}, {'word': 'making', 'start': np.float64(120.92), 'end': np.float64(121.2), 'score': np.float64(0.942), 'speaker': 'SPEAKER_01'}, {'word': 'your', 'start': np.float64(121.24), 'end': np.float64(121.36), 'score': np.float64(0.942), 'speaker': 'SPEAKER_01'}, {'word': 'own', 'start': np.float64(121.4), 'end': np.float64(121.5), 'score': np.float64(0.792), 'speaker': 'SPEAKER_01'}, {'word': 'way', 'start': np.float64(121.54), 'end': np.float64(121.661), 'score': np.float64(0.669), 'speaker': 'SPEAKER_01'}, {'word': 'in', 'start': np.float64(121.701), 'end': np.float64(121.761), 'score': np.float64(0.746), 'speaker': 'SPEAKER_01'}, {'word': 'the', 'start': np.float64(121.801), 'end': np.float64(121.881), 'score': np.float64(0.834), 'speaker': 'SPEAKER_01'}, {'word': 'world,', 'start': np.float64(121.921), 'end': np.float64(122.181), 'score': np.float64(0.794), 'speaker': 'SPEAKER_01'}, {'word': 'I', 'start': np.float64(122.201), 'end': np.float64(122.221), 'score': np.float64(1.0), 'speaker': 'SPEAKER_01'}, {'word': 'just', 'start': np.float64(122.602), 'end': np.float64(122.742), 'score': np.float64(0.663), 'speaker': 'SPEAKER_01'}, {'word': 'felt', 'start': np.float64(122.782), 'end': np.float64(122.963), 'score': np.float64(0.959), 'speaker': 'SPEAKER_01'}, {'word': 'this', 'start': np.float64(123.003), 'end': np.float64(123.143), 'score': np.float64(0.706), 'speaker': 'SPEAKER_01'}, {'word': 'huge', 'start': np.float64(123.363), 'end': np.float64(123.944), 'score': np.float64(0.78), 'speaker': 'SPEAKER_01'}, {'word': 'release', 'start': np.float64(124.224), 'end': np.float64(124.645), 'score': np.float64(0.897), 'speaker': 'SPEAKER_01'}, {'word': 'of', 'start': np.float64(125.486), 'end': np.float64(125.546), 'score': np.float64(0.979), 'speaker': 'SPEAKER_01'}, {'word': 'responsibility.', 'start': np.float64(125.606), 'end': np.float64(126.608), 'score': np.float64(0.802), 'speaker': 'SPEAKER_01'}]",SPEAKER_01
126.668,130.093,And I could just be me.,"[{'word': 'And', 'start': np.float64(126.668), 'end': np.float64(127.389), 'score': np.float64(0.837), 'speaker': 'SPEAKER_01'}, {'word': 'I', 'start': np.float64(127.549), 'end': np.float64(127.629), 'score': np.float64(0.712), 'speaker': 'SPEAKER_01'}, {'word': 'could', 'start': np.float64(127.649), 'end': np.float64(127.81), 'score': np.float64(0.881), 'speaker': 'SPEAKER_01'}, {'word': 'just', 'start': np.float64(127.85), 'end': np.float64(128.15), 'score': np.float64(0.818), 'speaker': 'SPEAKER_01'}, {'word': 'be', 'start': np.float64(128.651), 'end': np.float64(128.911), 'score': np.float64(0.972), 'speaker': 'SPEAKER_01'}, {'word': 'me.', 'start': np.float64(128.951), 'end': np.float64(130.093), 'score': np.float64(0.974), 'speaker': 'SPEAKER_01'}]",SPEAKER_01
130.113,133.558,"I still feel, even now, I still feel like, okay, I'm her mom.","[{'word': 'I', 'start': np.float64(130.113), 'end': np.float64(130.133), 'score': np.float64(1.0), 'speaker': 'SPEAKER_01'}, {'word': 'still', 'start': np.float64(130.473), 'end': np.float64(130.734), 'score': np.float64(0.778), 'speaker': 'SPEAKER_01'}, {'word': 'feel,', 'start': np.float64(130.754), 'end': np.float64(131.094), 'score': np.float64(0.718), 'speaker': 'SPEAKER_01'}, {'word': 'even', 'start': np.float64(131.154), 'end': np.float64(131.415), 'score': np.float64(0.788), 'speaker': 'SPEAKER_01'}, {'word': 'now,', 'start': np.float64(131.455), 'end': np.float64(131.715), 'score': np.float64(0.914), 'speaker': 'SPEAKER_01'}, {'word': 'I', 'start': np.float64(131.815), 'end': np.float64(131.855), 'score': np.float64(0.982), 'speaker': 'SPEAKER_01'}, {'word': 'still', 'start': np.float64(131.915), 'end': np.float64(132.096), 'score': np.float64(0.943), 'speaker': 'SPEAKER_01'}, {'word': 'feel', 'start': np.float64(132.136), 'end': np.float64(132.316), 'score': np.float64(0.785), 'speaker': 'SPEAKER_01'}, {'word': 'like,', 'start': np.float64(132.376), 'end': np.float64(132.516), 'score': np.float64(0.922), 'speaker': 'SPEAKER_01'}, {'word': 'okay,', 'start': np.float64(132.556), 'end': np.float64(132.977), 'score': np.float64(0.43), 'speaker': 'SPEAKER_01'}, {'word': ""I'm"", 'start': np.float64(132.997), 'end': np.float64(133.057), 'score': np.float64(0.182), 'speaker': 'SPEAKER_01'}, {'word': 'her', 'start': np.float64(133.077), 'end': np.float64(133.197), 'score': np.float64(0.793), 'speaker': 'SPEAKER_01'}, {'word': 'mom.', 'start': np.float64(133.217), 'end': np.float64(133.558), 'score': np.float64(0.898), 'speaker': 'SPEAKER_01'}]",SPEAKER_01
133.578,135.521,There's certain things I'm not gonna share.,"[{'word': ""There's"", 'start': np.float64(133.578), 'end': np.float64(134.179), 'score': np.float64(0.154), 'speaker': 'SPEAKER_01'}, {'word': 'certain', 'start': np.float64(134.199), 'end': np.float64(134.439), 'score': np.float64(0.9), 'speaker': 'SPEAKER_01'}, {'word': 'things', 'start': np.float64(134.479), 'end': np.float64(134.639), 'score': np.float64(0.766), 'speaker': 'SPEAKER_01'}, {'word': ""I'm"", 'start': np.float64(134.699), 'end': np.float64(134.8), 'score': np.float64(0.54), 'speaker': 'SPEAKER_01'}, {'word': 'not', 'start': np.float64(134.82), 'end': np.float64(134.96), 'score': np.float64(0.73), 'speaker': 'SPEAKER_01'}, {'word': 'gonna', 'start': np.float64(134.98), 'end': np.float64(135.14), 'score': np.float64(0.462), 'speaker': 'SPEAKER_01'}, {'word': 'share.', 'start': np.float64(135.2), 'end': np.float64(135.521), 'score': np.float64(0.874), 'speaker': 'SPEAKER_01'}]",SPEAKER_01
135.561,139.586,"But I feel like as time goes on, that lessens, you know?","[{'word': 'But', 'start': np.float64(135.561), 'end': np.float64(136.482), 'score': np.float64(0.617), 'speaker': 'SPEAKER_01'}, {'word': 'I', 'start': np.float64(136.522), 'end': np.float64(136.562), 'score': np.float64(0.982), 'speaker': 'SPEAKER_01'}, {'word': 'feel', 'start': np.float64(136.602), 'end': np.float64(136.722), 'score': np.float64(0.727), 'speaker': 'SPEAKER_01'}, {'word': 'like', 'start': np.float64(136.762), 'end': np.float64(136.842), 'score': np.float64(0.836), 'speaker': 'SPEAKER_01'}, {'word': 'as', 'start': np.float64(136.883), 'end': np.float64(137.243), 'score': np.float64(0.76), 'speaker': 'SPEAKER_01'}, {'word': 'time', 'start': np.float64(137.303), 'end': np.float64(137.483), 'score': np.float64(0.7), 'speaker': 'SPEAKER_01'}, {'word': 'goes', 'start': np.float64(137.523), 'end': np.float64(137.684), 'score': np.float64(0.717), 'speaker': 'SPEAKER_01'}, {'word': 'on,', 'start': np.float64(137.844), 'end': np.float64(137.904), 'score': np.float64(0.931), 'speaker': 'SPEAKER_01'}, {'word': 'that', 'start': np.float64(137.944), 'end': np.float64(138.144), 'score': np.float64(0.757), 'speaker': 'SPEAKER_01'}, {'word': 'lessens,', 'start': np.float64(138.204), 'end': np.float64(138.745), 'score': np.float64(0.907), 'speaker': 'SPEAKER_01'}, {'word': 'you', 'start': np.float64(139.026), 'end': np.float64(139.266), 'score': np.float64(0.498), 'speaker': 'SPEAKER_01'}, {'word': 'know?', 'start': np.float64(139.286), 'end': np.float64(139.586), 'score': np.float64(0.887), 'speaker': 'SPEAKER_01'}]",SPEAKER_01
140.908,143.472,What are you hesitant to talk to me about and why?,"[{'word': 'What', 'start': np.float64(140.908), 'end': np.float64(141.049), 'score': np.float64(0.934), 'speaker': 'SPEAKER_01'}, {'word': 'are', 'start': np.float64(141.089), 'end': np.float64(141.169), 'score': np.float64(0.925), 'speaker': 'SPEAKER_01'}, {'word': 'you', 'start': np.float64(141.209), 'end': np.float64(141.309), 'score': np.float64(0.736), 'speaker': 'SPEAKER_01'}, {'word': 'hesitant', 'start': np.float64(141.349), 'end': np.float64(141.85), 'score': np.float64(0.832), 'speaker': 'SPEAKER_01'}, {'word': 'to', 'start': np.float64(141.87), 'end': np.float64(141.95), 'score': np.float64(0.764), 'speaker': 'SPEAKER_01'}, {'word': 'talk', 'start': np.float64(142.03), 'end': np.float64(142.25), 'score': np.float64(0.913), 'speaker': 'SPEAKER_01'}, {'word': 'to', 'start': np.float64(142.29), 'end': np.float64(142.37), 'score': np.float64(0.854), 'speaker': 'SPEAKER_01'}, {'word': 'me', 'start': np.float64(142.411), 'end': np.float64(142.511), 'score': np.float64(0.91), 'speaker': 'SPEAKER_01'}, {'word': 'about', 'start': np.float64(142.571), 'end': np.float64(142.811), 'score': np.float64(0.863), 'speaker': 'SPEAKER_01'}, {'word': 'and', 'start': np.float64(142.911), 'end': np.float64(142.991), 'score': np.float64(0.869), 'speaker': 'SPEAKER_01'}, {'word': 'why?', 'start': np.float64(143.051), 'end': np.float64(143.472), 'score': np.float64(0.808), 'speaker': 'SPEAKER_01'}]",SPEAKER_01
145.898,152.748," Okay, so I'm a little hesitant to talk to you about why it was so hard for me to parent you when you were little.","[{'word': 'Okay,', 'start': np.float64(145.898), 'end': np.float64(146.339), 'score': np.float64(0.554), 'speaker': 'SPEAKER_01'}, {'word': 'so', 'start': np.float64(146.359), 'end': np.float64(146.579), 'score': np.float64(0.992), 'speaker': 'SPEAKER_01'}, {'word': ""I'm"", 'start': np.float64(147.02), 'end': np.float64(147.12), 'score': np.float64(0.892), 'speaker': 'SPEAKER_01'}, {'word': 'a', 'start': np.float64(147.18), 'end': np.float64(147.2), 'score': np.float64(0.957), 'speaker': 'SPEAKER_01'}, {'word': 'little', 'start': np.float64(147.24), 'end': np.float64(147.44), 'score': np.float64(0.766), 'speaker': 'SPEAKER_01'}, {'word': 'hesitant', 'start': np.float64(147.48), 'end': np.float64(147.801), 'score': np.float64(0.424), 'speaker': 'SPEAKER_01'}, {'word': 'to', 'start': np.float64(147.861), 'end': np.float64(147.941), 'score': np.float64(0.877), 'speaker': 'SPEAKER_01'}, {'word': 'talk', 'start': np.float64(148.001), 'end': np.float64(148.221), 'score': np.float64(0.88), 'speaker': 'SPEAKER_01'}, {'word': 'to', 'start': np.float64(148.241), 'end': np.float64(148.281), 'score': np.float64(0.115), 'speaker': 'SPEAKER_01'}, {'word': 'you', 'start': np.float64(148.321), 'end': np.float64(148.422), 'score': np.float64(0.727), 'speaker': 'SPEAKER_01'}, {'word': 'about', 'start': np.float64(148.482), 'end': np.float64(148.722), 'score': np.float64(0.783), 'speaker': 'SPEAKER_01'}, {'word': 'why', 'start': np.float64(148.742), 'end': np.float64(149.183), 'score': np.float64(0.865), 'speaker': 'SPEAKER_01'}, {'word': 'it', 'start': np.float64(149.243), 'end': np.float64(149.303), 'score': np.float64(0.73), 'speaker': 'SPEAKER_01'}, {'word': 'was', 'start': np.float64(149.363), 'end': np.float64(149.483), 'score': np.float64(0.901), 'speaker': 'SPEAKER_01'}, {'word': 'so', 'start': np.float64(149.603), 'end': np.float64(149.824), 'score': np.float64(0.787), 'speaker': 'SPEAKER_01'}, {'word': 'hard', 'start': np.float64(149.904), 'end': np.float64(150.124), 'score': np.float64(0.907), 'speaker': 'SPEAKER_01'}, {'word': 'for', 'start': np.float64(150.204), 'end': np.float64(150.364), 'score': np.float64(0.971), 'speaker': 'SPEAKER_01'}, {'word': 'me', 'start': np.float64(150.605), 'end': np.float64(150.765), 'score': np.float64(0.929), 'speaker': 'SPEAKER_01'}, {'word': 'to', 'start': np.float64(150.845), 'end': np.float64(150.945), 'score': np.float64(0.917), 'speaker': 'SPEAKER_01'}, {'word': 'parent', 'start': np.float64(151.025), 'end': np.float64(151.386), 'score': np.float64(0.854), 'speaker': 'SPEAKER_01'}, {'word': 'you', 'start': np.float64(151.426), 'end': np.float64(151.606), 'score': np.float64(0.889), 'speaker': 'SPEAKER_01'}, {'word': 'when', 'start': np.float64(151.706), 'end': np.float64(151.867), 'score': np.float64(0.934), 'speaker': 'SPEAKER_01'}, {'word': 'you', 'start': np.float64(152.227), 'end': np.float64(152.307), 'score': np.float64(0.93), 'speaker': 'SPEAKER_01'}, {'word': 'were', 'start': np.float64(152.327), 'end': np.float64(152.427), 'score': np.float64(0.979), 'speaker': 'SPEAKER_01'}, {'word': 'little.', 'start': np.float64(152.447), 'end': np.float64(152.748), 'score': np.float64(0.876), 'speaker': 'SPEAKER_01'}]",SPEAKER_01
154.31,164.785,"I feel like when I go there, like the night at Miru, I'm gonna hurt your feelings, I'm gonna make you feel bad.","[{'word': 'I', 'start': np.float64(154.31), 'end': np.float64(154.39), 'score': np.float64(0.952), 'speaker': 'SPEAKER_01'}, {'word': 'feel', 'start': np.float64(154.45), 'end': np.float64(154.611), 'score': np.float64(0.839), 'speaker': 'SPEAKER_01'}, {'word': 'like', 'start': np.float64(154.671), 'end': np.float64(154.851), 'score': np.float64(0.763), 'speaker': 'SPEAKER_01'}, {'word': 'when', 'start': np.float64(155.712), 'end': np.float64(155.892), 'score': np.float64(0.864), 'speaker': 'SPEAKER_01'}, {'word': 'I', 'start': np.float64(155.932), 'end': np.float64(156.013), 'score': np.float64(0.739), 'speaker': 'SPEAKER_01'}, {'word': 'go', 'start': np.float64(156.053), 'end': np.float64(156.213), 'score': np.float64(0.919), 'speaker': 'SPEAKER_01'}, {'word': 'there,', 'start': np.float64(156.253), 'end': np.float64(156.553), 'score': np.float64(0.821), 'speaker': 'SPEAKER_01'}, {'word': 'like', 'start': np.float64(157.615), 'end': np.float64(157.775), 'score': np.float64(0.813), 'speaker': 'SPEAKER_01'}, {'word': 'the', 'start': np.float64(157.835), 'end': np.float64(157.935), 'score': np.float64(0.803), 'speaker': 'SPEAKER_01'}, {'word': 'night', 'start': np.float64(157.995), 'end': np.float64(158.176), 'score': np.float64(0.789), 'speaker': 'SPEAKER_01'}, {'word': 'at', 'start': np.float64(158.256), 'end': np.float64(158.356), 'score': np.float64(0.972), 'speaker': 'SPEAKER_01'}, {'word': 'Miru,', 'start': np.float64(158.596), 'end': np.float64(159.417), 'score': np.float64(0.756), 'speaker': 'SPEAKER_01'}, {'word': ""I'm"", 'start': np.float64(160.9), 'end': np.float64(162.382), 'score': np.float64(0.97), 'speaker': 'SPEAKER_01'}, {'word': 'gonna', 'start': np.float64(162.402), 'end': np.float64(162.562), 'score': np.float64(0.437), 'speaker': 'SPEAKER_01'}, {'word': 'hurt', 'start': np.float64(162.602), 'end': np.float64(162.722), 'score': np.float64(0.799), 'speaker': 'SPEAKER_01'}, {'word': 'your', 'start': np.float64(162.742), 'end': np.float64(162.862), 'score': np.float64(0.75), 'speaker': 'SPEAKER_01'}, {'word': 'feelings,', 'start': np.float64(162.903), 'end': np.float64(163.323), 'score': np.float64(0.854), 'speaker': 'SPEAKER_01'}, {'word': ""I'm"", 'start': np.float64(163.684), 'end': np.float64(163.764), 'score': np.float64(0.937), 'speaker': 'SPEAKER_01'}, {'word': 'gonna', 'start': np.float64(163.804), 'end': np.float64(163.944), 'score': np.float64(0.406), 'speaker': 'SPEAKER_01'}, {'word': 'make', 'start': np.float64(164.004), 'end': np.float64(164.104), 'score': np.float64(0.996), 'speaker': 'SPEAKER_01'}, {'word': 'you', 'start': np.float64(164.144), 'end': np.float64(164.224), 'score': np.float64(0.767), 'speaker': 'SPEAKER_01'}, {'word': 'feel', 'start': np.float64(164.264), 'end': np.float64(164.445), 'score': np.float64(0.595), 'speaker': 'SPEAKER_01'}, {'word': 'bad.', 'start': np.float64(164.505), 'end': np.float64(164.785), 'score': np.float64(0.937), 'speaker': 'SPEAKER_01'}]",SPEAKER_01
164.805,173.678,"And I was being really vulnerable that night, so I wasn't thinking about what I was saying, I was just talking.","[{'word': 'And', 'start': np.float64(164.805), 'end': np.float64(167.449), 'score': np.float64(0.898), 'speaker': 'SPEAKER_01'}, {'word': 'I', 'start': np.float64(167.489), 'end': np.float64(167.529), 'score': np.float64(0.85), 'speaker': 'SPEAKER_01'}, {'word': 'was', 'start': np.float64(167.569), 'end': np.float64(167.669), 'score': np.float64(0.706), 'speaker': 'SPEAKER_01'}, {'word': 'being', 'start': np.float64(167.729), 'end': np.float64(167.91), 'score': np.float64(0.88), 'speaker': 'SPEAKER_01'}, {'word': 'really', 'start': np.float64(168.03), 'end': np.float64(168.27), 'score': np.float64(0.794), 'speaker': 'SPEAKER_01'}, {'word': 'vulnerable', 'start': np.float64(168.33), 'end': np.float64(168.771), 'score': np.float64(0.82), 'speaker': 'SPEAKER_01'}, {'word': 'that', 'start': np.float64(168.791), 'end': np.float64(168.991), 'score': np.float64(0.723), 'speaker': 'SPEAKER_01'}, {'word': 'night,', 'start': np.float64(169.051), 'end': np.float64(169.292), 'score': np.float64(0.869), 'speaker': 'SPEAKER_01'}, {'word': 'so', 'start': np.float64(169.512), 'end': np.float64(169.612), 'score': np.float64(0.802), 'speaker': 'SPEAKER_01'}, {'word': 'I', 'start': np.float64(169.652), 'end': np.float64(169.692), 'score': np.float64(0.958), 'speaker': 'SPEAKER_01'}, {'word': ""wasn't"", 'start': np.float64(169.752), 'end': np.float64(170.033), 'score': np.float64(0.819), 'speaker': 'SPEAKER_01'}, {'word': 'thinking', 'start': np.float64(170.213), 'end': np.float64(170.654), 'score': np.float64(0.867), 'speaker': 'SPEAKER_01'}, {'word': 'about', 'start': np.float64(170.734), 'end': np.float64(170.914), 'score': np.float64(0.606), 'speaker': 'SPEAKER_01'}, {'word': 'what', 'start': np.float64(170.954), 'end': np.float64(171.054), 'score': np.float64(0.95), 'speaker': 'SPEAKER_01'}, {'word': 'I', 'start': np.float64(171.114), 'end': np.float64(171.154), 'score': np.float64(0.958), 'speaker': 'SPEAKER_01'}, {'word': 'was', 'start': np.float64(171.194), 'end': np.float64(171.315), 'score': np.float64(0.766), 'speaker': 'SPEAKER_01'}, {'word': 'saying,', 'start': np.float64(171.375), 'end': np.float64(171.775), 'score': np.float64(0.76), 'speaker': 'SPEAKER_01'}, {'word': 'I', 'start': np.float64(171.795), 'end': np.float64(171.815), 'score': np.float64(0.999), 'speaker': 'SPEAKER_01'}, {'word': 'was', 'start': np.float64(172.076), 'end': np.float64(172.176), 'score': np.float64(0.713), 'speaker': 'SPEAKER_01'}, {'word': 'just', 'start': np.float64(172.256), 'end': np.float64(172.396), 'score': np.float64(0.652), 'speaker': 'SPEAKER_01'}, {'word': 'talking.', 'start': np.float64(172.456), 'end': np.float64(173.678), 'score': np.float64(0.892), 'speaker': 'SPEAKER_01'}]",SPEAKER_01
173.843,176.566, And then I felt so bad when you told me that it kind of hurt your feelings.,"[{'word': 'And', 'start': np.float64(173.843), 'end': np.float64(174.023), 'score': np.float64(0.621), 'speaker': 'SPEAKER_01'}, {'word': 'then', 'start': np.float64(174.043), 'end': np.float64(174.143), 'score': np.float64(0.718), 'speaker': 'SPEAKER_01'}, {'word': 'I', 'start': np.float64(174.183), 'end': np.float64(174.223), 'score': np.float64(0.901), 'speaker': 'SPEAKER_01'}, {'word': 'felt', 'start': np.float64(174.283), 'end': np.float64(174.424), 'score': np.float64(0.876), 'speaker': 'SPEAKER_01'}, {'word': 'so', 'start': np.float64(174.484), 'end': np.float64(174.584), 'score': np.float64(0.822), 'speaker': 'SPEAKER_01'}, {'word': 'bad', 'start': np.float64(174.644), 'end': np.float64(174.784), 'score': np.float64(0.992), 'speaker': 'SPEAKER_01'}, {'word': 'when', 'start': np.float64(174.824), 'end': np.float64(174.924), 'score': np.float64(0.848), 'speaker': 'SPEAKER_01'}, {'word': 'you', 'start': np.float64(174.944), 'end': np.float64(175.044), 'score': np.float64(0.552), 'speaker': 'SPEAKER_01'}, {'word': 'told', 'start': np.float64(175.084), 'end': np.float64(175.204), 'score': np.float64(0.761), 'speaker': 'SPEAKER_01'}, {'word': 'me', 'start': np.float64(175.244), 'end': np.float64(175.284), 'score': np.float64(0.631), 'speaker': 'SPEAKER_01'}, {'word': 'that', 'start': np.float64(175.325), 'end': np.float64(175.405), 'score': np.float64(0.919), 'speaker': 'SPEAKER_01'}, {'word': 'it', 'start': np.float64(175.465), 'end': np.float64(175.505), 'score': np.float64(0.838), 'speaker': 'SPEAKER_01'}, {'word': 'kind', 'start': np.float64(175.525), 'end': np.float64(175.685), 'score': np.float64(0.449), 'speaker': 'SPEAKER_01'}, {'word': 'of', 'start': np.float64(175.705), 'end': np.float64(175.745), 'score': np.float64(0.472), 'speaker': 'SPEAKER_01'}, {'word': 'hurt', 'start': np.float64(175.765), 'end': np.float64(175.885), 'score': np.float64(0.922), 'speaker': 'SPEAKER_01'}, {'word': 'your', 'start': np.float64(175.925), 'end': np.float64(176.045), 'score': np.float64(0.72), 'speaker': 'SPEAKER_01'}, {'word': 'feelings.', 'start': np.float64(176.085), 'end': np.float64(176.566), 'score': np.float64(0.839), 'speaker': 'SPEAKER_01'}]",SPEAKER_01
177.046,183.953,So I am hesitant to really be honest with you about what it was like for me when you were small.,"[{'word': 'So', 'start': np.float64(177.046), 'end': np.float64(177.487), 'score': np.float64(0.898), 'speaker': 'SPEAKER_01'}, {'word': 'I', 'start': np.float64(177.507), 'end': np.float64(177.527), 'score': np.float64(0.999), 'speaker': 'SPEAKER_01'}, {'word': 'am', 'start': np.float64(177.907), 'end': np.float64(177.987), 'score': np.float64(0.92), 'speaker': 'SPEAKER_01'}, {'word': 'hesitant', 'start': np.float64(178.087), 'end': np.float64(178.588), 'score': np.float64(0.872), 'speaker': 'SPEAKER_01'}, {'word': 'to', 'start': np.float64(178.688), 'end': np.float64(178.828), 'score': np.float64(0.99), 'speaker': 'SPEAKER_01'}, {'word': 'really', 'start': np.float64(179.949), 'end': np.float64(180.33), 'score': np.float64(0.612), 'speaker': 'SPEAKER_01'}, {'word': 'be', 'start': np.float64(180.41), 'end': np.float64(180.55), 'score': np.float64(0.995), 'speaker': 'SPEAKER_01'}, {'word': 'honest', 'start': np.float64(180.71), 'end': np.float64(181.15), 'score': np.float64(0.742), 'speaker': 'SPEAKER_01'}, {'word': 'with', 'start': np.float64(181.19), 'end': np.float64(181.331), 'score': np.float64(0.699), 'speaker': 'SPEAKER_01'}, {'word': 'you', 'start': np.float64(181.411), 'end': np.float64(181.571), 'score': np.float64(0.997), 'speaker': 'SPEAKER_01'}, {'word': 'about', 'start': np.float64(181.671), 'end': np.float64(181.871), 'score': np.float64(0.897), 'speaker': 'SPEAKER_01'}, {'word': 'what', 'start': np.float64(181.931), 'end': np.float64(182.071), 'score': np.float64(0.863), 'speaker': 'SPEAKER_01'}, {'word': 'it', 'start': np.float64(182.111), 'end': np.float64(182.151), 'score': np.float64(0.996), 'speaker': 'SPEAKER_01'}, {'word': 'was', 'start': np.float64(182.192), 'end': np.float64(182.292), 'score': np.float64(0.533), 'speaker': 'SPEAKER_01'}, {'word': 'like', 'start': np.float64(182.372), 'end': np.float64(182.552), 'score': np.float64(0.796), 'speaker': 'SPEAKER_01'}, {'word': 'for', 'start': np.float64(182.632), 'end': np.float64(182.752), 'score': np.float64(0.982), 'speaker': 'SPEAKER_01'}, {'word': 'me', 'start': np.float64(182.792), 'end': np.float64(182.912), 'score': np.float64(0.816), 'speaker': 'SPEAKER_01'}, {'word': 'when', 'start': np.float64(182.972), 'end': np.float64(183.072), 'score': np.float64(0.753), 'speaker': 'SPEAKER_01'}, {'word': 'you', 'start': np.float64(183.112), 'end': np.float64(183.193), 'score': np.float64(0.847), 'speaker': 'SPEAKER_01'}, {'word': 'were', 'start': np.float64(183.213), 'end': np.float64(183.373), 'score': np.float64(0.743), 'speaker': 'SPEAKER_01'}, {'word': 'small.', 'start': np.float64(183.593), 'end': np.float64(183.953), 'score': np.float64(0.947), 'speaker': 'SPEAKER_01'}]",SPEAKER_01
186.716,188.678,"Yeah, I just felt like I wasn't doing anything right.","[{'word': 'Yeah,', 'start': np.float64(186.716), 'end': np.float64(186.956), 'score': np.float64(0.644), 'speaker': 'SPEAKER_01'}, {'word': 'I', 'start': np.float64(186.976), 'end': np.float64(186.996), 'score': np.float64(0.911), 'speaker': 'SPEAKER_01'}, {'word': 'just', 'start': np.float64(187.097), 'end': np.float64(187.217), 'score': np.float64(0.89), 'speaker': 'SPEAKER_01'}, {'word': 'felt', 'start': np.float64(187.237), 'end': np.float64(187.357), 'score': np.float64(0.676), 'speaker': 'SPEAKER_01'}, {'word': 'like', 'start': np.float64(187.377), 'end': np.float64(187.477), 'score': np.float64(0.728), 'speaker': 'SPEAKER_01'}, {'word': 'I', 'start': np.float64(187.517), 'end': np.float64(187.557), 'score': np.float64(0.968), 'speaker': 'SPEAKER_01'}, {'word': ""wasn't"", 'start': np.float64(187.617), 'end': np.float64(187.837), 'score': np.float64(0.843), 'speaker': 'SPEAKER_01'}, {'word': 'doing', 'start': np.float64(187.857), 'end': np.float64(188.017), 'score': np.float64(0.654), 'speaker': 'SPEAKER_01'}, {'word': 'anything', 'start': np.float64(188.098), 'end': np.float64(188.378), 'score': np.float64(0.905), 'speaker': 'SPEAKER_01'}, {'word': 'right.', 'start': np.float64(188.438), 'end': np.float64(188.678), 'score': np.float64(0.865), 'speaker': 'SPEAKER_01'}]",SPEAKER_01
190.54,192.542,So that was really hard.,"[{'word': 'So', 'start': np.float64(190.54), 'end': np.float64(190.68), 'score': np.float64(0.946), 'speaker': 'SPEAKER_01'}, {'word': 'that', 'start': np.float64(190.7), 'end': np.float64(190.88), 'score': np.float64(0.91), 'speaker': 'SPEAKER_01'}, {'word': 'was', 'start': np.float64(191.841), 'end': np.float64(191.941), 'score': np.float64(0.715), 'speaker': 'SPEAKER_01'}, {'word': 'really', 'start': np.float64(191.981), 'end': np.float64(192.202), 'score': np.float64(0.8), 'speaker': 'SPEAKER_01'}, {'word': 'hard.', 'start': np.float64(192.282), 'end': np.float64(192.542), 'score': np.float64(0.829), 'speaker': 'SPEAKER_01'}]",SPEAKER_01
193.103,195.285,"Yeah, it was really, really hard.","[{'word': 'Yeah,', 'start': np.float64(193.103), 'end': np.float64(193.963), 'score': np.float64(0.847), 'speaker': 'SPEAKER_01'}, {'word': 'it', 'start': np.float64(194.284), 'end': np.float64(194.324), 'score': np.float64(0.052), 'speaker': 'SPEAKER_01'}, {'word': 'was', 'start': np.float64(194.344), 'end': np.float64(194.484), 'score': np.float64(0.867), 'speaker': 'SPEAKER_01'}, {'word': 'really,', 'start': np.float64(194.524), 'end': np.float64(194.764), 'score': np.float64(0.844), 'speaker': 'SPEAKER_01'}, {'word': 'really', 'start': np.float64(194.804), 'end': np.float64(195.005), 'score': np.float64(0.798), 'speaker': 'SPEAKER_01'}, {'word': 'hard.', 'start': np.float64(195.065), 'end': np.float64(195.285), 'score': np.float64(0.896), 'speaker': 'SPEAKER_01'}]",SPEAKER_01
195.505,202.332,"And I think I made, instead of listening to my own instincts and gut feeling,","[{'word': 'And', 'start': np.float64(195.505), 'end': np.float64(195.585), 'score': np.float64(0.938), 'speaker': 'SPEAKER_01'}, {'word': 'I', 'start': np.float64(195.625), 'end': np.float64(195.685), 'score': np.float64(0.887), 'speaker': 'SPEAKER_01'}, {'word': 'think', 'start': np.float64(195.725), 'end': np.float64(195.905), 'score': np.float64(0.814), 'speaker': 'SPEAKER_01'}, {'word': 'I', 'start': np.float64(195.966), 'end': np.float64(196.026), 'score': np.float64(0.994), 'speaker': 'SPEAKER_01'}, {'word': 'made,', 'start': np.float64(196.086), 'end': np.float64(196.306), 'score': np.float64(0.967), 'speaker': 'SPEAKER_01'}, {'word': 'instead', 'start': np.float64(196.366), 'end': np.float64(198.348), 'score': np.float64(0.782), 'speaker': 'SPEAKER_01'}, {'word': 'of', 'start': np.float64(198.388), 'end': np.float64(198.428), 'score': np.float64(1.0), 'speaker': 'SPEAKER_01'}, {'word': 'listening', 'start': np.float64(198.488), 'end': np.float64(198.788), 'score': np.float64(0.676), 'speaker': 'SPEAKER_01'}, {'word': 'to', 'start': np.float64(198.808), 'end': np.float64(198.868), 'score': np.float64(0.744), 'speaker': 'SPEAKER_01'}, {'word': 'my', 'start': np.float64(198.929), 'end': np.float64(199.049), 'score': np.float64(0.67), 'speaker': 'SPEAKER_01'}, {'word': 'own', 'start': np.float64(199.269), 'end': np.float64(199.389), 'score': np.float64(0.988), 'speaker': 'SPEAKER_01'}, {'word': 'instincts', 'start': np.float64(199.409), 'end': np.float64(200.61), 'score': np.float64(0.778), 'speaker': 'SPEAKER_01'}, {'word': 'and', 'start': np.float64(201.211), 'end': np.float64(201.291), 'score': np.float64(0.809), 'speaker': 'SPEAKER_01'}, {'word': 'gut', 'start': np.float64(201.351), 'end': np.float64(201.511), 'score': np.float64(0.749), 'speaker': 'SPEAKER_01'}, {'word': 'feeling,', 'start': np.float64(201.571), 'end': np.float64(202.332), 'score': np.float64(0.851), 'speaker': 'SPEAKER_01'}]",SPEAKER_01
203.273,206.157, which was hard to do because I didn't have a strong mother figure.,"[{'word': 'which', 'start': np.float64(203.273), 'end': np.float64(203.473), 'score': np.float64(0.854), 'speaker': 'SPEAKER_01'}, {'word': 'was', 'start': np.float64(203.533), 'end': np.float64(203.613), 'score': np.float64(0.757), 'speaker': 'SPEAKER_01'}, {'word': 'hard', 'start': np.float64(203.674), 'end': np.float64(203.854), 'score': np.float64(0.881), 'speaker': 'SPEAKER_01'}, {'word': 'to', 'start': np.float64(203.894), 'end': np.float64(203.954), 'score': np.float64(0.752), 'speaker': 'SPEAKER_01'}, {'word': 'do', 'start': np.float64(203.994), 'end': np.float64(204.094), 'score': np.float64(0.994), 'speaker': 'SPEAKER_01'}, {'word': 'because', 'start': np.float64(204.174), 'end': np.float64(204.435), 'score': np.float64(0.891), 'speaker': 'SPEAKER_01'}, {'word': 'I', 'start': np.float64(204.455), 'end': np.float64(204.475), 'score': np.float64(0.999), 'speaker': 'SPEAKER_01'}, {'word': ""didn't"", 'start': np.float64(204.735), 'end': np.float64(204.915), 'score': np.float64(0.735), 'speaker': 'SPEAKER_01'}, {'word': 'have', 'start': np.float64(204.975), 'end': np.float64(205.076), 'score': np.float64(0.824), 'speaker': 'SPEAKER_01'}, {'word': 'a', 'start': np.float64(205.116), 'end': np.float64(205.136), 'score': np.float64(0.765), 'speaker': 'SPEAKER_01'}, {'word': 'strong', 'start': np.float64(205.156), 'end': np.float64(205.476), 'score': np.float64(0.736), 'speaker': 'SPEAKER_01'}, {'word': 'mother', 'start': np.float64(205.536), 'end': np.float64(205.777), 'score': np.float64(0.918), 'speaker': 'SPEAKER_01'}, {'word': 'figure.', 'start': np.float64(205.837), 'end': np.float64(206.157), 'score': np.float64(0.866), 'speaker': 'SPEAKER_01'}]",SPEAKER_01
206.738,208.741,So I didn't have- You didn't have a mom.,"[{'word': 'So', 'start': np.float64(206.738), 'end': np.float64(206.858), 'score': np.float64(0.929), 'speaker': 'SPEAKER_01'}, {'word': 'I', 'start': np.float64(206.898), 'end': np.float64(206.938), 'score': np.float64(0.857), 'speaker': 'SPEAKER_01'}, {'word': ""didn't"", 'start': np.float64(206.978), 'end': np.float64(207.179), 'score': np.float64(0.827), 'speaker': 'SPEAKER_01'}, {'word': 'have-', 'start': np.float64(207.239), 'end': np.float64(207.439), 'score': np.float64(0.739), 'speaker': 'SPEAKER_01'}, {'word': 'You', 'start': np.float64(207.82), 'end': np.float64(207.9), 'score': np.float64(0.971), 'speaker': 'SPEAKER_01'}, {'word': ""didn't"", 'start': np.float64(207.92), 'end': np.float64(208.04), 'score': np.float64(0.683), 'speaker': 'SPEAKER_01'}, {'word': 'have', 'start': np.float64(208.08), 'end': np.float64(208.18), 'score': np.float64(0.951), 'speaker': 'SPEAKER_01'}, {'word': 'a', 'start': np.float64(208.24), 'end': np.float64(208.26), 'score': np.float64(0.829), 'speaker': 'SPEAKER_01'}, {'word': 'mom.', 'start': np.float64(208.3), 'end': np.float64(208.741), 'score': np.float64(0.894), 'speaker': 'SPEAKER_01'}]",SPEAKER_01
208.801,210.624,Your mom passed away when you were so young.,"[{'word': 'Your', 'start': np.float64(208.801), 'end': np.float64(209.142), 'score': np.float64(0.174), 'speaker': 'SPEAKER_01'}, {'word': 'mom', 'start': np.float64(209.162), 'end': np.float64(209.262), 'score': np.float64(0.521), 'speaker': 'SPEAKER_01'}, {'word': 'passed', 'start': np.float64(209.302), 'end': np.float64(209.542), 'score': np.float64(0.488), 'speaker': 'SPEAKER_01'}, {'word': 'away', 'start': np.float64(209.562), 'end': np.float64(209.722), 'score': np.float64(0.704), 'speaker': 'SPEAKER_01'}, {'word': 'when', 'start': np.float64(209.743), 'end': np.float64(209.823), 'score': np.float64(0.85), 'speaker': 'SPEAKER_01'}, {'word': 'you', 'start': np.float64(209.863), 'end': np.float64(209.923), 'score': np.float64(0.988), 'speaker': 'SPEAKER_01'}, {'word': 'were', 'start': np.float64(209.943), 'end': np.float64(210.063), 'score': np.float64(0.809), 'speaker': 'SPEAKER_01'}, {'word': 'so', 'start': np.float64(210.103), 'end': np.float64(210.303), 'score': np.float64(0.958), 'speaker': 'SPEAKER_01'}, {'word': 'young.', 'start': np.float64(210.343), 'end': np.float64(210.624), 'score': np.float64(0.89), 'speaker': 'SPEAKER_01'}]",SPEAKER_01
210.944,211.185,Right.,"[{'word': 'Right.', 'start': np.float64(210.944), 'end': np.float64(211.185), 'score': np.float64(0.783), 'speaker': 'SPEAKER_01'}]",SPEAKER_01
211.685,218.896,"So I, and I'm so much of a fixer that I just decided to turn to professionals.","[{'word': 'So', 'start': np.float64(211.685), 'end': np.float64(212.066), 'score': np.float64(0.998), 'speaker': 'SPEAKER_01'}, {'word': 'I,', 'start': np.float64(212.086), 'end': np.float64(212.126), 'score': np.float64(0.996), 'speaker': 'SPEAKER_01'}, {'word': 'and', 'start': np.float64(213.588), 'end': np.float64(213.668), 'score': np.float64(0.95), 'speaker': 'SPEAKER_01'}, {'word': ""I'm"", 'start': np.float64(214.009), 'end': np.float64(214.129), 'score': np.float64(0.909), 'speaker': 'SPEAKER_01'}, {'word': 'so', 'start': np.float64(214.289), 'end': np.float64(214.409), 'score': np.float64(0.948), 'speaker': 'SPEAKER_01'}, {'word': 'much', 'start': np.float64(214.449), 'end': np.float64(214.59), 'score': np.float64(0.885), 'speaker': 'SPEAKER_01'}, {'word': 'of', 'start': np.float64(214.61), 'end': np.float64(214.87), 'score': np.float64(0.804), 'speaker': 'SPEAKER_01'}, {'word': 'a', 'start': np.float64(215.09), 'end': np.float64(215.11), 'score': np.float64(0.984), 'speaker': 'SPEAKER_01'}, {'word': 'fixer', 'start': np.float64(215.251), 'end': np.float64(215.791), 'score': np.float64(0.906), 'speaker': 'SPEAKER_01'}, {'word': 'that', 'start': np.float64(215.831), 'end': np.float64(216.853), 'score': np.float64(0.98), 'speaker': 'SPEAKER_01'}, {'word': 'I', 'start': np.float64(216.933), 'end': np.float64(217.013), 'score': np.float64(0.913), 'speaker': 'SPEAKER_01'}, {'word': 'just', 'start': np.float64(217.073), 'end': np.float64(217.254), 'score': np.float64(0.987), 'speaker': 'SPEAKER_01'}, {'word': 'decided', 'start': np.float64(217.294), 'end': np.float64(217.674), 'score': np.float64(0.864), 'speaker': 'SPEAKER_01'}, {'word': 'to', 'start': np.float64(217.714), 'end': np.float64(217.774), 'score': np.float64(0.751), 'speaker': 'SPEAKER_01'}, {'word': 'turn', 'start': np.float64(217.834), 'end': np.float64(218.075), 'score': np.float64(0.851), 'speaker': 'SPEAKER_01'}, {'word': 'to', 'start': np.float64(218.095), 'end': np.float64(218.155), 'score': np.float64(0.786), 'speaker': 'SPEAKER_01'}, {'word': 'professionals.', 'start': np.float64(218.215), 'end': np.float64(218.896), 'score': np.float64(0.891), 'speaker': 'SPEAKER_01'}]",SPEAKER_01
219.236,224.404,"But the fact that I turned to professionals, we made a lot of bad decisions.","[{'word': 'But', 'start': np.float64(219.236), 'end': np.float64(219.497), 'score': np.float64(0.837), 'speaker': 'SPEAKER_01'}, {'word': 'the', 'start': np.float64(219.537), 'end': np.float64(219.998), 'score': np.float64(0.96), 'speaker': 'SPEAKER_01'}, {'word': 'fact', 'start': np.float64(220.038), 'end': np.float64(220.298), 'score': np.float64(0.836), 'speaker': 'SPEAKER_01'}, {'word': 'that', 'start': np.float64(220.358), 'end': np.float64(220.598), 'score': np.float64(0.868), 'speaker': 'SPEAKER_01'}, {'word': 'I', 'start': np.float64(220.638), 'end': np.float64(220.799), 'score': np.float64(0.628), 'speaker': 'SPEAKER_01'}, {'word': 'turned', 'start': np.float64(220.859), 'end': np.float64(221.079), 'score': np.float64(0.842), 'speaker': 'SPEAKER_01'}, {'word': 'to', 'start': np.float64(221.099), 'end': np.float64(221.159), 'score': np.float64(0.744), 'speaker': 'SPEAKER_01'}, {'word': 'professionals,', 'start': np.float64(221.219), 'end': np.float64(222.041), 'score': np.float64(0.861), 'speaker': 'SPEAKER_01'}, {'word': 'we', 'start': np.float64(222.121), 'end': np.float64(222.221), 'score': np.float64(0.981), 'speaker': 'SPEAKER_01'}, {'word': 'made', 'start': np.float64(222.261), 'end': np.float64(222.401), 'score': np.float64(0.851), 'speaker': 'SPEAKER_01'}, {'word': 'a', 'start': np.float64(222.441), 'end': np.float64(222.481), 'score': np.float64(0.47), 'speaker': 'SPEAKER_01'}, {'word': 'lot', 'start': np.float64(222.862), 'end': np.float64(223.082), 'score': np.float64(0.949), 'speaker': 'SPEAKER_01'}, {'word': 'of', 'start': np.float64(223.122), 'end': np.float64(223.162), 'score': np.float64(0.654), 'speaker': 'SPEAKER_01'}, {'word': 'bad', 'start': np.float64(223.182), 'end': np.float64(223.342), 'score': np.float64(0.631), 'speaker': 'SPEAKER_01'}, {'word': 'decisions.', 'start': np.float64(223.362), 'end': np.float64(224.404), 'score': np.float64(0.85), 'speaker': 'SPEAKER_01'}]",SPEAKER_01
224.502,234.919," I understand and relate to the childhood talk, because even for me, it's hard to talk about some of the darkest times of my childhood, because I know that you feel guilt just like I feel guilt.","[{'word': 'I', 'start': np.float64(224.502), 'end': np.float64(225.163), 'score': np.float64(0.872), 'speaker': 'SPEAKER_02'}, {'word': 'understand', 'start': np.float64(225.183), 'end': np.float64(225.744), 'score': np.float64(0.851), 'speaker': 'SPEAKER_02'}, {'word': 'and', 'start': np.float64(225.824), 'end': np.float64(225.904), 'score': np.float64(0.861), 'speaker': 'SPEAKER_02'}, {'word': 'relate', 'start': np.float64(225.944), 'end': np.float64(226.325), 'score': np.float64(0.779), 'speaker': 'SPEAKER_02'}, {'word': 'to', 'start': np.float64(226.365), 'end': np.float64(226.505), 'score': np.float64(0.912), 'speaker': 'SPEAKER_02'}, {'word': 'the', 'start': np.float64(226.605), 'end': np.float64(226.686), 'score': np.float64(0.985), 'speaker': 'SPEAKER_02'}, {'word': 'childhood', 'start': np.float64(226.726), 'end': np.float64(227.146), 'score': np.float64(0.669), 'speaker': 'SPEAKER_02'}, {'word': 'talk,', 'start': np.float64(227.186), 'end': np.float64(227.387), 'score': np.float64(0.755), 'speaker': 'SPEAKER_02'}, {'word': 'because', 'start': np.float64(227.407), 'end': np.float64(227.547), 'score': np.float64(0.0), 'speaker': 'SPEAKER_02'}, {'word': 'even', 'start': np.float64(227.567), 'end': np.float64(227.727), 'score': np.float64(0.903), 'speaker': 'SPEAKER_02'}, {'word': 'for', 'start': np.float64(227.807), 'end': np.float64(227.928), 'score': np.float64(0.701), 'speaker': 'SPEAKER_02'}, {'word': 'me,', 'start': np.float64(228.008), 'end': np.float64(228.208), 'score': np.float64(0.983), 'speaker': 'SPEAKER_02'}, {'word': ""it's"", 'start': np.float64(228.388), 'end': np.float64(229.03), 'score': np.float64(0.76), 'speaker': 'SPEAKER_02'}, {'word': 'hard', 'start': np.float64(229.09), 'end': np.float64(229.27), 'score': np.float64(0.898), 'speaker': 'SPEAKER_02'}, {'word': 'to', 'start': np.float64(229.29), 'end': np.float64(229.35), 'score': np.float64(0.75), 'speaker': 'SPEAKER_02'}, {'word': 'talk', 'start': np.float64(229.39), 'end': np.float64(229.57), 'score': np.float64(0.792), 'speaker': 'SPEAKER_02'}, {'word': 'about', 'start': np.float64(229.61), 'end': np.float64(229.771), 'score': np.float64(0.953), 'speaker': 'SPEAKER_02'}, {'word': 'some', 'start': np.float64(229.791), 'end': np.float64(229.911), 'score': np.float64(0.832), 'speaker': 'SPEAKER_02'}, {'word': 'of', 'start': np.float64(229.951), 'end': np.float64(229.991), 'score': np.float64(0.976), 'speaker': 'SPEAKER_02'}, {'word': 'the', 'start': np.float64(230.031), 'end': np.float64(230.091), 'score': np.float64(0.999), 'speaker': 'SPEAKER_02'}, {'word': 'darkest', 'start': np.float64(230.131), 'end': np.float64(230.452), 'score': np.float64(0.943), 'speaker': 'SPEAKER_02'}, {'word': 'times', 'start': np.float64(230.492), 'end': np.float64(230.772), 'score': np.float64(0.795), 'speaker': 'SPEAKER_02'}, {'word': 'of', 'start': np.float64(230.832), 'end': np.float64(230.873), 'score': np.float64(0.966), 'speaker': 'SPEAKER_02'}, {'word': 'my', 'start': np.float64(230.933), 'end': np.float64(231.033), 'score': np.float64(0.982), 'speaker': 'SPEAKER_02'}, {'word': 'childhood,', 'start': np.float64(231.073), 'end': np.float64(231.494), 'score': np.float64(0.802), 'speaker': 'SPEAKER_02'}, {'word': 'because', 'start': np.float64(231.514), 'end': np.float64(231.754), 'score': np.float64(0.834), 'speaker': 'SPEAKER_02'}, {'word': 'I', 'start': np.float64(232.275), 'end': np.float64(232.335), 'score': np.float64(0.845), 'speaker': 'SPEAKER_02'}, {'word': 'know', 'start': np.float64(232.435), 'end': np.float64(232.615), 'score': np.float64(0.797), 'speaker': 'SPEAKER_02'}, {'word': 'that', 'start': np.float64(232.696), 'end': np.float64(232.796), 'score': np.float64(0.894), 'speaker': 'SPEAKER_02'}, {'word': 'you', 'start': np.float64(232.856), 'end': np.float64(233.036), 'score': np.float64(0.821), 'speaker': 'SPEAKER_02'}, {'word': 'feel', 'start': np.float64(233.076), 'end': np.float64(233.277), 'score': np.float64(0.759), 'speaker': 'SPEAKER_02'}, {'word': 'guilt', 'start': np.float64(233.337), 'end': np.float64(233.557), 'score': np.float64(0.869), 'speaker': 'SPEAKER_02'}, {'word': 'just', 'start': np.float64(233.637), 'end': np.float64(233.777), 'score': np.float64(0.848), 'speaker': 'SPEAKER_01'}, {'word': 'like', 'start': np.float64(233.898), 'end': np.float64(233.978), 'score': np.float64(0.25), 'speaker': 'SPEAKER_01'}, {'word': 'I', 'start': np.float64(234.158), 'end': np.float64(234.258), 'score': np.float64(0.976), 'speaker': 'SPEAKER_02'}, {'word': 'feel', 'start': np.float64(234.318), 'end': np.float64(234.539), 'score': np.float64(0.821), 'speaker': 'SPEAKER_02'}, {'word': 'guilt.', 'start': np.float64(234.599), 'end': np.float64(234.919), 'score': np.float64(0.89), 'speaker': 'SPEAKER_02'}]",SPEAKER_02
235.28,242.612,"And so if I'm just fully telling you how much it hurt me, the things you did, of course that's going to weigh on you.","[{'word': 'And', 'start': np.float64(235.28), 'end': np.float64(235.36), 'score': np.float64(0.754), 'speaker': 'SPEAKER_01'}, {'word': 'so', 'start': np.float64(235.42), 'end': np.float64(235.54), 'score': np.float64(0.938), 'speaker': 'SPEAKER_02'}, {'word': 'if', 'start': np.float64(235.62), 'end': np.float64(235.681), 'score': np.float64(0.914), 'speaker': 'SPEAKER_02'}, {'word': ""I'm"", 'start': np.float64(235.921), 'end': np.float64(236.061), 'score': np.float64(0.988), 'speaker': 'SPEAKER_02'}, {'word': 'just', 'start': np.float64(236.121), 'end': np.float64(236.262), 'score': np.float64(0.906), 'speaker': 'SPEAKER_02'}, {'word': 'fully', 'start': np.float64(236.342), 'end': np.float64(236.622), 'score': np.float64(0.993), 'speaker': 'SPEAKER_02'}, {'word': 'telling', 'start': np.float64(236.682), 'end': np.float64(237.023), 'score': np.float64(0.863), 'speaker': 'SPEAKER_02'}, {'word': 'you', 'start': np.float64(237.083), 'end': np.float64(237.283), 'score': np.float64(0.821), 'speaker': 'SPEAKER_02'}, {'word': 'how', 'start': np.float64(237.323), 'end': np.float64(238.004), 'score': np.float64(0.615), 'speaker': 'SPEAKER_02'}, {'word': 'much', 'start': np.float64(238.064), 'end': np.float64(238.185), 'score': np.float64(0.873), 'speaker': 'SPEAKER_02'}, {'word': 'it', 'start': np.float64(238.245), 'end': np.float64(238.325), 'score': np.float64(0.901), 'speaker': 'SPEAKER_02'}, {'word': 'hurt', 'start': np.float64(238.385), 'end': np.float64(238.545), 'score': np.float64(0.856), 'speaker': 'SPEAKER_02'}, {'word': 'me,', 'start': np.float64(238.585), 'end': np.float64(238.686), 'score': np.float64(0.995), 'speaker': 'SPEAKER_02'}, {'word': 'the', 'start': np.float64(238.726), 'end': np.float64(238.786), 'score': np.float64(0.993), 'speaker': 'SPEAKER_02'}, {'word': 'things', 'start': np.float64(238.826), 'end': np.float64(239.046), 'score': np.float64(0.726), 'speaker': 'SPEAKER_02'}, {'word': 'you', 'start': np.float64(239.106), 'end': np.float64(239.266), 'score': np.float64(0.734), 'speaker': 'SPEAKER_02'}, {'word': 'did,', 'start': np.float64(239.327), 'end': np.float64(239.507), 'score': np.float64(0.897), 'speaker': 'SPEAKER_02'}, {'word': 'of', 'start': np.float64(239.527), 'end': np.float64(239.627), 'score': np.float64(0.764), 'speaker': 'SPEAKER_02'}, {'word': 'course', 'start': np.float64(239.727), 'end': np.float64(239.948), 'score': np.float64(0.625), 'speaker': 'SPEAKER_02'}, {'word': ""that's"", 'start': np.float64(239.988), 'end': np.float64(240.128), 'score': np.float64(0.772), 'speaker': 'SPEAKER_02'}, {'word': 'going', 'start': np.float64(240.168), 'end': np.float64(240.308), 'score': np.float64(0.466), 'speaker': 'SPEAKER_02'}, {'word': 'to', 'start': np.float64(240.589), 'end': np.float64(240.669), 'score': np.float64(0.82), 'speaker': 'SPEAKER_02'}, {'word': 'weigh', 'start': np.float64(241.09), 'end': np.float64(241.59), 'score': np.float64(0.437), 'speaker': 'SPEAKER_01'}, {'word': 'on', 'start': np.float64(241.65), 'end': np.float64(242.091), 'score': np.float64(0.796), 'speaker': 'SPEAKER_01'}, {'word': 'you.', 'start': np.float64(242.111), 'end': np.float64(242.612), 'score': np.float64(0.478), 'speaker': 'SPEAKER_02'}]",SPEAKER_02
242.592,267.604, you know how hard it was and you know being a mom to me it was like a burden sometimes like those things are gonna you know they hurt the other person but it's important to express them but maybe just not to each other like maybe in therapy and yeah yeah yeah exactly yeah okay what's something i still don't fully understand about you and why do you think that is,"[{'word': 'you', 'start': np.float64(242.592), 'end': np.float64(242.792), 'score': np.float64(0.929), 'speaker': 'SPEAKER_02'}, {'word': 'know', 'start': np.float64(242.832), 'end': np.float64(242.952), 'score': np.float64(0.88), 'speaker': 'SPEAKER_02'}, {'word': 'how', 'start': np.float64(243.053), 'end': np.float64(243.213), 'score': np.float64(0.708), 'speaker': 'SPEAKER_02'}, {'word': 'hard', 'start': np.float64(243.313), 'end': np.float64(243.513), 'score': np.float64(0.903), 'speaker': 'SPEAKER_02'}, {'word': 'it', 'start': np.float64(243.573), 'end': np.float64(243.613), 'score': np.float64(0.998), 'speaker': 'SPEAKER_02'}, {'word': 'was', 'start': np.float64(243.653), 'end': np.float64(243.934), 'score': np.float64(0.83), 'speaker': 'SPEAKER_02'}, {'word': 'and', 'start': np.float64(243.974), 'end': np.float64(244.034), 'score': np.float64(0.811), 'speaker': 'SPEAKER_02'}, {'word': 'you', 'start': np.float64(244.414), 'end': np.float64(244.514), 'score': np.float64(0.787), 'speaker': 'SPEAKER_02'}, {'word': 'know', 'start': np.float64(244.555), 'end': np.float64(244.715), 'score': np.float64(0.894), 'speaker': 'SPEAKER_02'}, {'word': 'being', 'start': np.float64(244.995), 'end': np.float64(245.195), 'score': np.float64(0.797), 'speaker': 'SPEAKER_02'}, {'word': 'a', 'start': np.float64(245.235), 'end': np.float64(245.275), 'score': np.float64(0.364), 'speaker': 'SPEAKER_02'}, {'word': 'mom', 'start': np.float64(245.295), 'end': np.float64(245.496), 'score': np.float64(0.585), 'speaker': 'SPEAKER_02'}, {'word': 'to', 'start': np.float64(245.536), 'end': np.float64(245.576), 'score': np.float64(0.426), 'speaker': 'SPEAKER_02'}, {'word': 'me', 'start': np.float64(245.596), 'end': np.float64(245.776), 'score': np.float64(0.74), 'speaker': 'SPEAKER_02'}, {'word': 'it', 'start': np.float64(246.117), 'end': np.float64(246.177), 'score': np.float64(0.913), 'speaker': 'SPEAKER_02'}, {'word': 'was', 'start': np.float64(246.217), 'end': np.float64(246.297), 'score': np.float64(0.68), 'speaker': 'SPEAKER_02'}, {'word': 'like', 'start': np.float64(246.317), 'end': np.float64(246.417), 'score': np.float64(0.782), 'speaker': 'SPEAKER_02'}, {'word': 'a', 'start': np.float64(246.457), 'end': np.float64(246.497), 'score': np.float64(0.5), 'speaker': 'SPEAKER_02'}, {'word': 'burden', 'start': np.float64(246.537), 'end': np.float64(246.857), 'score': np.float64(0.753), 'speaker': 'SPEAKER_02'}, {'word': 'sometimes', 'start': np.float64(246.898), 'end': np.float64(247.198), 'score': np.float64(0.826), 'speaker': 'SPEAKER_02'}, {'word': 'like', 'start': np.float64(247.218), 'end': np.float64(247.318), 'score': np.float64(0.664), 'speaker': 'SPEAKER_02'}, {'word': 'those', 'start': np.float64(247.358), 'end': np.float64(247.498), 'score': np.float64(0.976), 'speaker': 'SPEAKER_02'}, {'word': 'things', 'start': np.float64(247.538), 'end': np.float64(247.719), 'score': np.float64(0.838), 'speaker': 'SPEAKER_02'}, {'word': 'are', 'start': np.float64(247.779), 'end': np.float64(247.879), 'score': np.float64(0.308), 'speaker': 'SPEAKER_02'}, {'word': 'gonna', 'start': np.float64(247.899), 'end': np.float64(248.079), 'score': np.float64(0.348), 'speaker': 'SPEAKER_02'}, {'word': 'you', 'start': np.float64(248.46), 'end': np.float64(248.54), 'score': np.float64(0.811), 'speaker': 'SPEAKER_02'}, {'word': 'know', 'start': np.float64(248.58), 'end': np.float64(248.7), 'score': np.float64(0.908), 'speaker': 'SPEAKER_02'}, {'word': 'they', 'start': np.float64(248.98), 'end': np.float64(249.421), 'score': np.float64(0.869), 'speaker': 'SPEAKER_02'}, {'word': 'hurt', 'start': np.float64(249.481), 'end': np.float64(249.641), 'score': np.float64(0.813), 'speaker': 'SPEAKER_02'}, {'word': 'the', 'start': np.float64(249.681), 'end': np.float64(249.781), 'score': np.float64(0.716), 'speaker': 'SPEAKER_02'}, {'word': 'other', 'start': np.float64(249.801), 'end': np.float64(249.961), 'score': np.float64(0.869), 'speaker': 'SPEAKER_02'}, {'word': 'person', 'start': np.float64(250.001), 'end': np.float64(250.282), 'score': np.float64(0.993), 'speaker': 'SPEAKER_02'}, {'word': 'but', 'start': np.float64(250.302), 'end': np.float64(250.422), 'score': np.float64(0.952), 'speaker': 'SPEAKER_02'}, {'word': ""it's"", 'start': np.float64(250.482), 'end': np.float64(250.622), 'score': np.float64(0.783), 'speaker': 'SPEAKER_02'}, {'word': 'important', 'start': np.float64(250.682), 'end': np.float64(251.123), 'score': np.float64(0.859), 'speaker': 'SPEAKER_02'}, {'word': 'to', 'start': np.float64(251.143), 'end': np.float64(251.323), 'score': np.float64(0.83), 'speaker': 'SPEAKER_02'}, {'word': 'express', 'start': np.float64(251.724), 'end': np.float64(252.024), 'score': np.float64(0.965), 'speaker': 'SPEAKER_02'}, {'word': 'them', 'start': np.float64(252.064), 'end': np.float64(252.164), 'score': np.float64(0.939), 'speaker': 'SPEAKER_02'}, {'word': 'but', 'start': np.float64(252.204), 'end': np.float64(252.284), 'score': np.float64(0.856), 'speaker': 'SPEAKER_02'}, {'word': 'maybe', 'start': np.float64(252.344), 'end': np.float64(252.565), 'score': np.float64(0.926), 'speaker': 'SPEAKER_02'}, {'word': 'just', 'start': np.float64(252.605), 'end': np.float64(252.765), 'score': np.float64(0.946), 'speaker': 'SPEAKER_02'}, {'word': 'not', 'start': np.float64(252.825), 'end': np.float64(252.965), 'score': np.float64(0.886), 'speaker': 'SPEAKER_02'}, {'word': 'to', 'start': np.float64(253.005), 'end': np.float64(253.065), 'score': np.float64(0.676), 'speaker': 'SPEAKER_02'}, {'word': 'each', 'start': np.float64(253.125), 'end': np.float64(253.246), 'score': np.float64(0.944), 'speaker': 'SPEAKER_02'}, {'word': 'other', 'start': np.float64(253.306), 'end': np.float64(253.466), 'score': np.float64(0.812), 'speaker': 'SPEAKER_02'}, {'word': 'like', 'start': np.float64(253.526), 'end': np.float64(253.646), 'score': np.float64(0.866), 'speaker': 'SPEAKER_02'}, {'word': 'maybe', 'start': np.float64(253.726), 'end': np.float64(254.007), 'score': np.float64(0.9), 'speaker': 'SPEAKER_02'}, {'word': 'in', 'start': np.float64(254.207), 'end': np.float64(254.287), 'score': np.float64(0.732), 'speaker': 'SPEAKER_02'}, {'word': 'therapy', 'start': np.float64(254.307), 'end': np.float64(254.808), 'score': np.float64(0.635), 'speaker': 'SPEAKER_01'}, {'word': 'and', 'start': np.float64(254.828), 'end': np.float64(254.968), 'score': np.float64(0.808), 'speaker': 'SPEAKER_02'}, {'word': 'yeah', 'start': np.float64(255.328), 'end': np.float64(255.549), 'score': np.float64(0.533), 'speaker': 'SPEAKER_01'}, {'word': 'yeah', 'start': np.float64(255.669), 'end': np.float64(255.889), 'score': np.float64(0.538), 'speaker': 'SPEAKER_01'}, {'word': 'yeah', 'start': np.float64(256.63), 'end': np.float64(256.87), 'score': np.float64(0.626), 'speaker': 'SPEAKER_01'}, {'word': 'exactly', 'start': np.float64(257.171), 'end': np.float64(257.651), 'score': np.float64(0.844), 'speaker': 'SPEAKER_01'}, {'word': 'yeah', 'start': np.float64(257.932), 'end': np.float64(258.152), 'score': np.float64(0.637), 'speaker': 'SPEAKER_01'}, {'word': 'okay', 'start': np.float64(260.054), 'end': np.float64(260.315), 'score': np.float64(0.735), 'speaker': 'SPEAKER_01'}, {'word': ""what's"", 'start': np.float64(260.375), 'end': np.float64(260.555), 'score': np.float64(0.803), 'speaker': 'SPEAKER_01'}, {'word': 'something', 'start': np.float64(260.595), 'end': np.float64(260.895), 'score': np.float64(0.985), 'speaker': 'SPEAKER_01'}, {'word': 'i', 'start': np.float64(260.976), 'end': np.float64(261.036), 'score': np.float64(0.952), 'speaker': 'SPEAKER_01'}, {'word': 'still', 'start': np.float64(261.136), 'end': np.float64(261.356), 'score': np.float64(0.831), 'speaker': 'SPEAKER_01'}, {'word': ""don't"", 'start': np.float64(261.396), 'end': np.float64(261.576), 'score': np.float64(0.812), 'speaker': 'SPEAKER_01'}, {'word': 'fully', 'start': np.float64(261.676), 'end': np.float64(261.957), 'score': np.float64(0.744), 'speaker': 'SPEAKER_01'}, {'word': 'understand', 'start': np.float64(262.017), 'end': np.float64(262.477), 'score': np.float64(0.791), 'speaker': 'SPEAKER_01'}, {'word': 'about', 'start': np.float64(262.558), 'end': np.float64(262.778), 'score': np.float64(0.978), 'speaker': 'SPEAKER_01'}, {'word': 'you', 'start': np.float64(262.838), 'end': np.float64(262.958), 'score': np.float64(0.949), 'speaker': 'SPEAKER_01'}, {'word': 'and', 'start': np.float64(262.998), 'end': np.float64(263.218), 'score': np.float64(0.834), 'speaker': 'SPEAKER_01'}, {'word': 'why', 'start': np.float64(263.379), 'end': np.float64(263.759), 'score': np.float64(0.848), 'speaker': 'SPEAKER_01'}, {'word': 'do', 'start': np.float64(263.779), 'end': np.float64(263.819), 'score': np.float64(0.5), 'speaker': 'SPEAKER_01'}, {'word': 'you', 'start': np.float64(264.3), 'end': np.float64(264.4), 'score': np.float64(0.888), 'speaker': 'SPEAKER_01'}, {'word': 'think', 'start': np.float64(264.44), 'end': np.float64(264.62), 'score': np.float64(0.94), 'speaker': 'SPEAKER_01'}, {'word': 'that', 'start': np.float64(264.66), 'end': np.float64(264.84), 'score': np.float64(0.961), 'speaker': 'SPEAKER_01'}, {'word': 'is', 'start': np.float64(264.961), 'end': np.float64(267.604), 'score': np.float64(0.922), 'speaker': 'SPEAKER_01'}]",SPEAKER_02
270.638,271.38, That's a hard one.,"[{'word': ""That's"", 'start': np.float64(270.638), 'end': np.float64(270.819), 'score': np.float64(0.125), 'speaker': 'SPEAKER_02'}, {'word': 'a', 'start': np.float64(270.839), 'end': np.float64(270.859), 'score': np.float64(0.0), 'speaker': 'SPEAKER_02'}, {'word': 'hard', 'start': np.float64(270.879), 'end': np.float64(271.16), 'score': np.float64(0.91), 'speaker': 'SPEAKER_02'}, {'word': 'one.', 'start': np.float64(271.26), 'end': np.float64(271.38), 'score': np.float64(0.907), 'speaker': 'SPEAKER_02'}]",SPEAKER_02
271.461,275.012,What's something I feel like you don't fully understand about me?,"[{'word': ""What's"", 'start': np.float64(271.461), 'end': np.float64(271.661), 'score': np.float64(0.863), 'speaker': 'SPEAKER_02'}, {'word': 'something', 'start': np.float64(271.702), 'end': np.float64(272.243), 'score': np.float64(0.931), 'speaker': 'SPEAKER_02'}, {'word': 'I', 'start': np.float64(272.263), 'end': np.float64(272.283), 'score': np.float64(1.0), 'speaker': 'SPEAKER_02'}, {'word': 'feel', 'start': np.float64(272.484), 'end': np.float64(272.665), 'score': np.float64(0.823), 'speaker': 'SPEAKER_02'}, {'word': 'like', 'start': np.float64(272.685), 'end': np.float64(272.825), 'score': np.float64(0.803), 'speaker': 'SPEAKER_02'}, {'word': 'you', 'start': np.float64(272.865), 'end': np.float64(273.006), 'score': np.float64(0.993), 'speaker': 'SPEAKER_02'}, {'word': ""don't"", 'start': np.float64(273.066), 'end': np.float64(273.307), 'score': np.float64(0.793), 'speaker': 'SPEAKER_02'}, {'word': 'fully', 'start': np.float64(273.467), 'end': np.float64(273.788), 'score': np.float64(0.882), 'speaker': 'SPEAKER_02'}, {'word': 'understand', 'start': np.float64(273.808), 'end': np.float64(274.471), 'score': np.float64(0.749), 'speaker': 'SPEAKER_02'}, {'word': 'about', 'start': np.float64(274.551), 'end': np.float64(274.812), 'score': np.float64(0.996), 'speaker': 'SPEAKER_02'}, {'word': 'me?', 'start': np.float64(274.872), 'end': np.float64(275.012), 'score': np.float64(0.84), 'speaker': 'SPEAKER_02'}]",SPEAKER_02
277.681,281.273,Sometimes maybe the way my mind thinks.,"[{'word': 'Sometimes', 'start': np.float64(277.681), 'end': np.float64(278.042), 'score': np.float64(0.964), 'speaker': 'SPEAKER_02'}, {'word': 'maybe', 'start': np.float64(278.083), 'end': np.float64(278.363), 'score': np.float64(0.786), 'speaker': 'SPEAKER_02'}, {'word': 'the', 'start': np.float64(278.424), 'end': np.float64(278.504), 'score': np.float64(0.973), 'speaker': 'SPEAKER_02'}, {'word': 'way', 'start': np.float64(278.544), 'end': np.float64(278.705), 'score': np.float64(0.897), 'speaker': 'SPEAKER_02'}, {'word': 'my', 'start': np.float64(278.745), 'end': np.float64(278.945), 'score': np.float64(0.797), 'speaker': 'SPEAKER_02'}, {'word': 'mind', 'start': np.float64(279.006), 'end': np.float64(279.327), 'score': np.float64(0.894), 'speaker': 'SPEAKER_02'}, {'word': 'thinks.', 'start': np.float64(279.427), 'end': np.float64(281.273), 'score': np.float64(0.877), 'speaker': 'SPEAKER_02'}]",SPEAKER_02
282.94,291.153," How I see the world, I do think we're very similar in how we see the world, but we live in really different spaces in the world.","[{'word': 'How', 'start': np.float64(282.94), 'end': np.float64(283.16), 'score': np.float64(0.458), 'speaker': 'SPEAKER_02'}, {'word': 'I', 'start': np.float64(283.22), 'end': np.float64(283.281), 'score': np.float64(0.991), 'speaker': 'SPEAKER_02'}, {'word': 'see', 'start': np.float64(283.341), 'end': np.float64(283.481), 'score': np.float64(0.998), 'speaker': 'SPEAKER_02'}, {'word': 'the', 'start': np.float64(283.521), 'end': np.float64(283.601), 'score': np.float64(0.85), 'speaker': 'SPEAKER_02'}, {'word': 'world,', 'start': np.float64(283.661), 'end': np.float64(284.002), 'score': np.float64(0.831), 'speaker': 'SPEAKER_02'}, {'word': 'I', 'start': np.float64(284.062), 'end': np.float64(284.102), 'score': np.float64(0.771), 'speaker': 'SPEAKER_02'}, {'word': 'do', 'start': np.float64(284.162), 'end': np.float64(284.262), 'score': np.float64(0.982), 'speaker': 'SPEAKER_02'}, {'word': 'think', 'start': np.float64(284.302), 'end': np.float64(284.422), 'score': np.float64(0.855), 'speaker': 'SPEAKER_02'}, {'word': ""we're"", 'start': np.float64(284.462), 'end': np.float64(284.623), 'score': np.float64(0.727), 'speaker': 'SPEAKER_02'}, {'word': 'very', 'start': np.float64(284.663), 'end': np.float64(284.923), 'score': np.float64(0.731), 'speaker': 'SPEAKER_02'}, {'word': 'similar', 'start': np.float64(285.003), 'end': np.float64(285.384), 'score': np.float64(0.703), 'speaker': 'SPEAKER_02'}, {'word': 'in', 'start': np.float64(285.504), 'end': np.float64(285.684), 'score': np.float64(0.354), 'speaker': 'SPEAKER_02'}, {'word': 'how', 'start': np.float64(285.744), 'end': np.float64(285.845), 'score': np.float64(0.985), 'speaker': 'SPEAKER_02'}, {'word': 'we', 'start': np.float64(285.905), 'end': np.float64(285.985), 'score': np.float64(0.977), 'speaker': 'SPEAKER_02'}, {'word': 'see', 'start': np.float64(286.025), 'end': np.float64(286.145), 'score': np.float64(0.986), 'speaker': 'SPEAKER_02'}, {'word': 'the', 'start': np.float64(286.185), 'end': np.float64(286.245), 'score': np.float64(0.752), 'speaker': 'SPEAKER_02'}, {'word': 'world,', 'start': np.float64(286.285), 'end': np.float64(286.606), 'score': np.float64(0.742), 'speaker': 'SPEAKER_02'}, {'word': 'but', 'start': np.float64(287.307), 'end': np.float64(287.407), 'score': np.float64(0.959), 'speaker': 'SPEAKER_02'}, {'word': 'we', 'start': np.float64(287.467), 'end': np.float64(287.627), 'score': np.float64(0.79), 'speaker': 'SPEAKER_02'}, {'word': 'live', 'start': np.float64(287.727), 'end': np.float64(287.968), 'score': np.float64(0.851), 'speaker': 'SPEAKER_02'}, {'word': 'in', 'start': np.float64(288.048), 'end': np.float64(288.108), 'score': np.float64(0.936), 'speaker': 'SPEAKER_02'}, {'word': 'really', 'start': np.float64(288.208), 'end': np.float64(288.509), 'score': np.float64(0.755), 'speaker': 'SPEAKER_02'}, {'word': 'different', 'start': np.float64(288.629), 'end': np.float64(289.13), 'score': np.float64(0.923), 'speaker': 'SPEAKER_02'}, {'word': 'spaces', 'start': np.float64(290.031), 'end': np.float64(290.532), 'score': np.float64(0.888), 'speaker': 'SPEAKER_02'}, {'word': 'in', 'start': np.float64(290.592), 'end': np.float64(290.652), 'score': np.float64(0.901), 'speaker': 'SPEAKER_02'}, {'word': 'the', 'start': np.float64(290.692), 'end': np.float64(290.772), 'score': np.float64(0.979), 'speaker': 'SPEAKER_02'}, {'word': 'world.', 'start': np.float64(290.812), 'end': np.float64(291.153), 'score': np.float64(0.717), 'speaker': 'SPEAKER_02'}]",SPEAKER_02
291.453,295.359,I'm around so many different types of people.,"[{'word': ""I'm"", 'start': np.float64(291.453), 'end': np.float64(291.513), 'score': np.float64(0.213), 'speaker': 'SPEAKER_02'}, {'word': 'around', 'start': np.float64(291.834), 'end': np.float64(293.637), 'score': np.float64(0.904), 'speaker': 'SPEAKER_02'}, {'word': 'so', 'start': np.float64(293.877), 'end': np.float64(294.037), 'score': np.float64(0.99), 'speaker': 'SPEAKER_02'}, {'word': 'many', 'start': np.float64(294.097), 'end': np.float64(294.218), 'score': np.float64(0.789), 'speaker': 'SPEAKER_02'}, {'word': 'different', 'start': np.float64(294.278), 'end': np.float64(294.518), 'score': np.float64(0.874), 'speaker': 'SPEAKER_02'}, {'word': 'types', 'start': np.float64(294.538), 'end': np.float64(294.799), 'score': np.float64(0.834), 'speaker': 'SPEAKER_02'}, {'word': 'of', 'start': np.float64(294.859), 'end': np.float64(294.899), 'score': np.float64(0.978), 'speaker': 'SPEAKER_02'}, {'word': 'people.', 'start': np.float64(294.959), 'end': np.float64(295.359), 'score': np.float64(0.829), 'speaker': 'SPEAKER_02'}]",SPEAKER_02
296.081,302.13,"The way I grew up, how curious I was about the world, how I literally have friends from","[{'word': 'The', 'start': np.float64(296.081), 'end': np.float64(296.261), 'score': np.float64(0.724), 'speaker': 'SPEAKER_02'}, {'word': 'way', 'start': np.float64(296.301), 'end': np.float64(296.421), 'score': np.float64(0.722), 'speaker': 'SPEAKER_02'}, {'word': 'I', 'start': np.float64(296.481), 'end': np.float64(296.541), 'score': np.float64(0.997), 'speaker': 'SPEAKER_02'}, {'word': 'grew', 'start': np.float64(296.601), 'end': np.float64(296.742), 'score': np.float64(0.875), 'speaker': 'SPEAKER_02'}, {'word': 'up,', 'start': np.float64(296.802), 'end': np.float64(296.882), 'score': np.float64(0.954), 'speaker': 'SPEAKER_02'}, {'word': 'how', 'start': np.float64(296.902), 'end': np.float64(297.022), 'score': np.float64(0.963), 'speaker': 'SPEAKER_02'}, {'word': 'curious', 'start': np.float64(297.122), 'end': np.float64(297.563), 'score': np.float64(0.905), 'speaker': 'SPEAKER_02'}, {'word': 'I', 'start': np.float64(297.643), 'end': np.float64(297.703), 'score': np.float64(0.992), 'speaker': 'SPEAKER_02'}, {'word': 'was', 'start': np.float64(297.743), 'end': np.float64(297.923), 'score': np.float64(0.797), 'speaker': 'SPEAKER_02'}, {'word': 'about', 'start': np.float64(298.004), 'end': np.float64(298.204), 'score': np.float64(0.989), 'speaker': 'SPEAKER_02'}, {'word': 'the', 'start': np.float64(298.244), 'end': np.float64(298.324), 'score': np.float64(0.78), 'speaker': 'SPEAKER_02'}, {'word': 'world,', 'start': np.float64(298.384), 'end': np.float64(298.725), 'score': np.float64(0.733), 'speaker': 'SPEAKER_02'}, {'word': 'how', 'start': np.float64(299.346), 'end': np.float64(299.466), 'score': np.float64(0.942), 'speaker': 'SPEAKER_02'}, {'word': 'I', 'start': np.float64(299.526), 'end': np.float64(299.586), 'score': np.float64(0.965), 'speaker': 'SPEAKER_02'}, {'word': 'literally', 'start': np.float64(299.646), 'end': np.float64(299.967), 'score': np.float64(0.877), 'speaker': 'SPEAKER_02'}, {'word': 'have', 'start': np.float64(300.027), 'end': np.float64(300.167), 'score': np.float64(0.877), 'speaker': 'SPEAKER_02'}, {'word': 'friends', 'start': np.float64(300.287), 'end': np.float64(300.728), 'score': np.float64(0.779), 'speaker': 'SPEAKER_02'}, {'word': 'from', 'start': np.float64(301.048), 'end': np.float64(302.13), 'score': np.float64(0.894), 'speaker': 'SPEAKER_02'}]",SPEAKER_02
302.11,310.461," you know, every different continent, every different racial background, you know, friends from every different sector of the LGBTQ plus community.","[{'word': 'you', 'start': np.float64(302.11), 'end': np.float64(302.37), 'score': np.float64(0.923), 'speaker': 'SPEAKER_02'}, {'word': 'know,', 'start': np.float64(302.39), 'end': np.float64(302.511), 'score': np.float64(0.679), 'speaker': 'SPEAKER_02'}, {'word': 'every', 'start': np.float64(302.631), 'end': np.float64(302.811), 'score': np.float64(0.78), 'speaker': 'SPEAKER_02'}, {'word': 'different', 'start': np.float64(303.131), 'end': np.float64(303.372), 'score': np.float64(0.943), 'speaker': 'SPEAKER_02'}, {'word': 'continent,', 'start': np.float64(303.412), 'end': np.float64(303.892), 'score': np.float64(0.861), 'speaker': 'SPEAKER_02'}, {'word': 'every', 'start': np.float64(304.413), 'end': np.float64(304.573), 'score': np.float64(0.911), 'speaker': 'SPEAKER_02'}, {'word': 'different', 'start': np.float64(304.613), 'end': np.float64(304.854), 'score': np.float64(0.728), 'speaker': 'SPEAKER_02'}, {'word': 'racial', 'start': np.float64(304.914), 'end': np.float64(305.234), 'score': np.float64(0.92), 'speaker': 'SPEAKER_02'}, {'word': 'background,', 'start': np.float64(305.274), 'end': np.float64(305.915), 'score': np.float64(0.811), 'speaker': 'SPEAKER_02'}, {'word': 'you', 'start': np.float64(305.975), 'end': np.float64(306.916), 'score': np.float64(0.976), 'speaker': 'SPEAKER_02'}, {'word': 'know,', 'start': np.float64(306.956), 'end': np.float64(307.056), 'score': np.float64(0.961), 'speaker': 'SPEAKER_02'}, {'word': 'friends', 'start': np.float64(307.117), 'end': np.float64(307.317), 'score': np.float64(0.708), 'speaker': 'SPEAKER_02'}, {'word': 'from', 'start': np.float64(307.357), 'end': np.float64(307.497), 'score': np.float64(0.864), 'speaker': 'SPEAKER_02'}, {'word': 'every', 'start': np.float64(307.537), 'end': np.float64(308.118), 'score': np.float64(0.587), 'speaker': 'SPEAKER_02'}, {'word': 'different', 'start': np.float64(308.158), 'end': np.float64(308.398), 'score': np.float64(0.922), 'speaker': 'SPEAKER_02'}, {'word': 'sector', 'start': np.float64(308.438), 'end': np.float64(308.719), 'score': np.float64(0.786), 'speaker': 'SPEAKER_02'}, {'word': 'of', 'start': np.float64(308.739), 'end': np.float64(308.779), 'score': np.float64(0.948), 'speaker': 'SPEAKER_02'}, {'word': 'the', 'start': np.float64(308.799), 'end': np.float64(308.859), 'score': np.float64(0.942), 'speaker': 'SPEAKER_02'}, {'word': 'LGBTQ', 'start': np.float64(308.899), 'end': np.float64(309.54), 'score': np.float64(0.564), 'speaker': 'SPEAKER_02'}, {'word': 'plus', 'start': np.float64(309.58), 'end': np.float64(309.84), 'score': np.float64(0.929), 'speaker': 'SPEAKER_02'}, {'word': 'community.', 'start': np.float64(309.88), 'end': np.float64(310.461), 'score': np.float64(0.913), 'speaker': 'SPEAKER_02'}]",SPEAKER_02
310.481,316.989,"I have friends from every different religion, you know, and so I get this really cool experience of talking to all these people.","[{'word': 'I', 'start': np.float64(310.481), 'end': np.float64(310.501), 'score': np.float64(1.0), 'speaker': 'SPEAKER_02'}, {'word': 'have', 'start': np.float64(310.641), 'end': np.float64(310.761), 'score': np.float64(0.734), 'speaker': 'SPEAKER_02'}, {'word': 'friends', 'start': np.float64(311.342), 'end': np.float64(311.522), 'score': np.float64(0.78), 'speaker': 'SPEAKER_02'}, {'word': 'from', 'start': np.float64(311.542), 'end': np.float64(311.662), 'score': np.float64(0.903), 'speaker': 'SPEAKER_02'}, {'word': 'every', 'start': np.float64(311.723), 'end': np.float64(311.863), 'score': np.float64(0.776), 'speaker': 'SPEAKER_02'}, {'word': 'different', 'start': np.float64(311.883), 'end': np.float64(312.103), 'score': np.float64(0.681), 'speaker': 'SPEAKER_02'}, {'word': 'religion,', 'start': np.float64(312.143), 'end': np.float64(312.664), 'score': np.float64(0.834), 'speaker': 'SPEAKER_02'}, {'word': 'you', 'start': np.float64(312.724), 'end': np.float64(312.864), 'score': np.float64(0.615), 'speaker': 'SPEAKER_02'}, {'word': 'know,', 'start': np.float64(312.904), 'end': np.float64(313.084), 'score': np.float64(0.792), 'speaker': 'SPEAKER_02'}, {'word': 'and', 'start': np.float64(313.144), 'end': np.float64(313.605), 'score': np.float64(0.826), 'speaker': 'SPEAKER_02'}, {'word': 'so', 'start': np.float64(313.625), 'end': np.float64(313.725), 'score': np.float64(0.676), 'speaker': 'SPEAKER_02'}, {'word': 'I', 'start': np.float64(313.785), 'end': np.float64(313.845), 'score': np.float64(0.997), 'speaker': 'SPEAKER_02'}, {'word': 'get', 'start': np.float64(313.885), 'end': np.float64(314.006), 'score': np.float64(0.79), 'speaker': 'SPEAKER_02'}, {'word': 'this', 'start': np.float64(314.026), 'end': np.float64(314.186), 'score': np.float64(0.655), 'speaker': 'SPEAKER_02'}, {'word': 'really', 'start': np.float64(314.346), 'end': np.float64(314.646), 'score': np.float64(0.619), 'speaker': 'SPEAKER_02'}, {'word': 'cool', 'start': np.float64(314.827), 'end': np.float64(315.067), 'score': np.float64(0.84), 'speaker': 'SPEAKER_02'}, {'word': 'experience', 'start': np.float64(315.127), 'end': np.float64(315.728), 'score': np.float64(0.796), 'speaker': 'SPEAKER_02'}, {'word': 'of', 'start': np.float64(315.788), 'end': np.float64(315.828), 'score': np.float64(1.0), 'speaker': 'SPEAKER_02'}, {'word': 'talking', 'start': np.float64(315.848), 'end': np.float64(316.349), 'score': np.float64(0.967), 'speaker': 'SPEAKER_02'}, {'word': 'to', 'start': np.float64(316.389), 'end': np.float64(316.429), 'score': np.float64(0.0), 'speaker': 'SPEAKER_02'}, {'word': 'all', 'start': np.float64(316.449), 'end': np.float64(316.509), 'score': np.float64(0.668), 'speaker': 'SPEAKER_02'}, {'word': 'these', 'start': np.float64(316.549), 'end': np.float64(316.689), 'score': np.float64(0.689), 'speaker': 'SPEAKER_02'}, {'word': 'people.', 'start': np.float64(316.729), 'end': np.float64(316.989), 'score': np.float64(0.884), 'speaker': 'SPEAKER_02'}]",SPEAKER_02
317.05,323.578,"And I know you love coming around my friends because like yesterday too, like you get to have these really deep conversations because you have such a","[{'word': 'And', 'start': np.float64(317.05), 'end': np.float64(317.13), 'score': np.float64(0.902), 'speaker': 'SPEAKER_02'}, {'word': 'I', 'start': np.float64(317.17), 'end': np.float64(317.21), 'score': np.float64(0.986), 'speaker': 'SPEAKER_02'}, {'word': 'know', 'start': np.float64(317.31), 'end': np.float64(317.47), 'score': np.float64(0.613), 'speaker': 'SPEAKER_02'}, {'word': 'you', 'start': np.float64(317.51), 'end': np.float64(317.69), 'score': np.float64(0.784), 'speaker': 'SPEAKER_02'}, {'word': 'love', 'start': np.float64(317.75), 'end': np.float64(317.931), 'score': np.float64(0.854), 'speaker': 'SPEAKER_02'}, {'word': 'coming', 'start': np.float64(317.971), 'end': np.float64(318.171), 'score': np.float64(0.944), 'speaker': 'SPEAKER_02'}, {'word': 'around', 'start': np.float64(318.191), 'end': np.float64(318.331), 'score': np.float64(0.914), 'speaker': 'SPEAKER_02'}, {'word': 'my', 'start': np.float64(318.391), 'end': np.float64(318.471), 'score': np.float64(0.946), 'speaker': 'SPEAKER_02'}, {'word': 'friends', 'start': np.float64(318.511), 'end': np.float64(318.752), 'score': np.float64(0.746), 'speaker': 'SPEAKER_02'}, {'word': 'because', 'start': np.float64(318.832), 'end': np.float64(319.052), 'score': np.float64(0.991), 'speaker': 'SPEAKER_02'}, {'word': 'like', 'start': np.float64(319.092), 'end': np.float64(319.312), 'score': np.float64(0.825), 'speaker': 'SPEAKER_02'}, {'word': 'yesterday', 'start': np.float64(319.373), 'end': np.float64(319.753), 'score': np.float64(0.815), 'speaker': 'SPEAKER_02'}, {'word': 'too,', 'start': np.float64(319.793), 'end': np.float64(319.973), 'score': np.float64(0.845), 'speaker': 'SPEAKER_02'}, {'word': 'like', 'start': np.float64(319.993), 'end': np.float64(320.114), 'score': np.float64(0.909), 'speaker': 'SPEAKER_02'}, {'word': 'you', 'start': np.float64(320.134), 'end': np.float64(320.254), 'score': np.float64(0.728), 'speaker': 'SPEAKER_02'}, {'word': 'get', 'start': np.float64(320.274), 'end': np.float64(320.374), 'score': np.float64(0.631), 'speaker': 'SPEAKER_02'}, {'word': 'to', 'start': np.float64(320.394), 'end': np.float64(320.434), 'score': np.float64(0.535), 'speaker': 'SPEAKER_02'}, {'word': 'have', 'start': np.float64(320.474), 'end': np.float64(320.554), 'score': np.float64(0.78), 'speaker': 'SPEAKER_02'}, {'word': 'these', 'start': np.float64(320.594), 'end': np.float64(320.714), 'score': np.float64(0.751), 'speaker': 'SPEAKER_02'}, {'word': 'really', 'start': np.float64(320.754), 'end': np.float64(320.935), 'score': np.float64(0.87), 'speaker': 'SPEAKER_02'}, {'word': 'deep', 'start': np.float64(320.975), 'end': np.float64(321.115), 'score': np.float64(0.978), 'speaker': 'SPEAKER_02'}, {'word': 'conversations', 'start': np.float64(321.175), 'end': np.float64(321.756), 'score': np.float64(0.87), 'speaker': 'SPEAKER_02'}, {'word': 'because', 'start': np.float64(321.816), 'end': np.float64(322.016), 'score': np.float64(0.803), 'speaker': 'SPEAKER_02'}, {'word': 'you', 'start': np.float64(322.056), 'end': np.float64(322.176), 'score': np.float64(0.985), 'speaker': 'SPEAKER_02'}, {'word': 'have', 'start': np.float64(322.216), 'end': np.float64(322.356), 'score': np.float64(0.855), 'speaker': 'SPEAKER_02'}, {'word': 'such', 'start': np.float64(322.517), 'end': np.float64(322.757), 'score': np.float64(0.97), 'speaker': 'SPEAKER_02'}, {'word': 'a', 'start': np.float64(322.877), 'end': np.float64(323.578), 'score': np.float64(0.887), 'speaker': 'SPEAKER_02'}]",SPEAKER_02
323.558,333.19," open and inquisitive mind, which that's one of the things I love so much about you, especially for being a white woman of your age, you know, with the financial status that you're in.","[{'word': 'open', 'start': np.float64(323.558), 'end': np.float64(324.059), 'score': np.float64(0.66), 'speaker': 'SPEAKER_02'}, {'word': 'and', 'start': np.float64(324.099), 'end': np.float64(324.219), 'score': np.float64(0.515), 'speaker': 'SPEAKER_02'}, {'word': 'inquisitive', 'start': np.float64(324.279), 'end': np.float64(324.8), 'score': np.float64(0.786), 'speaker': 'SPEAKER_02'}, {'word': 'mind,', 'start': np.float64(324.88), 'end': np.float64(325.16), 'score': np.float64(0.974), 'speaker': 'SPEAKER_02'}, {'word': 'which', 'start': np.float64(325.2), 'end': np.float64(325.34), 'score': np.float64(0.851), 'speaker': 'SPEAKER_02'}, {'word': ""that's"", 'start': np.float64(325.621), 'end': np.float64(325.761), 'score': np.float64(0.391), 'speaker': 'SPEAKER_02'}, {'word': 'one', 'start': np.float64(325.841), 'end': np.float64(325.921), 'score': np.float64(0.957), 'speaker': 'SPEAKER_02'}, {'word': 'of', 'start': np.float64(325.961), 'end': np.float64(326.001), 'score': np.float64(0.997), 'speaker': 'SPEAKER_02'}, {'word': 'the', 'start': np.float64(326.021), 'end': np.float64(326.081), 'score': np.float64(0.953), 'speaker': 'SPEAKER_02'}, {'word': 'things', 'start': np.float64(326.101), 'end': np.float64(326.322), 'score': np.float64(0.759), 'speaker': 'SPEAKER_02'}, {'word': 'I', 'start': np.float64(326.382), 'end': np.float64(326.422), 'score': np.float64(0.961), 'speaker': 'SPEAKER_02'}, {'word': 'love', 'start': np.float64(326.482), 'end': np.float64(326.642), 'score': np.float64(0.849), 'speaker': 'SPEAKER_02'}, {'word': 'so', 'start': np.float64(326.762), 'end': np.float64(326.962), 'score': np.float64(0.856), 'speaker': 'SPEAKER_02'}, {'word': 'much', 'start': np.float64(327.002), 'end': np.float64(327.163), 'score': np.float64(0.592), 'speaker': 'SPEAKER_02'}, {'word': 'about', 'start': np.float64(327.243), 'end': np.float64(327.443), 'score': np.float64(0.999), 'speaker': 'SPEAKER_02'}, {'word': 'you,', 'start': np.float64(327.483), 'end': np.float64(327.603), 'score': np.float64(0.894), 'speaker': 'SPEAKER_02'}, {'word': 'especially', 'start': np.float64(327.643), 'end': np.float64(328.004), 'score': np.float64(0.812), 'speaker': 'SPEAKER_02'}, {'word': 'for', 'start': np.float64(328.064), 'end': np.float64(328.184), 'score': np.float64(0.952), 'speaker': 'SPEAKER_02'}, {'word': 'being', 'start': np.float64(328.264), 'end': np.float64(328.524), 'score': np.float64(0.749), 'speaker': 'SPEAKER_02'}, {'word': 'a', 'start': np.float64(328.725), 'end': np.float64(328.745), 'score': np.float64(0.957), 'speaker': 'SPEAKER_02'}, {'word': 'white', 'start': np.float64(328.805), 'end': np.float64(328.985), 'score': np.float64(0.891), 'speaker': 'SPEAKER_02'}, {'word': 'woman', 'start': np.float64(329.045), 'end': np.float64(329.345), 'score': np.float64(0.874), 'speaker': 'SPEAKER_02'}, {'word': 'of', 'start': np.float64(329.385), 'end': np.float64(329.706), 'score': np.float64(0.747), 'speaker': 'SPEAKER_02'}, {'word': 'your', 'start': np.float64(329.766), 'end': np.float64(329.926), 'score': np.float64(0.856), 'speaker': 'SPEAKER_02'}, {'word': 'age,', 'start': np.float64(330.126), 'end': np.float64(330.387), 'score': np.float64(0.866), 'speaker': 'SPEAKER_02'}, {'word': 'you', 'start': np.float64(330.887), 'end': np.float64(330.967), 'score': np.float64(0.995), 'speaker': 'SPEAKER_02'}, {'word': 'know,', 'start': np.float64(330.988), 'end': np.float64(331.168), 'score': np.float64(0.8), 'speaker': 'SPEAKER_02'}, {'word': 'with', 'start': np.float64(331.208), 'end': np.float64(331.728), 'score': np.float64(0.879), 'speaker': 'SPEAKER_02'}, {'word': 'the', 'start': np.float64(331.748), 'end': np.float64(331.809), 'score': np.float64(0.943), 'speaker': 'SPEAKER_02'}, {'word': 'financial', 'start': np.float64(331.849), 'end': np.float64(332.289), 'score': np.float64(0.798), 'speaker': 'SPEAKER_02'}, {'word': 'status', 'start': np.float64(332.349), 'end': np.float64(332.67), 'score': np.float64(0.832), 'speaker': 'SPEAKER_02'}, {'word': 'that', 'start': np.float64(332.71), 'end': np.float64(332.81), 'score': np.float64(0.662), 'speaker': 'SPEAKER_02'}, {'word': ""you're"", 'start': np.float64(332.85), 'end': np.float64(333.01), 'score': np.float64(0.725), 'speaker': 'SPEAKER_02'}, {'word': 'in.', 'start': np.float64(333.09), 'end': np.float64(333.19), 'score': np.float64(0.837), 'speaker': 'SPEAKER_02'}]",SPEAKER_02
334.652,346.808,"But I think because you are so interested in the world and humanity and you are always paying attention through news outlets, et cetera, I have a different experience because I don't listen to the news.","[{'word': 'But', 'start': np.float64(334.652), 'end': np.float64(334.752), 'score': np.float64(0.784), 'speaker': 'SPEAKER_02'}, {'word': 'I', 'start': np.float64(334.792), 'end': np.float64(334.832), 'score': np.float64(0.988), 'speaker': 'SPEAKER_02'}, {'word': 'think', 'start': np.float64(334.933), 'end': np.float64(335.213), 'score': np.float64(0.993), 'speaker': 'SPEAKER_02'}, {'word': 'because', 'start': np.float64(335.453), 'end': np.float64(335.914), 'score': np.float64(0.697), 'speaker': 'SPEAKER_02'}, {'word': 'you', 'start': np.float64(335.954), 'end': np.float64(336.174), 'score': np.float64(0.791), 'speaker': 'SPEAKER_02'}, {'word': 'are', 'start': np.float64(336.274), 'end': np.float64(336.374), 'score': np.float64(0.821), 'speaker': 'SPEAKER_02'}, {'word': 'so', 'start': np.float64(336.414), 'end': np.float64(336.795), 'score': np.float64(0.826), 'speaker': 'SPEAKER_02'}, {'word': 'interested', 'start': np.float64(336.895), 'end': np.float64(337.276), 'score': np.float64(0.628), 'speaker': 'SPEAKER_02'}, {'word': 'in', 'start': np.float64(337.336), 'end': np.float64(337.376), 'score': np.float64(1.0), 'speaker': 'SPEAKER_02'}, {'word': 'the', 'start': np.float64(337.396), 'end': np.float64(337.476), 'score': np.float64(0.719), 'speaker': 'SPEAKER_02'}, {'word': 'world', 'start': np.float64(337.536), 'end': np.float64(337.856), 'score': np.float64(0.772), 'speaker': 'SPEAKER_02'}, {'word': 'and', 'start': np.float64(338.017), 'end': np.float64(338.097), 'score': np.float64(0.882), 'speaker': 'SPEAKER_02'}, {'word': 'humanity', 'start': np.float64(338.157), 'end': np.float64(338.697), 'score': np.float64(0.865), 'speaker': 'SPEAKER_02'}, {'word': 'and', 'start': np.float64(338.757), 'end': np.float64(338.838), 'score': np.float64(0.98), 'speaker': 'SPEAKER_02'}, {'word': 'you', 'start': np.float64(338.858), 'end': np.float64(339.398), 'score': np.float64(0.684), 'speaker': 'SPEAKER_02'}, {'word': 'are', 'start': np.float64(339.518), 'end': np.float64(339.599), 'score': np.float64(0.809), 'speaker': 'SPEAKER_02'}, {'word': 'always', 'start': np.float64(339.639), 'end': np.float64(339.839), 'score': np.float64(0.664), 'speaker': 'SPEAKER_02'}, {'word': 'paying', 'start': np.float64(339.879), 'end': np.float64(340.059), 'score': np.float64(0.637), 'speaker': 'SPEAKER_02'}, {'word': 'attention', 'start': np.float64(340.079), 'end': np.float64(340.42), 'score': np.float64(0.855), 'speaker': 'SPEAKER_02'}, {'word': 'through', 'start': np.float64(340.48), 'end': np.float64(340.66), 'score': np.float64(0.909), 'speaker': 'SPEAKER_02'}, {'word': 'news', 'start': np.float64(340.72), 'end': np.float64(340.92), 'score': np.float64(0.789), 'speaker': 'SPEAKER_02'}, {'word': 'outlets,', 'start': np.float64(341.02), 'end': np.float64(341.361), 'score': np.float64(0.881), 'speaker': 'SPEAKER_02'}, {'word': 'et', 'start': np.float64(341.421), 'end': np.float64(341.481), 'score': np.float64(0.938), 'speaker': 'SPEAKER_02'}, {'word': 'cetera,', 'start': np.float64(341.541), 'end': np.float64(341.962), 'score': np.float64(0.871), 'speaker': 'SPEAKER_02'}, {'word': 'I', 'start': np.float64(342.562), 'end': np.float64(342.642), 'score': np.float64(0.632), 'speaker': 'SPEAKER_02'}, {'word': 'have', 'start': np.float64(342.662), 'end': np.float64(342.783), 'score': np.float64(0.8), 'speaker': 'SPEAKER_02'}, {'word': 'a', 'start': np.float64(342.803), 'end': np.float64(342.843), 'score': np.float64(0.5), 'speaker': 'SPEAKER_02'}, {'word': 'different', 'start': np.float64(342.903), 'end': np.float64(343.203), 'score': np.float64(0.863), 'speaker': 'SPEAKER_02'}, {'word': 'experience', 'start': np.float64(343.243), 'end': np.float64(343.964), 'score': np.float64(0.734), 'speaker': 'SPEAKER_02'}, {'word': 'because', 'start': np.float64(344.525), 'end': np.float64(344.885), 'score': np.float64(0.883), 'speaker': 'SPEAKER_02'}, {'word': 'I', 'start': np.float64(344.905), 'end': np.float64(344.925), 'score': np.float64(1.0), 'speaker': 'SPEAKER_02'}, {'word': ""don't"", 'start': np.float64(345.626), 'end': np.float64(345.847), 'score': np.float64(0.712), 'speaker': 'SPEAKER_02'}, {'word': 'listen', 'start': np.float64(345.887), 'end': np.float64(346.147), 'score': np.float64(0.803), 'speaker': 'SPEAKER_02'}, {'word': 'to', 'start': np.float64(346.227), 'end': np.float64(346.307), 'score': np.float64(0.992), 'speaker': 'SPEAKER_02'}, {'word': 'the', 'start': np.float64(346.347), 'end': np.float64(346.427), 'score': np.float64(0.832), 'speaker': 'SPEAKER_02'}, {'word': 'news.', 'start': np.float64(346.467), 'end': np.float64(346.808), 'score': np.float64(0.887), 'speaker': 'SPEAKER_02'}]",SPEAKER_02
347.228,348.57,I talk to people.,"[{'word': 'I', 'start': np.float64(347.228), 'end': np.float64(347.328), 'score': np.float64(0.731), 'speaker': 'SPEAKER_02'}, {'word': 'talk', 'start': np.float64(347.348), 'end': np.float64(347.789), 'score': np.float64(0.823), 'speaker': 'SPEAKER_02'}, {'word': 'to', 'start': np.float64(347.829), 'end': np.float64(347.909), 'score': np.float64(0.796), 'speaker': 'SPEAKER_02'}, {'word': 'people.', 'start': np.float64(347.969), 'end': np.float64(348.57), 'score': np.float64(0.796), 'speaker': 'SPEAKER_02'}]",SPEAKER_02
348.55,356.302," So sometimes it's hard to like, even though you are so open to understanding, we live in like two different worlds in that aspect because, you know.","[{'word': 'So', 'start': np.float64(348.55), 'end': np.float64(348.79), 'score': np.float64(0.844), 'speaker': 'SPEAKER_02'}, {'word': 'sometimes', 'start': np.float64(348.83), 'end': np.float64(349.171), 'score': np.float64(0.81), 'speaker': 'SPEAKER_02'}, {'word': ""it's"", 'start': np.float64(349.211), 'end': np.float64(349.331), 'score': np.float64(0.599), 'speaker': 'SPEAKER_02'}, {'word': 'hard', 'start': np.float64(349.391), 'end': np.float64(349.612), 'score': np.float64(0.9), 'speaker': 'SPEAKER_02'}, {'word': 'to', 'start': np.float64(349.672), 'end': np.float64(349.772), 'score': np.float64(0.746), 'speaker': 'SPEAKER_02'}, {'word': 'like,', 'start': np.float64(349.832), 'end': np.float64(350.012), 'score': np.float64(0.912), 'speaker': 'SPEAKER_02'}, {'word': 'even', 'start': np.float64(350.112), 'end': np.float64(350.233), 'score': np.float64(0.948), 'speaker': 'SPEAKER_02'}, {'word': 'though', 'start': np.float64(350.253), 'end': np.float64(350.393), 'score': np.float64(0.751), 'speaker': 'SPEAKER_02'}, {'word': 'you', 'start': np.float64(350.413), 'end': np.float64(350.513), 'score': np.float64(0.794), 'speaker': 'SPEAKER_02'}, {'word': 'are', 'start': np.float64(350.573), 'end': np.float64(350.673), 'score': np.float64(0.827), 'speaker': 'SPEAKER_02'}, {'word': 'so', 'start': np.float64(350.753), 'end': np.float64(350.914), 'score': np.float64(0.883), 'speaker': 'SPEAKER_02'}, {'word': 'open', 'start': np.float64(351.034), 'end': np.float64(351.274), 'score': np.float64(0.807), 'speaker': 'SPEAKER_02'}, {'word': 'to', 'start': np.float64(351.354), 'end': np.float64(351.414), 'score': np.float64(0.93), 'speaker': 'SPEAKER_02'}, {'word': 'understanding,', 'start': np.float64(351.495), 'end': np.float64(352.216), 'score': np.float64(0.884), 'speaker': 'SPEAKER_02'}, {'word': 'we', 'start': np.float64(352.616), 'end': np.float64(352.737), 'score': np.float64(0.982), 'speaker': 'SPEAKER_02'}, {'word': 'live', 'start': np.float64(352.837), 'end': np.float64(353.017), 'score': np.float64(0.942), 'speaker': 'SPEAKER_02'}, {'word': 'in', 'start': np.float64(353.077), 'end': np.float64(353.117), 'score': np.float64(0.939), 'speaker': 'SPEAKER_02'}, {'word': 'like', 'start': np.float64(353.177), 'end': np.float64(353.317), 'score': np.float64(0.804), 'speaker': 'SPEAKER_02'}, {'word': 'two', 'start': np.float64(353.358), 'end': np.float64(353.458), 'score': np.float64(0.963), 'speaker': 'SPEAKER_02'}, {'word': 'different', 'start': np.float64(353.498), 'end': np.float64(353.738), 'score': np.float64(0.879), 'speaker': 'SPEAKER_02'}, {'word': 'worlds', 'start': np.float64(353.778), 'end': np.float64(354.099), 'score': np.float64(0.655), 'speaker': 'SPEAKER_02'}, {'word': 'in', 'start': np.float64(354.159), 'end': np.float64(354.219), 'score': np.float64(0.969), 'speaker': 'SPEAKER_02'}, {'word': 'that', 'start': np.float64(354.239), 'end': np.float64(354.379), 'score': np.float64(0.74), 'speaker': 'SPEAKER_02'}, {'word': 'aspect', 'start': np.float64(354.399), 'end': np.float64(354.9), 'score': np.float64(0.744), 'speaker': 'SPEAKER_02'}, {'word': 'because,', 'start': np.float64(355.0), 'end': np.float64(355.381), 'score': np.float64(0.848), 'speaker': 'SPEAKER_02'}, {'word': 'you', 'start': np.float64(355.421), 'end': np.float64(356.122), 'score': np.float64(0.811), 'speaker': 'SPEAKER_02'}, {'word': 'know.', 'start': np.float64(356.162), 'end': np.float64(356.302), 'score': np.float64(0.896), 'speaker': 'SPEAKER_02'}]",SPEAKER_02
356.342,357.264,Different generations.,"[{'word': 'Different', 'start': np.float64(356.342), 'end': np.float64(356.763), 'score': np.float64(0.361), 'speaker': 'SPEAKER_02'}, {'word': 'generations.', 'start': np.float64(356.783), 'end': np.float64(357.264), 'score': np.float64(0.391), 'speaker': 'SPEAKER_01'}]",SPEAKER_02
357.284,358.646,"Different generations, yeah.","[{'word': 'Different', 'start': np.float64(357.284), 'end': np.float64(357.484), 'score': np.float64(0.335), 'speaker': 'SPEAKER_01'}, {'word': 'generations,', 'start': np.float64(357.504), 'end': np.float64(358.285), 'score': np.float64(0.86), 'speaker': 'SPEAKER_02'}, {'word': 'yeah.', 'start': np.float64(358.345), 'end': np.float64(358.646), 'score': np.float64(0.637), 'speaker': 'SPEAKER_02'}]",SPEAKER_02
358.806,360.589,But I love that we talk about it all the time.,"[{'word': 'But', 'start': np.float64(358.806), 'end': np.float64(358.886), 'score': np.float64(0.997), 'speaker': 'SPEAKER_02'}, {'word': 'I', 'start': np.float64(358.946), 'end': np.float64(359.006), 'score': np.float64(0.99), 'speaker': 'SPEAKER_02'}, {'word': 'love', 'start': np.float64(359.046), 'end': np.float64(359.247), 'score': np.float64(0.802), 'speaker': 'SPEAKER_02'}, {'word': 'that', 'start': np.float64(359.267), 'end': np.float64(359.367), 'score': np.float64(0.942), 'speaker': 'SPEAKER_02'}, {'word': 'we', 'start': np.float64(359.407), 'end': np.float64(359.487), 'score': np.float64(0.914), 'speaker': 'SPEAKER_02'}, {'word': 'talk', 'start': np.float64(359.527), 'end': np.float64(359.747), 'score': np.float64(0.859), 'speaker': 'SPEAKER_02'}, {'word': 'about', 'start': np.float64(359.788), 'end': np.float64(359.968), 'score': np.float64(0.983), 'speaker': 'SPEAKER_02'}, {'word': 'it', 'start': np.float64(360.008), 'end': np.float64(360.068), 'score': np.float64(0.744), 'speaker': 'SPEAKER_02'}, {'word': 'all', 'start': np.float64(360.108), 'end': np.float64(360.208), 'score': np.float64(0.999), 'speaker': 'SPEAKER_02'}, {'word': 'the', 'start': np.float64(360.248), 'end': np.float64(360.308), 'score': np.float64(0.987), 'speaker': 'SPEAKER_02'}, {'word': 'time.', 'start': np.float64(360.348), 'end': np.float64(360.589), 'score': np.float64(0.945), 'speaker': 'SPEAKER_02'}]",SPEAKER_02
360.969,366.458,"And, you know, we've really gotten to a place where I feel like we have a lot of respect for each other when talking about those things.","[{'word': 'And,', 'start': np.float64(360.969), 'end': np.float64(361.11), 'score': np.float64(0.922), 'speaker': 'SPEAKER_01'}, {'word': 'you', 'start': np.float64(361.31), 'end': np.float64(361.39), 'score': np.float64(0.941), 'speaker': 'SPEAKER_02'}, {'word': 'know,', 'start': np.float64(361.41), 'end': np.float64(361.53), 'score': np.float64(0.89), 'speaker': 'SPEAKER_02'}, {'word': ""we've"", 'start': np.float64(361.59), 'end': np.float64(361.751), 'score': np.float64(0.972), 'speaker': 'SPEAKER_02'}, {'word': 'really', 'start': np.float64(361.771), 'end': np.float64(361.971), 'score': np.float64(0.833), 'speaker': 'SPEAKER_02'}, {'word': 'gotten', 'start': np.float64(362.011), 'end': np.float64(362.191), 'score': np.float64(0.498), 'speaker': 'SPEAKER_02'}, {'word': 'to', 'start': np.float64(362.211), 'end': np.float64(362.271), 'score': np.float64(0.746), 'speaker': 'SPEAKER_02'}, {'word': 'a', 'start': np.float64(362.312), 'end': np.float64(362.352), 'score': np.float64(0.499), 'speaker': 'SPEAKER_02'}, {'word': 'place', 'start': np.float64(362.392), 'end': np.float64(362.572), 'score': np.float64(0.775), 'speaker': 'SPEAKER_02'}, {'word': 'where', 'start': np.float64(362.592), 'end': np.float64(362.692), 'score': np.float64(0.992), 'speaker': 'SPEAKER_02'}, {'word': 'I', 'start': np.float64(362.712), 'end': np.float64(362.752), 'score': np.float64(0.85), 'speaker': 'SPEAKER_02'}, {'word': 'feel', 'start': np.float64(362.792), 'end': np.float64(362.892), 'score': np.float64(0.464), 'speaker': 'SPEAKER_02'}, {'word': 'like', 'start': np.float64(362.912), 'end': np.float64(363.013), 'score': np.float64(0.62), 'speaker': 'SPEAKER_02'}, {'word': 'we', 'start': np.float64(363.033), 'end': np.float64(363.113), 'score': np.float64(0.93), 'speaker': 'SPEAKER_02'}, {'word': 'have', 'start': np.float64(363.153), 'end': np.float64(363.333), 'score': np.float64(0.876), 'speaker': 'SPEAKER_02'}, {'word': 'a', 'start': np.float64(363.373), 'end': np.float64(363.433), 'score': np.float64(0.332), 'speaker': 'SPEAKER_02'}, {'word': 'lot', 'start': np.float64(363.473), 'end': np.float64(363.573), 'score': np.float64(0.962), 'speaker': 'SPEAKER_02'}, {'word': 'of', 'start': np.float64(363.614), 'end': np.float64(363.654), 'score': np.float64(0.988), 'speaker': 'SPEAKER_02'}, {'word': 'respect', 'start': np.float64(363.694), 'end': np.float64(364.034), 'score': np.float64(0.652), 'speaker': 'SPEAKER_02'}, {'word': 'for', 'start': np.float64(364.074), 'end': np.float64(364.154), 'score': np.float64(0.846), 'speaker': 'SPEAKER_02'}, {'word': 'each', 'start': np.float64(364.194), 'end': np.float64(364.315), 'score': np.float64(0.508), 'speaker': 'SPEAKER_02'}, {'word': 'other', 'start': np.float64(364.375), 'end': np.float64(364.515), 'score': np.float64(0.714), 'speaker': 'SPEAKER_02'}, {'word': 'when', 'start': np.float64(364.555), 'end': np.float64(364.815), 'score': np.float64(0.857), 'speaker': 'SPEAKER_02'}, {'word': 'talking', 'start': np.float64(364.835), 'end': np.float64(365.737), 'score': np.float64(0.903), 'speaker': 'SPEAKER_02'}, {'word': 'about', 'start': np.float64(365.797), 'end': np.float64(365.977), 'score': np.float64(0.761), 'speaker': 'SPEAKER_02'}, {'word': 'those', 'start': np.float64(365.997), 'end': np.float64(366.178), 'score': np.float64(0.596), 'speaker': 'SPEAKER_02'}, {'word': 'things.', 'start': np.float64(366.238), 'end': np.float64(366.458), 'score': np.float64(0.927), 'speaker': 'SPEAKER_02'}]",SPEAKER_02
366.498,371.586,"Or it wasn't always like that, because I would just get angry or upset or, you know, you don't fully understand this.","[{'word': 'Or', 'start': np.float64(366.498), 'end': np.float64(366.578), 'score': np.float64(0.597), 'speaker': 'SPEAKER_02'}, {'word': 'it', 'start': np.float64(366.618), 'end': np.float64(366.658), 'score': np.float64(1.0), 'speaker': 'SPEAKER_02'}, {'word': ""wasn't"", 'start': np.float64(366.698), 'end': np.float64(366.939), 'score': np.float64(0.75), 'speaker': 'SPEAKER_02'}, {'word': 'always', 'start': np.float64(366.979), 'end': np.float64(367.159), 'score': np.float64(0.736), 'speaker': 'SPEAKER_02'}, {'word': 'like', 'start': np.float64(367.239), 'end': np.float64(367.359), 'score': np.float64(0.779), 'speaker': 'SPEAKER_02'}, {'word': 'that,', 'start': np.float64(367.379), 'end': np.float64(367.48), 'score': np.float64(0.001), 'speaker': 'SPEAKER_02'}, {'word': 'because', 'start': np.float64(367.5), 'end': np.float64(367.64), 'score': np.float64(0.474), 'speaker': 'SPEAKER_02'}, {'word': 'I', 'start': np.float64(367.68), 'end': np.float64(367.72), 'score': np.float64(0.61), 'speaker': 'SPEAKER_02'}, {'word': 'would', 'start': np.float64(367.74), 'end': np.float64(367.86), 'score': np.float64(0.629), 'speaker': 'SPEAKER_02'}, {'word': 'just', 'start': np.float64(367.88), 'end': np.float64(367.98), 'score': np.float64(0.656), 'speaker': 'SPEAKER_02'}, {'word': 'get', 'start': np.float64(368.02), 'end': np.float64(368.141), 'score': np.float64(0.942), 'speaker': 'SPEAKER_02'}, {'word': 'angry', 'start': np.float64(368.241), 'end': np.float64(368.481), 'score': np.float64(0.834), 'speaker': 'SPEAKER_02'}, {'word': 'or', 'start': np.float64(368.561), 'end': np.float64(368.621), 'score': np.float64(0.776), 'speaker': 'SPEAKER_02'}, {'word': 'upset', 'start': np.float64(368.661), 'end': np.float64(369.082), 'score': np.float64(0.844), 'speaker': 'SPEAKER_02'}, {'word': 'or,', 'start': np.float64(369.182), 'end': np.float64(369.242), 'score': np.float64(0.963), 'speaker': 'SPEAKER_02'}, {'word': 'you', 'start': np.float64(369.302), 'end': np.float64(369.963), 'score': np.float64(0.534), 'speaker': 'SPEAKER_02'}, {'word': 'know,', 'start': np.float64(370.004), 'end': np.float64(370.164), 'score': np.float64(0.635), 'speaker': 'SPEAKER_02'}, {'word': 'you', 'start': np.float64(370.204), 'end': np.float64(370.324), 'score': np.float64(0.817), 'speaker': 'SPEAKER_02'}, {'word': ""don't"", 'start': np.float64(370.364), 'end': np.float64(370.504), 'score': np.float64(0.686), 'speaker': 'SPEAKER_02'}, {'word': 'fully', 'start': np.float64(370.524), 'end': np.float64(370.745), 'score': np.float64(0.666), 'speaker': 'SPEAKER_02'}, {'word': 'understand', 'start': np.float64(370.785), 'end': np.float64(371.245), 'score': np.float64(0.81), 'speaker': 'SPEAKER_02'}, {'word': 'this.', 'start': np.float64(371.286), 'end': np.float64(371.586), 'score': np.float64(0.895), 'speaker': 'SPEAKER_02'}]",SPEAKER_02
372.588,375.452,But you've also become so open-minded too.,"[{'word': 'But', 'start': np.float64(372.588), 'end': np.float64(372.768), 'score': np.float64(0.991), 'speaker': 'SPEAKER_02'}, {'word': ""you've"", 'start': np.float64(372.808), 'end': np.float64(373.068), 'score': np.float64(0.792), 'speaker': 'SPEAKER_02'}, {'word': 'also', 'start': np.float64(373.108), 'end': np.float64(373.389), 'score': np.float64(0.781), 'speaker': 'SPEAKER_02'}, {'word': 'become', 'start': np.float64(373.429), 'end': np.float64(373.93), 'score': np.float64(0.737), 'speaker': 'SPEAKER_02'}, {'word': 'so', 'start': np.float64(373.97), 'end': np.float64(374.09), 'score': np.float64(0.791), 'speaker': 'SPEAKER_02'}, {'word': 'open-minded', 'start': np.float64(374.17), 'end': np.float64(374.751), 'score': np.float64(0.857), 'speaker': 'SPEAKER_02'}, {'word': 'too.', 'start': np.float64(374.771), 'end': np.float64(375.452), 'score': np.float64(0.819), 'speaker': 'SPEAKER_02'}]",SPEAKER_02
375.871,378.294," So yeah, I think that's the only thing I can really think of.","[{'word': 'So', 'start': np.float64(375.871), 'end': np.float64(376.051), 'score': np.float64(0.736), 'speaker': 'SPEAKER_02'}, {'word': 'yeah,', 'start': np.float64(376.091), 'end': np.float64(376.292), 'score': np.float64(0.662), 'speaker': 'SPEAKER_02'}, {'word': 'I', 'start': np.float64(376.412), 'end': np.float64(376.632), 'score': np.float64(0.846), 'speaker': 'SPEAKER_02'}, {'word': 'think', 'start': np.float64(376.672), 'end': np.float64(376.812), 'score': np.float64(0.984), 'speaker': 'SPEAKER_02'}, {'word': ""that's"", 'start': np.float64(376.872), 'end': np.float64(377.053), 'score': np.float64(0.988), 'speaker': 'SPEAKER_02'}, {'word': 'the', 'start': np.float64(377.073), 'end': np.float64(377.133), 'score': np.float64(0.985), 'speaker': 'SPEAKER_02'}, {'word': 'only', 'start': np.float64(377.153), 'end': np.float64(377.293), 'score': np.float64(0.542), 'speaker': 'SPEAKER_02'}, {'word': 'thing', 'start': np.float64(377.313), 'end': np.float64(377.433), 'score': np.float64(0.718), 'speaker': 'SPEAKER_02'}, {'word': 'I', 'start': np.float64(377.473), 'end': np.float64(377.493), 'score': np.float64(0.66), 'speaker': 'SPEAKER_02'}, {'word': 'can', 'start': np.float64(377.533), 'end': np.float64(377.633), 'score': np.float64(0.828), 'speaker': 'SPEAKER_02'}, {'word': 'really', 'start': np.float64(377.693), 'end': np.float64(377.854), 'score': np.float64(0.772), 'speaker': 'SPEAKER_02'}, {'word': 'think', 'start': np.float64(377.894), 'end': np.float64(378.094), 'score': np.float64(0.936), 'speaker': 'SPEAKER_02'}, {'word': 'of.', 'start': np.float64(378.214), 'end': np.float64(378.294), 'score': np.float64(0.996), 'speaker': 'SPEAKER_02'}]",SPEAKER_02
378.374,383.221,"I feel like besides that, you understand me very well, even in the areas that we are different.","[{'word': 'I', 'start': np.float64(378.374), 'end': np.float64(378.434), 'score': np.float64(0.979), 'speaker': 'SPEAKER_02'}, {'word': 'feel', 'start': np.float64(378.474), 'end': np.float64(378.635), 'score': np.float64(0.784), 'speaker': 'SPEAKER_02'}, {'word': 'like', 'start': np.float64(378.655), 'end': np.float64(378.735), 'score': np.float64(0.409), 'speaker': 'SPEAKER_02'}, {'word': 'besides', 'start': np.float64(378.855), 'end': np.float64(379.235), 'score': np.float64(0.945), 'speaker': 'SPEAKER_02'}, {'word': 'that,', 'start': np.float64(379.296), 'end': np.float64(379.436), 'score': np.float64(0.944), 'speaker': 'SPEAKER_02'}, {'word': 'you', 'start': np.float64(379.496), 'end': np.float64(379.676), 'score': np.float64(0.958), 'speaker': 'SPEAKER_02'}, {'word': 'understand', 'start': np.float64(379.956), 'end': np.float64(380.617), 'score': np.float64(0.806), 'speaker': 'SPEAKER_02'}, {'word': 'me', 'start': np.float64(380.677), 'end': np.float64(380.777), 'score': np.float64(0.869), 'speaker': 'SPEAKER_02'}, {'word': 'very', 'start': np.float64(380.818), 'end': np.float64(381.018), 'score': np.float64(0.69), 'speaker': 'SPEAKER_02'}, {'word': 'well,', 'start': np.float64(381.078), 'end': np.float64(381.278), 'score': np.float64(0.894), 'speaker': 'SPEAKER_02'}, {'word': 'even', 'start': np.float64(381.398), 'end': np.float64(381.579), 'score': np.float64(0.828), 'speaker': 'SPEAKER_02'}, {'word': 'in', 'start': np.float64(381.619), 'end': np.float64(381.959), 'score': np.float64(0.893), 'speaker': 'SPEAKER_02'}, {'word': 'the', 'start': np.float64(381.999), 'end': np.float64(382.059), 'score': np.float64(0.983), 'speaker': 'SPEAKER_02'}, {'word': 'areas', 'start': np.float64(382.099), 'end': np.float64(382.299), 'score': np.float64(0.925), 'speaker': 'SPEAKER_02'}, {'word': 'that', 'start': np.float64(382.34), 'end': np.float64(382.44), 'score': np.float64(0.972), 'speaker': 'SPEAKER_02'}, {'word': 'we', 'start': np.float64(382.46), 'end': np.float64(382.54), 'score': np.float64(0.893), 'speaker': 'SPEAKER_02'}, {'word': 'are', 'start': np.float64(382.62), 'end': np.float64(382.72), 'score': np.float64(0.988), 'speaker': 'SPEAKER_02'}, {'word': 'different.', 'start': np.float64(382.76), 'end': np.float64(383.221), 'score': np.float64(0.749), 'speaker': 'SPEAKER_02'}]",SPEAKER_02
383.581,383.841,Yeah.,"[{'word': 'Yeah.', 'start': np.float64(383.581), 'end': np.float64(383.841), 'score': np.float64(0.599), 'speaker': 'SPEAKER_01'}]",SPEAKER_01
384.402,386.265,Can I just answer my way?,"[{'word': 'Can', 'start': np.float64(384.402), 'end': np.float64(384.562), 'score': np.float64(0.671), 'speaker': 'SPEAKER_01'}, {'word': 'I', 'start': np.float64(384.602), 'end': np.float64(384.663), 'score': np.float64(0.871), 'speaker': 'SPEAKER_01'}, {'word': 'just', 'start': np.float64(384.703), 'end': np.float64(384.863), 'score': np.float64(0.884), 'speaker': 'SPEAKER_01'}, {'word': 'answer', 'start': np.float64(384.983), 'end': np.float64(385.303), 'score': np.float64(0.65), 'speaker': 'SPEAKER_01'}, {'word': 'my', 'start': np.float64(385.323), 'end': np.float64(385.363), 'score': np.float64(0.497), 'speaker': 'SPEAKER_01'}, {'word': 'way?', 'start': np.float64(386.084), 'end': np.float64(386.265), 'score': np.float64(0.928), 'speaker': 'SPEAKER_01'}]",SPEAKER_01
386.365,386.565,Yeah.,"[{'word': 'Yeah.', 'start': np.float64(386.365), 'end': np.float64(386.565), 'score': np.float64(0.326), 'speaker': 'SPEAKER_01'}]",SPEAKER_01
386.585,387.787,"Okay, answer the question this way.","[{'word': 'Okay,', 'start': np.float64(386.585), 'end': np.float64(386.785), 'score': np.float64(0.462), 'speaker': 'SPEAKER_01'}, {'word': 'answer', 'start': np.float64(386.805), 'end': np.float64(387.006), 'score': np.float64(0.802), 'speaker': 'SPEAKER_01'}, {'word': 'the', 'start': np.float64(387.046), 'end': np.float64(387.106), 'score': np.float64(0.984), 'speaker': 'SPEAKER_01'}, {'word': 'question', 'start': np.float64(387.126), 'end': np.float64(387.386), 'score': np.float64(0.678), 'speaker': 'SPEAKER_01'}, {'word': 'this', 'start': np.float64(387.446), 'end': np.float64(387.566), 'score': np.float64(0.411), 'speaker': 'SPEAKER_01'}, {'word': 'way.', 'start': np.float64(387.646), 'end': np.float64(387.787), 'score': np.float64(0.927), 'speaker': 'SPEAKER_01'}]",SPEAKER_01
388.167,395.176,"One thing I still don't fully understand is why, at such a young age, you started gravitating to the black community.","[{'word': 'One', 'start': np.float64(388.167), 'end': np.float64(388.247), 'score': np.float64(0.408), 'speaker': 'SPEAKER_01'}, {'word': 'thing', 'start': np.float64(388.267), 'end': np.float64(388.428), 'score': np.float64(0.778), 'speaker': 'SPEAKER_01'}, {'word': 'I', 'start': np.float64(388.608), 'end': np.float64(388.728), 'score': np.float64(0.578), 'speaker': 'SPEAKER_01'}, {'word': 'still', 'start': np.float64(388.788), 'end': np.float64(389.008), 'score': np.float64(0.765), 'speaker': 'SPEAKER_01'}, {'word': ""don't"", 'start': np.float64(389.048), 'end': np.float64(389.249), 'score': np.float64(0.432), 'speaker': 'SPEAKER_01'}, {'word': 'fully', 'start': np.float64(389.649), 'end': np.float64(389.909), 'score': np.float64(0.963), 'speaker': 'SPEAKER_01'}, {'word': 'understand', 'start': np.float64(389.97), 'end': np.float64(390.53), 'score': np.float64(0.806), 'speaker': 'SPEAKER_01'}, {'word': 'is', 'start': np.float64(390.57), 'end': np.float64(391.051), 'score': np.float64(0.878), 'speaker': 'SPEAKER_01'}, {'word': 'why,', 'start': np.float64(391.171), 'end': np.float64(391.492), 'score': np.float64(0.857), 'speaker': 'SPEAKER_01'}, {'word': 'at', 'start': np.float64(391.532), 'end': np.float64(391.732), 'score': np.float64(0.762), 'speaker': 'SPEAKER_01'}, {'word': 'such', 'start': np.float64(391.792), 'end': np.float64(391.972), 'score': np.float64(0.833), 'speaker': 'SPEAKER_01'}, {'word': 'a', 'start': np.float64(392.012), 'end': np.float64(392.052), 'score': np.float64(0.499), 'speaker': 'SPEAKER_01'}, {'word': 'young', 'start': np.float64(392.112), 'end': np.float64(392.313), 'score': np.float64(0.708), 'speaker': 'SPEAKER_01'}, {'word': 'age,', 'start': np.float64(392.513), 'end': np.float64(392.733), 'score': np.float64(0.915), 'speaker': 'SPEAKER_01'}, {'word': 'you', 'start': np.float64(392.793), 'end': np.float64(392.913), 'score': np.float64(0.943), 'speaker': 'SPEAKER_01'}, {'word': 'started', 'start': np.float64(392.933), 'end': np.float64(393.214), 'score': np.float64(0.66), 'speaker': 'SPEAKER_01'}, {'word': 'gravitating', 'start': np.float64(393.254), 'end': np.float64(393.855), 'score': np.float64(0.858), 'speaker': 'SPEAKER_01'}, {'word': 'to', 'start': np.float64(394.195), 'end': np.float64(394.295), 'score': np.float64(0.918), 'speaker': 'SPEAKER_01'}, {'word': 'the', 'start': np.float64(394.335), 'end': np.float64(394.395), 'score': np.float64(0.99), 'speaker': 'SPEAKER_01'}, {'word': 'black', 'start': np.float64(394.435), 'end': np.float64(394.636), 'score': np.float64(0.876), 'speaker': 'SPEAKER_01'}, {'word': 'community.', 'start': np.float64(394.676), 'end': np.float64(395.176), 'score': np.float64(0.885), 'speaker': 'SPEAKER_01'}]",SPEAKER_01
395.777,397.9,That will always be a curious thing for me.,"[{'word': 'That', 'start': np.float64(395.777), 'end': np.float64(395.877), 'score': np.float64(0.94), 'speaker': 'SPEAKER_01'}, {'word': 'will', 'start': np.float64(395.897), 'end': np.float64(396.038), 'score': np.float64(0.78), 'speaker': 'SPEAKER_01'}, {'word': 'always', 'start': np.float64(396.078), 'end': np.float64(396.318), 'score': np.float64(0.789), 'speaker': 'SPEAKER_01'}, {'word': 'be', 'start': np.float64(396.398), 'end': np.float64(396.598), 'score': np.float64(0.894), 'speaker': 'SPEAKER_01'}, {'word': 'a', 'start': np.float64(396.618), 'end': np.float64(396.638), 'score': np.float64(1.0), 'speaker': 'SPEAKER_01'}, {'word': 'curious', 'start': np.float64(396.899), 'end': np.float64(397.319), 'score': np.float64(0.903), 'speaker': 'SPEAKER_01'}, {'word': 'thing', 'start': np.float64(397.379), 'end': np.float64(397.56), 'score': np.float64(0.889), 'speaker': 'SPEAKER_01'}, {'word': 'for', 'start': np.float64(397.62), 'end': np.float64(397.74), 'score': np.float64(0.881), 'speaker': 'SPEAKER_01'}, {'word': 'me.', 'start': np.float64(397.78), 'end': np.float64(397.9), 'score': np.float64(0.996), 'speaker': 'SPEAKER_01'}]",SPEAKER_01
397.92,402.486,"I almost feel like it was meant to be, like it was part of your journey.","[{'word': 'I', 'start': np.float64(397.92), 'end': np.float64(397.94), 'score': np.float64(0.999), 'speaker': 'SPEAKER_01'}, {'word': 'almost', 'start': np.float64(398.781), 'end': np.float64(399.382), 'score': np.float64(0.66), 'speaker': 'SPEAKER_01'}, {'word': 'feel', 'start': np.float64(399.422), 'end': np.float64(399.542), 'score': np.float64(0.931), 'speaker': 'SPEAKER_01'}, {'word': 'like', 'start': np.float64(399.582), 'end': np.float64(399.682), 'score': np.float64(0.672), 'speaker': 'SPEAKER_01'}, {'word': 'it', 'start': np.float64(399.722), 'end': np.float64(399.762), 'score': np.float64(0.904), 'speaker': 'SPEAKER_01'}, {'word': 'was', 'start': np.float64(399.823), 'end': np.float64(400.083), 'score': np.float64(0.653), 'speaker': 'SPEAKER_01'}, {'word': 'meant', 'start': np.float64(400.143), 'end': np.float64(400.323), 'score': np.float64(0.764), 'speaker': 'SPEAKER_01'}, {'word': 'to', 'start': np.float64(400.363), 'end': np.float64(400.443), 'score': np.float64(0.746), 'speaker': 'SPEAKER_01'}, {'word': 'be,', 'start': np.float64(400.483), 'end': np.float64(400.664), 'score': np.float64(0.891), 'speaker': 'SPEAKER_01'}, {'word': 'like', 'start': np.float64(400.704), 'end': np.float64(401.064), 'score': np.float64(0.912), 'speaker': 'SPEAKER_01'}, {'word': 'it', 'start': np.float64(401.104), 'end': np.float64(401.164), 'score': np.float64(0.477), 'speaker': 'SPEAKER_01'}, {'word': 'was', 'start': np.float64(401.184), 'end': np.float64(401.284), 'score': np.float64(0.659), 'speaker': 'SPEAKER_01'}, {'word': 'part', 'start': np.float64(401.324), 'end': np.float64(401.505), 'score': np.float64(0.883), 'speaker': 'SPEAKER_01'}, {'word': 'of', 'start': np.float64(401.545), 'end': np.float64(401.585), 'score': np.float64(0.91), 'speaker': 'SPEAKER_01'}, {'word': 'your', 'start': np.float64(401.625), 'end': np.float64(401.745), 'score': np.float64(0.892), 'speaker': 'SPEAKER_01'}, {'word': 'journey.', 'start': np.float64(401.785), 'end': np.float64(402.486), 'score': np.float64(0.647), 'speaker': 'SPEAKER_01'}]",SPEAKER_01
402.466,405.572," Yeah, I think it's hard for me to understand, too.","[{'word': 'Yeah,', 'start': np.float64(402.466), 'end': np.float64(402.947), 'score': np.float64(0.618), 'speaker': 'SPEAKER_01'}, {'word': 'I', 'start': np.float64(402.967), 'end': np.float64(402.987), 'score': np.float64(0.987), 'speaker': 'SPEAKER_02'}, {'word': 'think', 'start': np.float64(403.729), 'end': np.float64(403.909), 'score': np.float64(0.862), 'speaker': 'SPEAKER_02'}, {'word': ""it's"", 'start': np.float64(404.049), 'end': np.float64(404.17), 'score': np.float64(0.768), 'speaker': 'SPEAKER_02'}, {'word': 'hard', 'start': np.float64(404.21), 'end': np.float64(404.37), 'score': np.float64(0.907), 'speaker': 'SPEAKER_02'}, {'word': 'for', 'start': np.float64(404.41), 'end': np.float64(404.49), 'score': np.float64(0.836), 'speaker': 'SPEAKER_02'}, {'word': 'me', 'start': np.float64(404.55), 'end': np.float64(404.651), 'score': np.float64(0.941), 'speaker': 'SPEAKER_02'}, {'word': 'to', 'start': np.float64(404.691), 'end': np.float64(404.751), 'score': np.float64(0.986), 'speaker': 'SPEAKER_02'}, {'word': 'understand,', 'start': np.float64(404.811), 'end': np.float64(405.232), 'score': np.float64(0.845), 'speaker': 'SPEAKER_02'}, {'word': 'too.', 'start': np.float64(405.272), 'end': np.float64(405.572), 'score': np.float64(0.912), 'speaker': 'SPEAKER_02'}]",SPEAKER_02
405.753,409.16,"I think when I was younger, obviously, I was so misunderstood.","[{'word': 'I', 'start': np.float64(405.753), 'end': np.float64(405.833), 'score': np.float64(0.418), 'speaker': 'SPEAKER_02'}, {'word': 'think', 'start': np.float64(405.873), 'end': np.float64(406.675), 'score': np.float64(0.968), 'speaker': 'SPEAKER_02'}, {'word': 'when', 'start': np.float64(406.795), 'end': np.float64(406.895), 'score': np.float64(0.92), 'speaker': 'SPEAKER_02'}, {'word': 'I', 'start': np.float64(406.955), 'end': np.float64(406.995), 'score': np.float64(0.985), 'speaker': 'SPEAKER_02'}, {'word': 'was', 'start': np.float64(407.035), 'end': np.float64(407.136), 'score': np.float64(0.948), 'speaker': 'SPEAKER_02'}, {'word': 'younger,', 'start': np.float64(407.196), 'end': np.float64(407.557), 'score': np.float64(0.908), 'speaker': 'SPEAKER_02'}, {'word': 'obviously,', 'start': np.float64(407.597), 'end': np.float64(408.138), 'score': np.float64(0.304), 'speaker': 'SPEAKER_02'}, {'word': 'I', 'start': np.float64(408.158), 'end': np.float64(408.178), 'score': np.float64(0.002), 'speaker': 'SPEAKER_02'}, {'word': 'was', 'start': np.float64(408.198), 'end': np.float64(408.258), 'score': np.float64(0.32), 'speaker': 'SPEAKER_02'}, {'word': 'so', 'start': np.float64(408.278), 'end': np.float64(408.418), 'score': np.float64(0.862), 'speaker': 'SPEAKER_02'}, {'word': 'misunderstood.', 'start': np.float64(408.458), 'end': np.float64(409.16), 'score': np.float64(0.865), 'speaker': 'SPEAKER_02'}]",SPEAKER_02
409.2,411.725,"And that was one of the darkest times of my life, fourth grade.","[{'word': 'And', 'start': np.float64(409.2), 'end': np.float64(409.561), 'score': np.float64(0.716), 'speaker': 'SPEAKER_02'}, {'word': 'that', 'start': np.float64(409.581), 'end': np.float64(409.861), 'score': np.float64(0.371), 'speaker': 'SPEAKER_02'}, {'word': 'was', 'start': np.float64(409.881), 'end': np.float64(409.942), 'score': np.float64(0.528), 'speaker': 'SPEAKER_02'}, {'word': 'one', 'start': np.float64(410.002), 'end': np.float64(410.082), 'score': np.float64(0.62), 'speaker': 'SPEAKER_02'}, {'word': 'of', 'start': np.float64(410.102), 'end': np.float64(410.142), 'score': np.float64(0.505), 'speaker': 'SPEAKER_02'}, {'word': 'the', 'start': np.float64(410.182), 'end': np.float64(410.242), 'score': np.float64(0.99), 'speaker': 'SPEAKER_02'}, {'word': 'darkest', 'start': np.float64(410.262), 'end': np.float64(410.543), 'score': np.float64(0.844), 'speaker': 'SPEAKER_02'}, {'word': 'times', 'start': np.float64(410.583), 'end': np.float64(410.763), 'score': np.float64(0.863), 'speaker': 'SPEAKER_02'}, {'word': 'of', 'start': np.float64(410.803), 'end': np.float64(410.843), 'score': np.float64(0.64), 'speaker': 'SPEAKER_02'}, {'word': 'my', 'start': np.float64(410.883), 'end': np.float64(410.964), 'score': np.float64(0.994), 'speaker': 'SPEAKER_02'}, {'word': 'life,', 'start': np.float64(411.004), 'end': np.float64(411.204), 'score': np.float64(0.923), 'speaker': 'SPEAKER_02'}, {'word': 'fourth', 'start': np.float64(411.224), 'end': np.float64(411.465), 'score': np.float64(0.818), 'speaker': 'SPEAKER_02'}, {'word': 'grade.', 'start': np.float64(411.485), 'end': np.float64(411.725), 'score': np.float64(0.589), 'speaker': 'SPEAKER_02'}]",SPEAKER_02
411.745,413.048,"I mean, I was being bullied.","[{'word': 'I', 'start': np.float64(411.745), 'end': np.float64(411.765), 'score': np.float64(0.783), 'speaker': 'SPEAKER_02'}, {'word': 'mean,', 'start': np.float64(411.825), 'end': np.float64(411.926), 'score': np.float64(0.635), 'speaker': 'SPEAKER_02'}, {'word': 'I', 'start': np.float64(411.946), 'end': np.float64(411.986), 'score': np.float64(0.725), 'speaker': 'SPEAKER_01'}, {'word': 'was', 'start': np.float64(412.026), 'end': np.float64(412.146), 'score': np.float64(0.36), 'speaker': 'SPEAKER_01'}, {'word': 'being', 'start': np.float64(412.186), 'end': np.float64(412.346), 'score': np.float64(0.685), 'speaker': 'SPEAKER_01'}, {'word': 'bullied.', 'start': np.float64(412.467), 'end': np.float64(413.048), 'score': np.float64(0.759), 'speaker': 'SPEAKER_01'}]",SPEAKER_02
413.068,413.208,It was.,"[{'word': 'It', 'start': np.float64(413.068), 'end': np.float64(413.108), 'score': np.float64(0.492), 'speaker': 'SPEAKER_01'}, {'word': 'was.', 'start': np.float64(413.128), 'end': np.float64(413.208), 'score': np.float64(0.49), 'speaker': 'SPEAKER_01'}]",SPEAKER_01
413.248,414.551,"Remember, you didn't want to go to school.","[{'word': 'Remember,', 'start': np.float64(413.248), 'end': np.float64(413.449), 'score': np.float64(0.236), 'speaker': 'SPEAKER_01'}, {'word': 'you', 'start': np.float64(413.469), 'end': np.float64(413.529), 'score': np.float64(0.001), 'speaker': 'SPEAKER_01'}, {'word': ""didn't"", 'start': np.float64(413.549), 'end': np.float64(413.669), 'score': np.float64(0.164), 'speaker': 'SPEAKER_01'}, {'word': 'want', 'start': np.float64(413.729), 'end': np.float64(413.83), 'score': np.float64(0.577), 'speaker': 'SPEAKER_01'}, {'word': 'to', 'start': np.float64(413.85), 'end': np.float64(413.91), 'score': np.float64(0.534), 'speaker': 'SPEAKER_01'}, {'word': 'go', 'start': np.float64(413.99), 'end': np.float64(414.03), 'score': np.float64(0.003), 'speaker': 'SPEAKER_01'}, {'word': 'to', 'start': np.float64(414.05), 'end': np.float64(414.09), 'score': np.float64(0.396), 'speaker': 'SPEAKER_01'}, {'word': 'school.', 'start': np.float64(414.11), 'end': np.float64(414.551), 'score': np.float64(0.483), 'speaker': 'SPEAKER_02'}]",SPEAKER_01
414.571,414.952,"Yeah, no.","[{'word': 'Yeah,', 'start': np.float64(414.571), 'end': np.float64(414.671), 'score': np.float64(0.286), 'speaker': 'SPEAKER_01'}, {'word': 'no.', 'start': np.float64(414.812), 'end': np.float64(414.952), 'score': np.float64(0.913), 'speaker': 'SPEAKER_01'}]",SPEAKER_01
415.353,418.399,I was being bullied so brutally.,"[{'word': 'I', 'start': np.float64(415.353), 'end': np.float64(415.413), 'score': np.float64(0.951), 'speaker': 'SPEAKER_01'}, {'word': 'was', 'start': np.float64(415.453), 'end': np.float64(415.573), 'score': np.float64(0.962), 'speaker': 'SPEAKER_01'}, {'word': 'being', 'start': np.float64(415.633), 'end': np.float64(415.874), 'score': np.float64(0.858), 'speaker': 'SPEAKER_02'}, {'word': 'bullied', 'start': np.float64(416.355), 'end': np.float64(416.716), 'score': np.float64(0.788), 'speaker': 'SPEAKER_02'}, {'word': 'so', 'start': np.float64(416.836), 'end': np.float64(417.056), 'score': np.float64(0.978), 'speaker': 'SPEAKER_02'}, {'word': 'brutally.', 'start': np.float64(417.116), 'end': np.float64(418.399), 'score': np.float64(0.903), 'speaker': 'SPEAKER_02'}]",SPEAKER_02
418.379,420.965, And I was so misunderstood.,"[{'word': 'And', 'start': np.float64(418.379), 'end': np.float64(418.96), 'score': np.float64(0.929), 'speaker': 'SPEAKER_02'}, {'word': 'I', 'start': np.float64(419.963), 'end': np.float64(420.023), 'score': np.float64(0.99), 'speaker': 'SPEAKER_02'}, {'word': 'was', 'start': np.float64(420.043), 'end': np.float64(420.143), 'score': np.float64(0.837), 'speaker': 'SPEAKER_02'}, {'word': 'so', 'start': np.float64(420.183), 'end': np.float64(420.304), 'score': np.float64(0.86), 'speaker': 'SPEAKER_02'}, {'word': 'misunderstood.', 'start': np.float64(420.344), 'end': np.float64(420.965), 'score': np.float64(0.772), 'speaker': 'SPEAKER_02'}]",SPEAKER_02
421.005,429.185,"And I think the people I met at the time who just so happened to be black, especially, I mean, she impacted my life in a whole new level.","[{'word': 'And', 'start': np.float64(421.005), 'end': np.float64(421.085), 'score': np.float64(0.687), 'speaker': 'SPEAKER_02'}, {'word': 'I', 'start': np.float64(421.105), 'end': np.float64(421.125), 'score': np.float64(0.993), 'speaker': 'SPEAKER_02'}, {'word': 'think', 'start': np.float64(421.206), 'end': np.float64(421.366), 'score': np.float64(0.899), 'speaker': 'SPEAKER_02'}, {'word': 'the', 'start': np.float64(421.406), 'end': np.float64(421.546), 'score': np.float64(0.767), 'speaker': 'SPEAKER_02'}, {'word': 'people', 'start': np.float64(421.627), 'end': np.float64(421.947), 'score': np.float64(0.786), 'speaker': 'SPEAKER_02'}, {'word': 'I', 'start': np.float64(422.008), 'end': np.float64(422.068), 'score': np.float64(0.973), 'speaker': 'SPEAKER_02'}, {'word': 'met', 'start': np.float64(422.168), 'end': np.float64(422.328), 'score': np.float64(0.842), 'speaker': 'SPEAKER_02'}, {'word': 'at', 'start': np.float64(422.388), 'end': np.float64(422.429), 'score': np.float64(0.67), 'speaker': 'SPEAKER_02'}, {'word': 'the', 'start': np.float64(422.449), 'end': np.float64(422.589), 'score': np.float64(0.655), 'speaker': 'SPEAKER_02'}, {'word': 'time', 'start': np.float64(422.669), 'end': np.float64(423.11), 'score': np.float64(0.735), 'speaker': 'SPEAKER_02'}, {'word': 'who', 'start': np.float64(423.13), 'end': np.float64(423.19), 'score': np.float64(0.317), 'speaker': 'SPEAKER_02'}, {'word': 'just', 'start': np.float64(424.453), 'end': np.float64(424.574), 'score': np.float64(0.887), 'speaker': 'SPEAKER_02'}, {'word': 'so', 'start': np.float64(424.614), 'end': np.float64(424.734), 'score': np.float64(0.998), 'speaker': 'SPEAKER_02'}, {'word': 'happened', 'start': np.float64(424.814), 'end': np.float64(425.175), 'score': np.float64(0.829), 'speaker': 'SPEAKER_02'}, {'word': 'to', 'start': np.float64(425.195), 'end': np.float64(425.255), 'score': np.float64(0.744), 'speaker': 'SPEAKER_02'}, {'word': 'be', 'start': np.float64(425.295), 'end': np.float64(425.376), 'score': np.float64(0.7), 'speaker': 'SPEAKER_02'}, {'word': 'black,', 'start': np.float64(425.456), 'end': np.float64(425.756), 'score': np.float64(0.882), 'speaker': 'SPEAKER_02'}, {'word': 'especially,', 'start': np.float64(426.398), 'end': np.float64(426.819), 'score': np.float64(0.837), 'speaker': 'SPEAKER_02'}, {'word': 'I', 'start': np.float64(426.859), 'end': np.float64(426.899), 'score': np.float64(0.775), 'speaker': 'SPEAKER_02'}, {'word': 'mean,', 'start': np.float64(426.919), 'end': np.float64(427.18), 'score': np.float64(0.534), 'speaker': 'SPEAKER_00'}, {'word': 'she', 'start': np.float64(427.2), 'end': np.float64(427.26), 'score': np.float64(0.304), 'speaker': 'SPEAKER_00'}, {'word': 'impacted', 'start': np.float64(427.501), 'end': np.float64(427.901), 'score': np.float64(0.907), 'speaker': 'SPEAKER_02'}, {'word': 'my', 'start': np.float64(427.942), 'end': np.float64(428.062), 'score': np.float64(0.866), 'speaker': 'SPEAKER_02'}, {'word': 'life', 'start': np.float64(428.122), 'end': np.float64(428.282), 'score': np.float64(0.866), 'speaker': 'SPEAKER_02'}, {'word': 'in', 'start': np.float64(428.343), 'end': np.float64(428.403), 'score': np.float64(0.903), 'speaker': 'SPEAKER_02'}, {'word': 'a', 'start': np.float64(428.423), 'end': np.float64(428.463), 'score': np.float64(0.496), 'speaker': 'SPEAKER_02'}, {'word': 'whole', 'start': np.float64(428.503), 'end': np.float64(428.743), 'score': np.float64(0.548), 'speaker': 'SPEAKER_02'}, {'word': 'new', 'start': np.float64(428.764), 'end': np.float64(428.824), 'score': np.float64(0.194), 'speaker': 'SPEAKER_02'}, {'word': 'level.', 'start': np.float64(428.884), 'end': np.float64(429.185), 'score': np.float64(0.971), 'speaker': 'SPEAKER_02'}]",SPEAKER_02
429.986,432.833,Then she brought me around her family and her friends in her community.,"[{'word': 'Then', 'start': np.float64(429.986), 'end': np.float64(430.147), 'score': np.float64(0.873), 'speaker': 'SPEAKER_02'}, {'word': 'she', 'start': np.float64(430.207), 'end': np.float64(430.307), 'score': np.float64(0.998), 'speaker': 'SPEAKER_02'}, {'word': 'brought', 'start': np.float64(430.347), 'end': np.float64(430.528), 'score': np.float64(0.743), 'speaker': 'SPEAKER_02'}, {'word': 'me', 'start': np.float64(430.548), 'end': np.float64(430.608), 'score': np.float64(0.981), 'speaker': 'SPEAKER_02'}, {'word': 'around', 'start': np.float64(430.668), 'end': np.float64(430.848), 'score': np.float64(0.9), 'speaker': 'SPEAKER_02'}, {'word': 'her', 'start': np.float64(430.889), 'end': np.float64(431.089), 'score': np.float64(0.656), 'speaker': 'SPEAKER_02'}, {'word': 'family', 'start': np.float64(431.169), 'end': np.float64(431.45), 'score': np.float64(0.908), 'speaker': 'SPEAKER_02'}, {'word': 'and', 'start': np.float64(431.49), 'end': np.float64(431.55), 'score': np.float64(0.975), 'speaker': 'SPEAKER_02'}, {'word': 'her', 'start': np.float64(431.59), 'end': np.float64(431.71), 'score': np.float64(0.835), 'speaker': 'SPEAKER_02'}, {'word': 'friends', 'start': np.float64(431.771), 'end': np.float64(431.991), 'score': np.float64(0.768), 'speaker': 'SPEAKER_02'}, {'word': 'in', 'start': np.float64(432.051), 'end': np.float64(432.111), 'score': np.float64(0.951), 'speaker': 'SPEAKER_02'}, {'word': 'her', 'start': np.float64(432.152), 'end': np.float64(432.232), 'score': np.float64(0.982), 'speaker': 'SPEAKER_02'}, {'word': 'community.', 'start': np.float64(432.312), 'end': np.float64(432.833), 'score': np.float64(0.927), 'speaker': 'SPEAKER_02'}]",SPEAKER_02
432.853,434.076,And I was just.,"[{'word': 'And', 'start': np.float64(432.853), 'end': np.float64(432.933), 'score': np.float64(0.69), 'speaker': 'SPEAKER_02'}, {'word': 'I', 'start': np.float64(433.014), 'end': np.float64(433.074), 'score': np.float64(0.845), 'speaker': 'SPEAKER_02'}, {'word': 'was', 'start': np.float64(433.114), 'end': np.float64(433.234), 'score': np.float64(0.957), 'speaker': 'SPEAKER_02'}, {'word': 'just.', 'start': np.float64(433.314), 'end': np.float64(434.076), 'score': np.float64(0.925), 'speaker': 'SPEAKER_02'}]",SPEAKER_02
434.562,439.309," completely engulfed in love and support, and I felt so seen.","[{'word': 'completely', 'start': np.float64(434.562), 'end': np.float64(435.323), 'score': np.float64(0.752), 'speaker': 'SPEAKER_02'}, {'word': 'engulfed', 'start': np.float64(435.363), 'end': np.float64(436.064), 'score': np.float64(0.78), 'speaker': 'SPEAKER_02'}, {'word': 'in', 'start': np.float64(436.144), 'end': np.float64(436.204), 'score': np.float64(0.983), 'speaker': 'SPEAKER_02'}, {'word': 'love', 'start': np.float64(436.304), 'end': np.float64(436.645), 'score': np.float64(0.619), 'speaker': 'SPEAKER_02'}, {'word': 'and', 'start': np.float64(437.226), 'end': np.float64(437.326), 'score': np.float64(0.676), 'speaker': 'SPEAKER_02'}, {'word': 'support,', 'start': np.float64(437.406), 'end': np.float64(437.927), 'score': np.float64(0.956), 'speaker': 'SPEAKER_02'}, {'word': 'and', 'start': np.float64(438.087), 'end': np.float64(438.167), 'score': np.float64(0.946), 'speaker': 'SPEAKER_02'}, {'word': 'I', 'start': np.float64(438.207), 'end': np.float64(438.227), 'score': np.float64(0.986), 'speaker': 'SPEAKER_02'}, {'word': 'felt', 'start': np.float64(438.287), 'end': np.float64(438.448), 'score': np.float64(0.906), 'speaker': 'SPEAKER_02'}, {'word': 'so', 'start': np.float64(438.528), 'end': np.float64(438.708), 'score': np.float64(0.998), 'speaker': 'SPEAKER_02'}, {'word': 'seen.', 'start': np.float64(438.888), 'end': np.float64(439.309), 'score': np.float64(0.909), 'speaker': 'SPEAKER_02'}]",SPEAKER_02
440.23,443.114,And people that looked like me never saw me.,"[{'word': 'And', 'start': np.float64(440.23), 'end': np.float64(440.31), 'score': np.float64(0.978), 'speaker': 'SPEAKER_02'}, {'word': 'people', 'start': np.float64(440.39), 'end': np.float64(440.631), 'score': np.float64(0.878), 'speaker': 'SPEAKER_02'}, {'word': 'that', 'start': np.float64(440.671), 'end': np.float64(440.791), 'score': np.float64(0.913), 'speaker': 'SPEAKER_02'}, {'word': 'looked', 'start': np.float64(440.851), 'end': np.float64(441.091), 'score': np.float64(0.822), 'speaker': 'SPEAKER_02'}, {'word': 'like', 'start': np.float64(441.171), 'end': np.float64(441.352), 'score': np.float64(0.689), 'speaker': 'SPEAKER_02'}, {'word': 'me', 'start': np.float64(441.432), 'end': np.float64(441.612), 'score': np.float64(0.764), 'speaker': 'SPEAKER_02'}, {'word': 'never', 'start': np.float64(441.652), 'end': np.float64(442.633), 'score': np.float64(0.813), 'speaker': 'SPEAKER_02'}, {'word': 'saw', 'start': np.float64(442.694), 'end': np.float64(442.914), 'score': np.float64(0.835), 'speaker': 'SPEAKER_02'}, {'word': 'me.', 'start': np.float64(442.994), 'end': np.float64(443.114), 'score': np.float64(0.783), 'speaker': 'SPEAKER_02'}]",SPEAKER_02
443.134,448.782,"I feel like I've always related to othered people, because I was othered and ostracized so much.","[{'word': 'I', 'start': np.float64(443.134), 'end': np.float64(443.154), 'score': np.float64(0.999), 'speaker': 'SPEAKER_02'}, {'word': 'feel', 'start': np.float64(443.875), 'end': np.float64(444.035), 'score': np.float64(0.879), 'speaker': 'SPEAKER_02'}, {'word': 'like', 'start': np.float64(444.076), 'end': np.float64(444.176), 'score': np.float64(0.864), 'speaker': 'SPEAKER_02'}, {'word': ""I've"", 'start': np.float64(444.276), 'end': np.float64(444.416), 'score': np.float64(0.678), 'speaker': 'SPEAKER_02'}, {'word': 'always', 'start': np.float64(444.616), 'end': np.float64(444.857), 'score': np.float64(0.734), 'speaker': 'SPEAKER_02'}, {'word': 'related', 'start': np.float64(444.917), 'end': np.float64(445.217), 'score': np.float64(0.85), 'speaker': 'SPEAKER_02'}, {'word': 'to', 'start': np.float64(445.257), 'end': np.float64(445.337), 'score': np.float64(0.739), 'speaker': 'SPEAKER_02'}, {'word': 'othered', 'start': np.float64(445.377), 'end': np.float64(445.918), 'score': np.float64(0.752), 'speaker': 'SPEAKER_02'}, {'word': 'people,', 'start': np.float64(445.978), 'end': np.float64(446.359), 'score': np.float64(0.795), 'speaker': 'SPEAKER_02'}, {'word': 'because', 'start': np.float64(446.88), 'end': np.float64(447.12), 'score': np.float64(0.839), 'speaker': 'SPEAKER_02'}, {'word': 'I', 'start': np.float64(447.14), 'end': np.float64(447.16), 'score': np.float64(0.999), 'speaker': 'SPEAKER_02'}, {'word': 'was', 'start': np.float64(447.44), 'end': np.float64(447.561), 'score': np.float64(0.786), 'speaker': 'SPEAKER_02'}, {'word': 'othered', 'start': np.float64(447.661), 'end': np.float64(447.881), 'score': np.float64(0.808), 'speaker': 'SPEAKER_02'}, {'word': 'and', 'start': np.float64(447.921), 'end': np.float64(448.001), 'score': np.float64(0.741), 'speaker': 'SPEAKER_02'}, {'word': 'ostracized', 'start': np.float64(448.101), 'end': np.float64(448.602), 'score': np.float64(0.343), 'speaker': 'SPEAKER_01'}, {'word': 'so', 'start': np.float64(448.622), 'end': np.float64(448.662), 'score': np.float64(0.014), 'speaker': 'SPEAKER_01'}, {'word': 'much.', 'start': np.float64(448.682), 'end': np.float64(448.782), 'score': np.float64(0.054), 'speaker': 'SPEAKER_01'}]",SPEAKER_02
448.802,449.223,And I wasn't.,"[{'word': 'And', 'start': np.float64(448.802), 'end': np.float64(448.862), 'score': np.float64(0.037), 'speaker': 'SPEAKER_01'}, {'word': 'I', 'start': np.float64(448.882), 'end': np.float64(448.902), 'score': np.float64(0.017), 'speaker': 'SPEAKER_01'}, {'word': ""wasn't."", 'start': np.float64(448.922), 'end': np.float64(449.223), 'score': np.float64(0.599), 'speaker': 'SPEAKER_01'}]",SPEAKER_01
449.243,454.731,"So think about it, you were born to a mother who totally kind of fit the mold.","[{'word': 'So', 'start': np.float64(449.243), 'end': np.float64(449.303), 'score': np.float64(0.696), 'speaker': 'SPEAKER_01'}, {'word': 'think', 'start': np.float64(449.583), 'end': np.float64(449.724), 'score': np.float64(0.95), 'speaker': 'SPEAKER_01'}, {'word': 'about', 'start': np.float64(449.764), 'end': np.float64(449.904), 'score': np.float64(0.809), 'speaker': 'SPEAKER_01'}, {'word': 'it,', 'start': np.float64(449.964), 'end': np.float64(450.024), 'score': np.float64(0.762), 'speaker': 'SPEAKER_01'}, {'word': 'you', 'start': np.float64(450.044), 'end': np.float64(450.124), 'score': np.float64(0.997), 'speaker': 'SPEAKER_01'}, {'word': 'were', 'start': np.float64(450.164), 'end': np.float64(450.304), 'score': np.float64(0.696), 'speaker': 'SPEAKER_01'}, {'word': 'born', 'start': np.float64(450.344), 'end': np.float64(450.625), 'score': np.float64(0.825), 'speaker': 'SPEAKER_01'}, {'word': 'to', 'start': np.float64(450.845), 'end': np.float64(450.885), 'score': np.float64(0.499), 'speaker': 'SPEAKER_01'}, {'word': 'a', 'start': np.float64(451.847), 'end': np.float64(451.867), 'score': np.float64(0.897), 'speaker': 'SPEAKER_01'}, {'word': 'mother', 'start': np.float64(451.947), 'end': np.float64(452.227), 'score': np.float64(0.906), 'speaker': 'SPEAKER_01'}, {'word': 'who', 'start': np.float64(452.307), 'end': np.float64(452.488), 'score': np.float64(0.832), 'speaker': 'SPEAKER_01'}, {'word': 'totally', 'start': np.float64(452.528), 'end': np.float64(453.429), 'score': np.float64(0.904), 'speaker': 'SPEAKER_01'}, {'word': 'kind', 'start': np.float64(453.789), 'end': np.float64(453.95), 'score': np.float64(0.476), 'speaker': 'SPEAKER_01'}, {'word': 'of', 'start': np.float64(453.97), 'end': np.float64(454.05), 'score': np.float64(0.35), 'speaker': 'SPEAKER_01'}, {'word': 'fit', 'start': np.float64(454.07), 'end': np.float64(454.23), 'score': np.float64(0.875), 'speaker': 'SPEAKER_01'}, {'word': 'the', 'start': np.float64(454.29), 'end': np.float64(454.39), 'score': np.float64(0.877), 'speaker': 'SPEAKER_01'}, {'word': 'mold.', 'start': np.float64(454.45), 'end': np.float64(454.731), 'score': np.float64(0.557), 'speaker': 'SPEAKER_01'}]",SPEAKER_01
454.751,460.679,"Yeah, you were skinny, you were popular, you were a hippie girl with long hair, you were white, you were tan.","[{'word': 'Yeah,', 'start': np.float64(454.751), 'end': np.float64(455.091), 'score': np.float64(0.695), 'speaker': 'SPEAKER_02'}, {'word': 'you', 'start': np.float64(455.151), 'end': np.float64(455.272), 'score': np.float64(0.667), 'speaker': 'SPEAKER_02'}, {'word': 'were', 'start': np.float64(455.312), 'end': np.float64(455.452), 'score': np.float64(0.825), 'speaker': 'SPEAKER_02'}, {'word': 'skinny,', 'start': np.float64(455.512), 'end': np.float64(455.892), 'score': np.float64(0.904), 'speaker': 'SPEAKER_02'}, {'word': 'you', 'start': np.float64(455.952), 'end': np.float64(456.053), 'score': np.float64(0.85), 'speaker': 'SPEAKER_02'}, {'word': 'were', 'start': np.float64(456.073), 'end': np.float64(456.173), 'score': np.float64(0.83), 'speaker': 'SPEAKER_02'}, {'word': 'popular,', 'start': np.float64(456.233), 'end': np.float64(456.714), 'score': np.float64(0.952), 'speaker': 'SPEAKER_02'}, {'word': 'you', 'start': np.float64(456.754), 'end': np.float64(456.874), 'score': np.float64(0.73), 'speaker': 'SPEAKER_02'}, {'word': 'were', 'start': np.float64(456.914), 'end': np.float64(457.054), 'score': np.float64(0.76), 'speaker': 'SPEAKER_02'}, {'word': 'a', 'start': np.float64(457.074), 'end': np.float64(457.395), 'score': np.float64(0.929), 'speaker': 'SPEAKER_02'}, {'word': 'hippie', 'start': np.float64(457.435), 'end': np.float64(457.675), 'score': np.float64(0.723), 'speaker': 'SPEAKER_02'}, {'word': 'girl', 'start': np.float64(457.715), 'end': np.float64(457.895), 'score': np.float64(0.985), 'speaker': 'SPEAKER_02'}, {'word': 'with', 'start': np.float64(457.995), 'end': np.float64(458.075), 'score': np.float64(0.182), 'speaker': 'SPEAKER_01'}, {'word': 'long', 'start': np.float64(458.096), 'end': np.float64(458.456), 'score': np.float64(0.78), 'speaker': 'SPEAKER_01'}, {'word': 'hair,', 'start': np.float64(458.496), 'end': np.float64(458.797), 'score': np.float64(0.966), 'speaker': 'SPEAKER_01'}, {'word': 'you', 'start': np.float64(458.857), 'end': np.float64(458.997), 'score': np.float64(0.616), 'speaker': 'SPEAKER_02'}, {'word': 'were', 'start': np.float64(459.037), 'end': np.float64(459.177), 'score': np.float64(0.837), 'speaker': 'SPEAKER_02'}, {'word': 'white,', 'start': np.float64(459.217), 'end': np.float64(459.518), 'score': np.float64(0.766), 'speaker': 'SPEAKER_02'}, {'word': 'you', 'start': np.float64(459.618), 'end': np.float64(459.758), 'score': np.float64(0.936), 'speaker': 'SPEAKER_02'}, {'word': 'were', 'start': np.float64(459.798), 'end': np.float64(460.359), 'score': np.float64(0.529), 'speaker': 'SPEAKER_02'}, {'word': 'tan.', 'start': np.float64(460.479), 'end': np.float64(460.679), 'score': np.float64(0.882), 'speaker': 'SPEAKER_01'}]",SPEAKER_02
461.04,462.662,I didn't have to worry.,"[{'word': 'I', 'start': np.float64(461.04), 'end': np.float64(461.1), 'score': np.float64(0.841), 'speaker': 'SPEAKER_01'}, {'word': ""didn't"", 'start': np.float64(461.14), 'end': np.float64(461.3), 'score': np.float64(0.763), 'speaker': 'SPEAKER_01'}, {'word': 'have', 'start': np.float64(461.34), 'end': np.float64(461.42), 'score': np.float64(0.869), 'speaker': 'SPEAKER_01'}, {'word': 'to', 'start': np.float64(461.46), 'end': np.float64(461.5), 'score': np.float64(0.162), 'speaker': 'SPEAKER_01'}, {'word': 'worry.', 'start': np.float64(461.56), 'end': np.float64(462.662), 'score': np.float64(0.934), 'speaker': 'SPEAKER_01'}]",SPEAKER_01
462.642,469.112," Then I was exposed through you to this concept of, I need to find my people.","[{'word': 'Then', 'start': np.float64(462.642), 'end': np.float64(462.922), 'score': np.float64(0.824), 'speaker': 'SPEAKER_01'}, {'word': 'I', 'start': np.float64(462.962), 'end': np.float64(462.983), 'score': np.float64(0.572), 'speaker': 'SPEAKER_01'}, {'word': 'was', 'start': np.float64(463.043), 'end': np.float64(463.143), 'score': np.float64(0.351), 'speaker': 'SPEAKER_01'}, {'word': 'exposed', 'start': np.float64(463.223), 'end': np.float64(463.804), 'score': np.float64(0.797), 'speaker': 'SPEAKER_01'}, {'word': 'through', 'start': np.float64(463.864), 'end': np.float64(464.084), 'score': np.float64(0.68), 'speaker': 'SPEAKER_01'}, {'word': 'you', 'start': np.float64(464.124), 'end': np.float64(464.645), 'score': np.float64(0.615), 'speaker': 'SPEAKER_01'}, {'word': 'to', 'start': np.float64(464.845), 'end': np.float64(464.945), 'score': np.float64(0.859), 'speaker': 'SPEAKER_01'}, {'word': 'this', 'start': np.float64(464.985), 'end': np.float64(465.126), 'score': np.float64(0.84), 'speaker': 'SPEAKER_01'}, {'word': 'concept', 'start': np.float64(465.226), 'end': np.float64(465.787), 'score': np.float64(0.885), 'speaker': 'SPEAKER_01'}, {'word': 'of,', 'start': np.float64(466.087), 'end': np.float64(466.187), 'score': np.float64(0.963), 'speaker': 'SPEAKER_01'}, {'word': 'I', 'start': np.float64(467.95), 'end': np.float64(467.99), 'score': np.float64(0.995), 'speaker': 'SPEAKER_01'}, {'word': 'need', 'start': np.float64(468.03), 'end': np.float64(468.17), 'score': np.float64(0.8), 'speaker': 'SPEAKER_01'}, {'word': 'to', 'start': np.float64(468.21), 'end': np.float64(468.25), 'score': np.float64(0.908), 'speaker': 'SPEAKER_01'}, {'word': 'find', 'start': np.float64(468.29), 'end': np.float64(468.491), 'score': np.float64(0.816), 'speaker': 'SPEAKER_01'}, {'word': 'my', 'start': np.float64(468.531), 'end': np.float64(468.651), 'score': np.float64(0.83), 'speaker': 'SPEAKER_01'}, {'word': 'people.', 'start': np.float64(468.731), 'end': np.float64(469.112), 'score': np.float64(0.908), 'speaker': 'SPEAKER_01'}]",SPEAKER_01
469.152,471.455,And my people aren't your people.,"[{'word': 'And', 'start': np.float64(469.152), 'end': np.float64(470.153), 'score': np.float64(0.622), 'speaker': 'SPEAKER_01'}, {'word': 'my', 'start': np.float64(470.193), 'end': np.float64(470.313), 'score': np.float64(0.696), 'speaker': 'SPEAKER_01'}, {'word': 'people', 'start': np.float64(470.374), 'end': np.float64(470.654), 'score': np.float64(0.834), 'speaker': 'SPEAKER_01'}, {'word': ""aren't"", 'start': np.float64(470.714), 'end': np.float64(470.874), 'score': np.float64(0.664), 'speaker': 'SPEAKER_01'}, {'word': 'your', 'start': np.float64(470.914), 'end': np.float64(471.075), 'score': np.float64(0.815), 'speaker': 'SPEAKER_01'}, {'word': 'people.', 'start': np.float64(471.135), 'end': np.float64(471.455), 'score': np.float64(0.824), 'speaker': 'SPEAKER_01'}]",SPEAKER_01
472.096,473.899,"It's like this tribal thing, kind of.","[{'word': ""It's"", 'start': np.float64(472.096), 'end': np.float64(472.176), 'score': np.float64(0.812), 'speaker': 'SPEAKER_01'}, {'word': 'like', 'start': np.float64(472.196), 'end': np.float64(472.336), 'score': np.float64(0.813), 'speaker': 'SPEAKER_01'}, {'word': 'this', 'start': np.float64(472.356), 'end': np.float64(472.497), 'score': np.float64(0.773), 'speaker': 'SPEAKER_01'}, {'word': 'tribal', 'start': np.float64(472.597), 'end': np.float64(472.997), 'score': np.float64(0.872), 'speaker': 'SPEAKER_01'}, {'word': 'thing,', 'start': np.float64(473.038), 'end': np.float64(473.298), 'score': np.float64(0.72), 'speaker': 'SPEAKER_01'}, {'word': 'kind', 'start': np.float64(473.318), 'end': np.float64(473.538), 'score': np.float64(0.754), 'speaker': 'SPEAKER_01'}, {'word': 'of.', 'start': np.float64(473.618), 'end': np.float64(473.899), 'score': np.float64(0.568), 'speaker': 'SPEAKER_01'}]",SPEAKER_01
473.939,476.162,And it was so scary for me and for dad.,"[{'word': 'And', 'start': np.float64(473.939), 'end': np.float64(473.999), 'score': np.float64(0.809), 'speaker': 'SPEAKER_01'}, {'word': 'it', 'start': np.float64(474.039), 'end': np.float64(474.079), 'score': np.float64(0.682), 'speaker': 'SPEAKER_01'}, {'word': 'was', 'start': np.float64(474.119), 'end': np.float64(474.199), 'score': np.float64(0.704), 'speaker': 'SPEAKER_01'}, {'word': 'so', 'start': np.float64(474.259), 'end': np.float64(474.5), 'score': np.float64(0.648), 'speaker': 'SPEAKER_01'}, {'word': 'scary', 'start': np.float64(474.52), 'end': np.float64(474.94), 'score': np.float64(0.75), 'speaker': 'SPEAKER_01'}, {'word': 'for', 'start': np.float64(475.0), 'end': np.float64(475.121), 'score': np.float64(0.83), 'speaker': 'SPEAKER_01'}, {'word': 'me', 'start': np.float64(475.181), 'end': np.float64(475.341), 'score': np.float64(0.996), 'speaker': 'SPEAKER_01'}, {'word': 'and', 'start': np.float64(475.481), 'end': np.float64(475.581), 'score': np.float64(0.745), 'speaker': 'SPEAKER_01'}, {'word': 'for', 'start': np.float64(475.641), 'end': np.float64(475.742), 'score': np.float64(0.888), 'speaker': 'SPEAKER_01'}, {'word': 'dad.', 'start': np.float64(475.782), 'end': np.float64(476.162), 'score': np.float64(0.924), 'speaker': 'SPEAKER_01'}]",SPEAKER_01
476.242,478.426,"Yeah, it was just very unknown for you.","[{'word': 'Yeah,', 'start': np.float64(476.242), 'end': np.float64(476.403), 'score': np.float64(0.765), 'speaker': 'SPEAKER_02'}, {'word': 'it', 'start': np.float64(476.423), 'end': np.float64(476.463), 'score': np.float64(0.487), 'speaker': 'SPEAKER_02'}, {'word': 'was', 'start': np.float64(476.523), 'end': np.float64(476.603), 'score': np.float64(0.823), 'speaker': 'SPEAKER_02'}, {'word': 'just', 'start': np.float64(476.663), 'end': np.float64(476.783), 'score': np.float64(0.841), 'speaker': 'SPEAKER_02'}, {'word': 'very', 'start': np.float64(477.444), 'end': np.float64(477.644), 'score': np.float64(0.864), 'speaker': 'SPEAKER_02'}, {'word': 'unknown', 'start': np.float64(477.745), 'end': np.float64(478.065), 'score': np.float64(0.893), 'speaker': 'SPEAKER_02'}, {'word': 'for', 'start': np.float64(478.125), 'end': np.float64(478.245), 'score': np.float64(0.824), 'speaker': 'SPEAKER_02'}, {'word': 'you.', 'start': np.float64(478.285), 'end': np.float64(478.426), 'score': np.float64(0.867), 'speaker': 'SPEAKER_02'}]",SPEAKER_02
479.087,480.769,But I still...,"[{'word': 'But', 'start': np.float64(479.087), 'end': np.float64(479.187), 'score': np.float64(0.887), 'speaker': 'SPEAKER_02'}, {'word': 'I', 'start': np.float64(479.207), 'end': np.float64(479.227), 'score': np.float64(0.991), 'speaker': 'SPEAKER_02'}, {'word': 'still...', 'start': np.float64(479.267), 'end': np.float64(480.769), 'score': np.float64(0.898), 'speaker': 'SPEAKER_02'}]",SPEAKER_02
481.12,491.117," I don't know, I give you both a lot of credit because even as a kid I gave you a hard time because you wouldn't let me go to certain neighborhoods because you felt it was unsafe or whatever.","[{'word': 'I', 'start': np.float64(481.12), 'end': np.float64(481.24), 'score': np.float64(0.765), 'speaker': 'SPEAKER_02'}, {'word': ""don't"", 'start': np.float64(481.26), 'end': np.float64(481.38), 'score': np.float64(0.916), 'speaker': 'SPEAKER_02'}, {'word': 'know,', 'start': np.float64(481.4), 'end': np.float64(481.601), 'score': np.float64(0.462), 'speaker': 'SPEAKER_02'}, {'word': 'I', 'start': np.float64(481.781), 'end': np.float64(481.861), 'score': np.float64(0.664), 'speaker': 'SPEAKER_02'}, {'word': 'give', 'start': np.float64(481.901), 'end': np.float64(482.042), 'score': np.float64(0.951), 'speaker': 'SPEAKER_02'}, {'word': 'you', 'start': np.float64(482.082), 'end': np.float64(482.202), 'score': np.float64(0.637), 'speaker': 'SPEAKER_02'}, {'word': 'both', 'start': np.float64(482.242), 'end': np.float64(482.683), 'score': np.float64(0.915), 'speaker': 'SPEAKER_02'}, {'word': 'a', 'start': np.float64(482.743), 'end': np.float64(482.763), 'score': np.float64(0.992), 'speaker': 'SPEAKER_02'}, {'word': 'lot', 'start': np.float64(482.823), 'end': np.float64(482.983), 'score': np.float64(0.979), 'speaker': 'SPEAKER_02'}, {'word': 'of', 'start': np.float64(483.023), 'end': np.float64(483.063), 'score': np.float64(0.952), 'speaker': 'SPEAKER_02'}, {'word': 'credit', 'start': np.float64(483.103), 'end': np.float64(483.504), 'score': np.float64(0.789), 'speaker': 'SPEAKER_02'}, {'word': 'because', 'start': np.float64(483.604), 'end': np.float64(483.945), 'score': np.float64(0.516), 'speaker': 'SPEAKER_02'}, {'word': 'even', 'start': np.float64(484.005), 'end': np.float64(484.947), 'score': np.float64(0.43), 'speaker': 'SPEAKER_02'}, {'word': 'as', 'start': np.float64(485.007), 'end': np.float64(485.067), 'score': np.float64(0.586), 'speaker': 'SPEAKER_02'}, {'word': 'a', 'start': np.float64(485.167), 'end': np.float64(485.608), 'score': np.float64(0.427), 'speaker': 'SPEAKER_02'}, {'word': 'kid', 'start': np.float64(485.648), 'end': np.float64(485.828), 'score': np.float64(0.985), 'speaker': 'SPEAKER_02'}, {'word': 'I', 'start': np.float64(485.868), 'end': np.float64(485.928), 'score': np.float64(0.995), 'speaker': 'SPEAKER_02'}, {'word': 'gave', 'start': np.float64(485.968), 'end': np.float64(486.089), 'score': np.float64(0.758), 'speaker': 'SPEAKER_02'}, {'word': 'you', 'start': np.float64(486.129), 'end': np.float64(486.229), 'score': np.float64(0.663), 'speaker': 'SPEAKER_02'}, {'word': 'a', 'start': np.float64(486.269), 'end': np.float64(486.309), 'score': np.float64(0.499), 'speaker': 'SPEAKER_02'}, {'word': 'hard', 'start': np.float64(486.349), 'end': np.float64(486.509), 'score': np.float64(0.914), 'speaker': 'SPEAKER_02'}, {'word': 'time', 'start': np.float64(486.569), 'end': np.float64(486.83), 'score': np.float64(0.85), 'speaker': 'SPEAKER_02'}, {'word': 'because', 'start': np.float64(486.87), 'end': np.float64(487.11), 'score': np.float64(0.853), 'speaker': 'SPEAKER_02'}, {'word': 'you', 'start': np.float64(487.15), 'end': np.float64(487.23), 'score': np.float64(0.5), 'speaker': 'SPEAKER_02'}, {'word': ""wouldn't"", 'start': np.float64(487.271), 'end': np.float64(487.471), 'score': np.float64(0.751), 'speaker': 'SPEAKER_02'}, {'word': 'let', 'start': np.float64(487.491), 'end': np.float64(487.591), 'score': np.float64(0.784), 'speaker': 'SPEAKER_02'}, {'word': 'me', 'start': np.float64(487.631), 'end': np.float64(487.751), 'score': np.float64(0.76), 'speaker': 'SPEAKER_02'}, {'word': 'go', 'start': np.float64(488.172), 'end': np.float64(488.312), 'score': np.float64(0.994), 'speaker': 'SPEAKER_02'}, {'word': 'to', 'start': np.float64(488.332), 'end': np.float64(488.413), 'score': np.float64(0.777), 'speaker': 'SPEAKER_02'}, {'word': 'certain', 'start': np.float64(488.473), 'end': np.float64(488.833), 'score': np.float64(0.772), 'speaker': 'SPEAKER_02'}, {'word': 'neighborhoods', 'start': np.float64(488.873), 'end': np.float64(489.294), 'score': np.float64(0.769), 'speaker': 'SPEAKER_02'}, {'word': 'because', 'start': np.float64(489.354), 'end': np.float64(489.554), 'score': np.float64(0.768), 'speaker': 'SPEAKER_02'}, {'word': 'you', 'start': np.float64(489.615), 'end': np.float64(489.715), 'score': np.float64(0.883), 'speaker': 'SPEAKER_02'}, {'word': 'felt', 'start': np.float64(489.755), 'end': np.float64(489.935), 'score': np.float64(0.89), 'speaker': 'SPEAKER_02'}, {'word': 'it', 'start': np.float64(489.975), 'end': np.float64(490.015), 'score': np.float64(0.5), 'speaker': 'SPEAKER_02'}, {'word': 'was', 'start': np.float64(490.316), 'end': np.float64(490.656), 'score': np.float64(0.377), 'speaker': 'SPEAKER_02'}, {'word': 'unsafe', 'start': np.float64(490.676), 'end': np.float64(490.857), 'score': np.float64(0.191), 'speaker': 'SPEAKER_00'}, {'word': 'or', 'start': np.float64(490.877), 'end': np.float64(490.917), 'score': np.float64(0.192), 'speaker': 'SPEAKER_00'}, {'word': 'whatever.', 'start': np.float64(490.937), 'end': np.float64(491.117), 'score': np.float64(0.023), 'speaker': 'SPEAKER_00'}]",SPEAKER_02
491.137,491.678,I was scared.,"[{'word': 'I', 'start': np.float64(491.137), 'end': np.float64(491.157), 'score': np.float64(0.001), 'speaker': 'SPEAKER_00'}, {'word': 'was', 'start': np.float64(491.177), 'end': np.float64(491.237), 'score': np.float64(0.0), 'speaker': 'SPEAKER_00'}, {'word': 'scared.', 'start': np.float64(491.257), 'end': np.float64(491.678), 'score': np.float64(0.389), 'speaker': 'SPEAKER_00'}]",SPEAKER_00
491.698,491.979,Yeah.,"[{'word': 'Yeah.', 'start': np.float64(491.698), 'end': np.float64(491.979), 'score': np.float64(0.597), 'speaker': 'SPEAKER_02'}]",SPEAKER_02
492.74,496.867,I still do think to a certain degree you allowed me to explore.,"[{'word': 'I', 'start': np.float64(492.74), 'end': np.float64(492.84), 'score': np.float64(0.79), 'speaker': 'SPEAKER_02'}, {'word': 'still', 'start': np.float64(493.281), 'end': np.float64(493.501), 'score': np.float64(0.741), 'speaker': 'SPEAKER_02'}, {'word': 'do', 'start': np.float64(493.541), 'end': np.float64(493.682), 'score': np.float64(0.986), 'speaker': 'SPEAKER_02'}, {'word': 'think', 'start': np.float64(493.722), 'end': np.float64(493.902), 'score': np.float64(0.983), 'speaker': 'SPEAKER_02'}, {'word': 'to', 'start': np.float64(493.942), 'end': np.float64(494.243), 'score': np.float64(0.822), 'speaker': 'SPEAKER_02'}, {'word': 'a', 'start': np.float64(494.283), 'end': np.float64(494.303), 'score': np.float64(0.999), 'speaker': 'SPEAKER_02'}, {'word': 'certain', 'start': np.float64(494.343), 'end': np.float64(494.603), 'score': np.float64(0.734), 'speaker': 'SPEAKER_02'}, {'word': 'degree', 'start': np.float64(494.623), 'end': np.float64(494.904), 'score': np.float64(0.67), 'speaker': 'SPEAKER_02'}, {'word': 'you', 'start': np.float64(494.924), 'end': np.float64(495.024), 'score': np.float64(0.832), 'speaker': 'SPEAKER_02'}, {'word': 'allowed', 'start': np.float64(495.084), 'end': np.float64(495.364), 'score': np.float64(0.935), 'speaker': 'SPEAKER_02'}, {'word': 'me', 'start': np.float64(495.425), 'end': np.float64(495.525), 'score': np.float64(0.95), 'speaker': 'SPEAKER_02'}, {'word': 'to', 'start': np.float64(495.605), 'end': np.float64(495.825), 'score': np.float64(0.838), 'speaker': 'SPEAKER_02'}, {'word': 'explore.', 'start': np.float64(496.326), 'end': np.float64(496.867), 'score': np.float64(0.697), 'speaker': 'SPEAKER_02'}]",SPEAKER_02
496.927,506.183,"And I think for me, my experience, I would have been such a different human if I stayed in white wealthy neighborhoods.","[{'word': 'And', 'start': np.float64(496.927), 'end': np.float64(496.987), 'score': np.float64(0.987), 'speaker': 'SPEAKER_02'}, {'word': 'I', 'start': np.float64(497.007), 'end': np.float64(497.047), 'score': np.float64(0.5), 'speaker': 'SPEAKER_02'}, {'word': 'think', 'start': np.float64(497.087), 'end': np.float64(497.248), 'score': np.float64(0.725), 'speaker': 'SPEAKER_02'}, {'word': 'for', 'start': np.float64(497.308), 'end': np.float64(498.129), 'score': np.float64(0.872), 'speaker': 'SPEAKER_02'}, {'word': 'me,', 'start': np.float64(498.209), 'end': np.float64(498.47), 'score': np.float64(0.976), 'speaker': 'SPEAKER_02'}, {'word': 'my', 'start': np.float64(498.63), 'end': np.float64(498.85), 'score': np.float64(0.963), 'speaker': 'SPEAKER_02'}, {'word': 'experience,', 'start': np.float64(498.951), 'end': np.float64(499.672), 'score': np.float64(0.834), 'speaker': 'SPEAKER_02'}, {'word': 'I', 'start': np.float64(500.553), 'end': np.float64(500.593), 'score': np.float64(0.884), 'speaker': 'SPEAKER_02'}, {'word': 'would', 'start': np.float64(500.613), 'end': np.float64(500.734), 'score': np.float64(0.835), 'speaker': 'SPEAKER_02'}, {'word': 'have', 'start': np.float64(500.754), 'end': np.float64(500.834), 'score': np.float64(0.984), 'speaker': 'SPEAKER_02'}, {'word': 'been', 'start': np.float64(500.854), 'end': np.float64(500.974), 'score': np.float64(0.66), 'speaker': 'SPEAKER_02'}, {'word': 'such', 'start': np.float64(501.014), 'end': np.float64(501.395), 'score': np.float64(0.772), 'speaker': 'SPEAKER_02'}, {'word': 'a', 'start': np.float64(501.435), 'end': np.float64(501.475), 'score': np.float64(0.499), 'speaker': 'SPEAKER_02'}, {'word': 'different', 'start': np.float64(501.535), 'end': np.float64(501.796), 'score': np.float64(0.779), 'speaker': 'SPEAKER_02'}, {'word': 'human', 'start': np.float64(501.856), 'end': np.float64(502.176), 'score': np.float64(0.887), 'speaker': 'SPEAKER_02'}, {'word': 'if', 'start': np.float64(502.216), 'end': np.float64(502.296), 'score': np.float64(0.925), 'speaker': 'SPEAKER_02'}, {'word': 'I', 'start': np.float64(502.376), 'end': np.float64(502.457), 'score': np.float64(0.969), 'speaker': 'SPEAKER_02'}, {'word': 'stayed', 'start': np.float64(502.557), 'end': np.float64(502.978), 'score': np.float64(0.869), 'speaker': 'SPEAKER_02'}, {'word': 'in', 'start': np.float64(502.998), 'end': np.float64(503.038), 'score': np.float64(0.5), 'speaker': 'SPEAKER_02'}, {'word': 'white', 'start': np.float64(504.24), 'end': np.float64(504.48), 'score': np.float64(0.906), 'speaker': 'SPEAKER_02'}, {'word': 'wealthy', 'start': np.float64(504.54), 'end': np.float64(504.841), 'score': np.float64(0.871), 'speaker': 'SPEAKER_02'}, {'word': 'neighborhoods.', 'start': np.float64(504.881), 'end': np.float64(506.183), 'score': np.float64(0.756), 'speaker': 'SPEAKER_02'}]",SPEAKER_02
506.163,518.547," I think that even my friends, they just are in awe of me a lot, of the empathy I have and the view of the world, how cultured I am, because I have friends literally from all over the world.","[{'word': 'I', 'start': np.float64(506.163), 'end': np.float64(506.444), 'score': np.float64(0.716), 'speaker': 'SPEAKER_02'}, {'word': 'think', 'start': np.float64(506.464), 'end': np.float64(506.644), 'score': np.float64(0.907), 'speaker': 'SPEAKER_02'}, {'word': 'that', 'start': np.float64(506.684), 'end': np.float64(506.824), 'score': np.float64(0.981), 'speaker': 'SPEAKER_02'}, {'word': 'even', 'start': np.float64(506.945), 'end': np.float64(507.105), 'score': np.float64(0.899), 'speaker': 'SPEAKER_02'}, {'word': 'my', 'start': np.float64(507.165), 'end': np.float64(507.285), 'score': np.float64(0.994), 'speaker': 'SPEAKER_02'}, {'word': 'friends,', 'start': np.float64(507.385), 'end': np.float64(507.906), 'score': np.float64(0.74), 'speaker': 'SPEAKER_02'}, {'word': 'they', 'start': np.float64(508.648), 'end': np.float64(508.808), 'score': np.float64(0.988), 'speaker': 'SPEAKER_02'}, {'word': 'just', 'start': np.float64(508.848), 'end': np.float64(509.029), 'score': np.float64(0.616), 'speaker': 'SPEAKER_02'}, {'word': 'are', 'start': np.float64(509.389), 'end': np.float64(509.509), 'score': np.float64(0.774), 'speaker': 'SPEAKER_02'}, {'word': 'in', 'start': np.float64(509.55), 'end': np.float64(509.63), 'score': np.float64(0.813), 'speaker': 'SPEAKER_02'}, {'word': 'awe', 'start': np.float64(509.73), 'end': np.float64(509.83), 'score': np.float64(0.866), 'speaker': 'SPEAKER_02'}, {'word': 'of', 'start': np.float64(509.87), 'end': np.float64(509.91), 'score': np.float64(0.976), 'speaker': 'SPEAKER_02'}, {'word': 'me', 'start': np.float64(509.97), 'end': np.float64(510.071), 'score': np.float64(0.966), 'speaker': 'SPEAKER_02'}, {'word': 'a', 'start': np.float64(510.131), 'end': np.float64(510.151), 'score': np.float64(0.879), 'speaker': 'SPEAKER_02'}, {'word': 'lot,', 'start': np.float64(510.231), 'end': np.float64(510.491), 'score': np.float64(0.973), 'speaker': 'SPEAKER_02'}, {'word': 'of', 'start': np.float64(510.511), 'end': np.float64(510.551), 'score': np.float64(0.992), 'speaker': 'SPEAKER_02'}, {'word': 'the', 'start': np.float64(510.592), 'end': np.float64(511.093), 'score': np.float64(0.87), 'speaker': 'SPEAKER_02'}, {'word': 'empathy', 'start': np.float64(511.153), 'end': np.float64(511.493), 'score': np.float64(0.91), 'speaker': 'SPEAKER_02'}, {'word': 'I', 'start': np.float64(511.553), 'end': np.float64(511.614), 'score': np.float64(0.657), 'speaker': 'SPEAKER_02'}, {'word': 'have', 'start': np.float64(511.674), 'end': np.float64(512.034), 'score': np.float64(0.861), 'speaker': 'SPEAKER_02'}, {'word': 'and', 'start': np.float64(512.074), 'end': np.float64(512.295), 'score': np.float64(0.538), 'speaker': 'SPEAKER_02'}, {'word': 'the', 'start': np.float64(512.335), 'end': np.float64(512.555), 'score': np.float64(0.538), 'speaker': 'SPEAKER_02'}, {'word': 'view', 'start': np.float64(512.615), 'end': np.float64(512.796), 'score': np.float64(0.955), 'speaker': 'SPEAKER_02'}, {'word': 'of', 'start': np.float64(512.856), 'end': np.float64(512.896), 'score': np.float64(0.999), 'speaker': 'SPEAKER_02'}, {'word': 'the', 'start': np.float64(512.936), 'end': np.float64(513.036), 'score': np.float64(0.511), 'speaker': 'SPEAKER_02'}, {'word': 'world,', 'start': np.float64(513.076), 'end': np.float64(513.317), 'score': np.float64(0.809), 'speaker': 'SPEAKER_02'}, {'word': 'how', 'start': np.float64(513.337), 'end': np.float64(513.457), 'score': np.float64(0.996), 'speaker': 'SPEAKER_02'}, {'word': 'cultured', 'start': np.float64(513.577), 'end': np.float64(514.038), 'score': np.float64(0.787), 'speaker': 'SPEAKER_02'}, {'word': 'I', 'start': np.float64(514.138), 'end': np.float64(514.199), 'score': np.float64(0.899), 'speaker': 'SPEAKER_02'}, {'word': 'am,', 'start': np.float64(514.399), 'end': np.float64(514.499), 'score': np.float64(0.986), 'speaker': 'SPEAKER_02'}, {'word': 'because', 'start': np.float64(514.559), 'end': np.float64(515.22), 'score': np.float64(0.735), 'speaker': 'SPEAKER_02'}, {'word': 'I', 'start': np.float64(515.301), 'end': np.float64(515.341), 'score': np.float64(0.977), 'speaker': 'SPEAKER_02'}, {'word': 'have', 'start': np.float64(515.401), 'end': np.float64(515.541), 'score': np.float64(0.987), 'speaker': 'SPEAKER_02'}, {'word': 'friends', 'start': np.float64(515.641), 'end': np.float64(516.002), 'score': np.float64(0.69), 'speaker': 'SPEAKER_02'}, {'word': 'literally', 'start': np.float64(516.904), 'end': np.float64(517.284), 'score': np.float64(0.871), 'speaker': 'SPEAKER_02'}, {'word': 'from', 'start': np.float64(517.365), 'end': np.float64(517.505), 'score': np.float64(0.95), 'speaker': 'SPEAKER_02'}, {'word': 'all', 'start': np.float64(517.525), 'end': np.float64(517.785), 'score': np.float64(0.734), 'speaker': 'SPEAKER_02'}, {'word': 'over', 'start': np.float64(517.866), 'end': np.float64(517.986), 'score': np.float64(0.858), 'speaker': 'SPEAKER_02'}, {'word': 'the', 'start': np.float64(518.026), 'end': np.float64(518.086), 'score': np.float64(0.736), 'speaker': 'SPEAKER_02'}, {'word': 'world.', 'start': np.float64(518.146), 'end': np.float64(518.547), 'score': np.float64(0.789), 'speaker': 'SPEAKER_02'}]",SPEAKER_02
518.868,525.58,"But I mean, I feel like my life experience, my childhood experience was a blessing for you too, because it completely opened your eyes.","[{'word': 'But', 'start': np.float64(518.868), 'end': np.float64(518.968), 'score': np.float64(0.908), 'speaker': 'SPEAKER_02'}, {'word': 'I', 'start': np.float64(519.148), 'end': np.float64(519.208), 'score': np.float64(0.601), 'speaker': 'SPEAKER_02'}, {'word': 'mean,', 'start': np.float64(519.248), 'end': np.float64(519.409), 'score': np.float64(0.888), 'speaker': 'SPEAKER_02'}, {'word': 'I', 'start': np.float64(519.469), 'end': np.float64(519.509), 'score': np.float64(0.873), 'speaker': 'SPEAKER_02'}, {'word': 'feel', 'start': np.float64(519.569), 'end': np.float64(519.729), 'score': np.float64(0.857), 'speaker': 'SPEAKER_02'}, {'word': 'like', 'start': np.float64(519.749), 'end': np.float64(519.869), 'score': np.float64(0.804), 'speaker': 'SPEAKER_02'}, {'word': 'my', 'start': np.float64(520.03), 'end': np.float64(520.23), 'score': np.float64(0.999), 'speaker': 'SPEAKER_02'}, {'word': 'life', 'start': np.float64(520.31), 'end': np.float64(520.491), 'score': np.float64(0.855), 'speaker': 'SPEAKER_02'}, {'word': 'experience,', 'start': np.float64(520.551), 'end': np.float64(521.172), 'score': np.float64(0.757), 'speaker': 'SPEAKER_02'}, {'word': 'my', 'start': np.float64(521.212), 'end': np.float64(521.312), 'score': np.float64(0.978), 'speaker': 'SPEAKER_02'}, {'word': 'childhood', 'start': np.float64(521.372), 'end': np.float64(521.733), 'score': np.float64(0.873), 'speaker': 'SPEAKER_02'}, {'word': 'experience', 'start': np.float64(521.773), 'end': np.float64(522.274), 'score': np.float64(0.657), 'speaker': 'SPEAKER_02'}, {'word': 'was', 'start': np.float64(522.635), 'end': np.float64(522.755), 'score': np.float64(0.792), 'speaker': 'SPEAKER_02'}, {'word': 'a', 'start': np.float64(522.815), 'end': np.float64(522.835), 'score': np.float64(0.986), 'speaker': 'SPEAKER_02'}, {'word': 'blessing', 'start': np.float64(522.875), 'end': np.float64(523.216), 'score': np.float64(0.883), 'speaker': 'SPEAKER_02'}, {'word': 'for', 'start': np.float64(523.256), 'end': np.float64(523.376), 'score': np.float64(0.915), 'speaker': 'SPEAKER_02'}, {'word': 'you', 'start': np.float64(523.416), 'end': np.float64(523.537), 'score': np.float64(0.956), 'speaker': 'SPEAKER_02'}, {'word': 'too,', 'start': np.float64(523.597), 'end': np.float64(523.817), 'score': np.float64(0.851), 'speaker': 'SPEAKER_02'}, {'word': 'because', 'start': np.float64(523.917), 'end': np.float64(524.058), 'score': np.float64(0.523), 'speaker': 'SPEAKER_00'}, {'word': 'it', 'start': np.float64(524.098), 'end': np.float64(524.138), 'score': np.float64(0.994), 'speaker': 'SPEAKER_00'}, {'word': 'completely', 'start': np.float64(524.178), 'end': np.float64(524.639), 'score': np.float64(0.634), 'speaker': 'SPEAKER_00'}, {'word': 'opened', 'start': np.float64(524.819), 'end': np.float64(525.059), 'score': np.float64(0.614), 'speaker': 'SPEAKER_00'}, {'word': 'your', 'start': np.float64(525.1), 'end': np.float64(525.26), 'score': np.float64(0.973), 'speaker': 'SPEAKER_00'}, {'word': 'eyes.', 'start': np.float64(525.44), 'end': np.float64(525.58), 'score': np.float64(0.727), 'speaker': 'SPEAKER_00'}]",SPEAKER_02
525.681,526.382,It was.,"[{'word': 'It', 'start': np.float64(525.681), 'end': np.float64(525.981), 'score': np.float64(0.611), 'speaker': 'SPEAKER_02'}, {'word': 'was.', 'start': np.float64(526.302), 'end': np.float64(526.382), 'score': np.float64(0.488), 'speaker': 'SPEAKER_02'}]",SPEAKER_02
526.362,529.726, You're so empathetic now to people of all different backgrounds.,"[{'word': ""You're"", 'start': np.float64(526.362), 'end': np.float64(526.642), 'score': np.float64(0.63), 'speaker': 'SPEAKER_02'}, {'word': 'so', 'start': np.float64(526.783), 'end': np.float64(527.023), 'score': np.float64(0.918), 'speaker': 'SPEAKER_02'}, {'word': 'empathetic', 'start': np.float64(527.103), 'end': np.float64(527.604), 'score': np.float64(0.86), 'speaker': 'SPEAKER_02'}, {'word': 'now', 'start': np.float64(527.684), 'end': np.float64(527.824), 'score': np.float64(0.995), 'speaker': 'SPEAKER_02'}, {'word': 'to', 'start': np.float64(527.864), 'end': np.float64(528.004), 'score': np.float64(0.67), 'speaker': 'SPEAKER_02'}, {'word': 'people', 'start': np.float64(528.044), 'end': np.float64(528.305), 'score': np.float64(0.778), 'speaker': 'SPEAKER_02'}, {'word': 'of', 'start': np.float64(528.365), 'end': np.float64(528.405), 'score': np.float64(0.999), 'speaker': 'SPEAKER_02'}, {'word': 'all', 'start': np.float64(528.625), 'end': np.float64(528.745), 'score': np.float64(0.77), 'speaker': 'SPEAKER_02'}, {'word': 'different', 'start': np.float64(528.785), 'end': np.float64(529.106), 'score': np.float64(0.865), 'speaker': 'SPEAKER_02'}, {'word': 'backgrounds.', 'start': np.float64(529.146), 'end': np.float64(529.726), 'score': np.float64(0.84), 'speaker': 'SPEAKER_02'}]",SPEAKER_02
529.847,542.603,"And that's such a beautiful thing because there are so many people in your position, racially, financially, that would not even give a second thought to a person of color and what they go through, or an impoverished person, or an oppressed person.","[{'word': 'And', 'start': np.float64(529.847), 'end': np.float64(529.967), 'score': np.float64(0.791), 'speaker': 'SPEAKER_02'}, {'word': ""that's"", 'start': np.float64(531.028), 'end': np.float64(531.288), 'score': np.float64(0.846), 'speaker': 'SPEAKER_02'}, {'word': 'such', 'start': np.float64(531.669), 'end': np.float64(531.849), 'score': np.float64(0.868), 'speaker': 'SPEAKER_02'}, {'word': 'a', 'start': np.float64(531.889), 'end': np.float64(531.909), 'score': np.float64(0.091), 'speaker': 'SPEAKER_02'}, {'word': 'beautiful', 'start': np.float64(531.969), 'end': np.float64(532.31), 'score': np.float64(0.8), 'speaker': 'SPEAKER_02'}, {'word': 'thing', 'start': np.float64(532.35), 'end': np.float64(532.51), 'score': np.float64(0.854), 'speaker': 'SPEAKER_02'}, {'word': 'because', 'start': np.float64(532.57), 'end': np.float64(532.77), 'score': np.float64(0.799), 'speaker': 'SPEAKER_02'}, {'word': 'there', 'start': np.float64(532.79), 'end': np.float64(532.89), 'score': np.float64(0.973), 'speaker': 'SPEAKER_02'}, {'word': 'are', 'start': np.float64(532.93), 'end': np.float64(533.051), 'score': np.float64(0.496), 'speaker': 'SPEAKER_02'}, {'word': 'so', 'start': np.float64(533.271), 'end': np.float64(533.491), 'score': np.float64(0.843), 'speaker': 'SPEAKER_02'}, {'word': 'many', 'start': np.float64(533.551), 'end': np.float64(533.732), 'score': np.float64(0.858), 'speaker': 'SPEAKER_02'}, {'word': 'people', 'start': np.float64(533.772), 'end': np.float64(534.052), 'score': np.float64(0.586), 'speaker': 'SPEAKER_02'}, {'word': 'in', 'start': np.float64(534.132), 'end': np.float64(534.172), 'score': np.float64(0.948), 'speaker': 'SPEAKER_02'}, {'word': 'your', 'start': np.float64(534.212), 'end': np.float64(534.332), 'score': np.float64(0.998), 'speaker': 'SPEAKER_02'}, {'word': 'position,', 'start': np.float64(534.372), 'end': np.float64(534.833), 'score': np.float64(0.905), 'speaker': 'SPEAKER_02'}, {'word': 'racially,', 'start': np.float64(534.893), 'end': np.float64(535.714), 'score': np.float64(0.961), 'speaker': 'SPEAKER_02'}, {'word': 'financially,', 'start': np.float64(535.754), 'end': np.float64(536.295), 'score': np.float64(0.767), 'speaker': 'SPEAKER_02'}, {'word': 'that', 'start': np.float64(536.555), 'end': np.float64(536.675), 'score': np.float64(0.43), 'speaker': 'SPEAKER_02'}, {'word': 'would', 'start': np.float64(536.715), 'end': np.float64(536.836), 'score': np.float64(0.978), 'speaker': 'SPEAKER_02'}, {'word': 'not', 'start': np.float64(536.896), 'end': np.float64(537.016), 'score': np.float64(0.984), 'speaker': 'SPEAKER_02'}, {'word': 'even', 'start': np.float64(537.076), 'end': np.float64(537.236), 'score': np.float64(0.549), 'speaker': 'SPEAKER_02'}, {'word': 'give', 'start': np.float64(537.336), 'end': np.float64(537.556), 'score': np.float64(0.715), 'speaker': 'SPEAKER_02'}, {'word': 'a', 'start': np.float64(537.597), 'end': np.float64(537.737), 'score': np.float64(0.708), 'speaker': 'SPEAKER_02'}, {'word': 'second', 'start': np.float64(537.877), 'end': np.float64(538.217), 'score': np.float64(0.878), 'speaker': 'SPEAKER_02'}, {'word': 'thought', 'start': np.float64(538.337), 'end': np.float64(538.618), 'score': np.float64(0.707), 'speaker': 'SPEAKER_02'}, {'word': 'to', 'start': np.float64(538.658), 'end': np.float64(538.818), 'score': np.float64(0.752), 'speaker': 'SPEAKER_02'}, {'word': 'a', 'start': np.float64(538.838), 'end': np.float64(538.858), 'score': np.float64(1.0), 'speaker': 'SPEAKER_02'}, {'word': 'person', 'start': np.float64(539.018), 'end': np.float64(539.319), 'score': np.float64(0.902), 'speaker': 'SPEAKER_02'}, {'word': 'of', 'start': np.float64(539.359), 'end': np.float64(539.399), 'score': np.float64(1.0), 'speaker': 'SPEAKER_02'}, {'word': 'color', 'start': np.float64(539.459), 'end': np.float64(539.719), 'score': np.float64(0.774), 'speaker': 'SPEAKER_02'}, {'word': 'and', 'start': np.float64(539.759), 'end': np.float64(539.819), 'score': np.float64(0.862), 'speaker': 'SPEAKER_02'}, {'word': 'what', 'start': np.float64(539.859), 'end': np.float64(539.96), 'score': np.float64(0.998), 'speaker': 'SPEAKER_02'}, {'word': 'they', 'start': np.float64(539.98), 'end': np.float64(540.12), 'score': np.float64(0.589), 'speaker': 'SPEAKER_02'}, {'word': 'go', 'start': np.float64(540.16), 'end': np.float64(540.28), 'score': np.float64(0.855), 'speaker': 'SPEAKER_02'}, {'word': 'through,', 'start': np.float64(540.32), 'end': np.float64(540.5), 'score': np.float64(0.811), 'speaker': 'SPEAKER_02'}, {'word': 'or', 'start': np.float64(540.56), 'end': np.float64(540.64), 'score': np.float64(0.938), 'speaker': 'SPEAKER_02'}, {'word': 'an', 'start': np.float64(540.701), 'end': np.float64(540.741), 'score': np.float64(0.971), 'speaker': 'SPEAKER_02'}, {'word': 'impoverished', 'start': np.float64(540.801), 'end': np.float64(541.281), 'score': np.float64(0.835), 'speaker': 'SPEAKER_02'}, {'word': 'person,', 'start': np.float64(541.301), 'end': np.float64(541.582), 'score': np.float64(0.859), 'speaker': 'SPEAKER_02'}, {'word': 'or', 'start': np.float64(541.622), 'end': np.float64(541.682), 'score': np.float64(0.81), 'speaker': 'SPEAKER_02'}, {'word': 'an', 'start': np.float64(541.722), 'end': np.float64(541.762), 'score': np.float64(0.901), 'speaker': 'SPEAKER_02'}, {'word': 'oppressed', 'start': np.float64(541.802), 'end': np.float64(542.162), 'score': np.float64(0.843), 'speaker': 'SPEAKER_02'}, {'word': 'person.', 'start': np.float64(542.222), 'end': np.float64(542.603), 'score': np.float64(0.783), 'speaker': 'SPEAKER_02'}]",SPEAKER_02
542.883,546.468,"If you don't know people in these communities, you don't know what is actually going on.","[{'word': 'If', 'start': np.float64(542.883), 'end': np.float64(542.923), 'score': np.float64(0.995), 'speaker': 'SPEAKER_02'}, {'word': 'you', 'start': np.float64(542.963), 'end': np.float64(543.044), 'score': np.float64(0.825), 'speaker': 'SPEAKER_02'}, {'word': ""don't"", 'start': np.float64(543.084), 'end': np.float64(543.224), 'score': np.float64(0.683), 'speaker': 'SPEAKER_02'}, {'word': 'know', 'start': np.float64(543.484), 'end': np.float64(543.724), 'score': np.float64(0.618), 'speaker': 'SPEAKER_02'}, {'word': 'people', 'start': np.float64(543.845), 'end': np.float64(544.125), 'score': np.float64(0.777), 'speaker': 'SPEAKER_02'}, {'word': 'in', 'start': np.float64(544.185), 'end': np.float64(544.225), 'score': np.float64(0.836), 'speaker': 'SPEAKER_02'}, {'word': 'these', 'start': np.float64(544.285), 'end': np.float64(544.405), 'score': np.float64(0.897), 'speaker': 'SPEAKER_02'}, {'word': 'communities,', 'start': np.float64(544.465), 'end': np.float64(544.806), 'score': np.float64(0.645), 'speaker': 'SPEAKER_02'}, {'word': 'you', 'start': np.float64(544.826), 'end': np.float64(544.886), 'score': np.float64(0.999), 'speaker': 'SPEAKER_02'}, {'word': ""don't"", 'start': np.float64(544.926), 'end': np.float64(545.046), 'score': np.float64(0.899), 'speaker': 'SPEAKER_02'}, {'word': 'know', 'start': np.float64(545.086), 'end': np.float64(545.206), 'score': np.float64(0.875), 'speaker': 'SPEAKER_02'}, {'word': 'what', 'start': np.float64(545.246), 'end': np.float64(545.347), 'score': np.float64(0.91), 'speaker': 'SPEAKER_02'}, {'word': 'is', 'start': np.float64(545.587), 'end': np.float64(545.667), 'score': np.float64(0.67), 'speaker': 'SPEAKER_02'}, {'word': 'actually', 'start': np.float64(545.747), 'end': np.float64(546.007), 'score': np.float64(0.788), 'speaker': 'SPEAKER_02'}, {'word': 'going', 'start': np.float64(546.067), 'end': np.float64(546.288), 'score': np.float64(0.743), 'speaker': 'SPEAKER_02'}, {'word': 'on.', 'start': np.float64(546.388), 'end': np.float64(546.468), 'score': np.float64(0.868), 'speaker': 'SPEAKER_01'}]",SPEAKER_02
546.608,547.089,True.,"[{'word': 'True.', 'start': np.float64(546.608), 'end': np.float64(547.089), 'score': np.float64(0.359), 'speaker': 'SPEAKER_01'}]",SPEAKER_01
547.109,548.15,And that's the problem.,"[{'word': 'And', 'start': np.float64(547.109), 'end': np.float64(547.189), 'score': np.float64(0.849), 'speaker': 'SPEAKER_01'}, {'word': ""that's"", 'start': np.float64(547.209), 'end': np.float64(547.389), 'score': np.float64(0.899), 'speaker': 'SPEAKER_01'}, {'word': 'the', 'start': np.float64(547.449), 'end': np.float64(547.529), 'score': np.float64(0.949), 'speaker': 'SPEAKER_02'}, {'word': 'problem.', 'start': np.float64(547.569), 'end': np.float64(548.15), 'score': np.float64(0.91), 'speaker': 'SPEAKER_02'}]",SPEAKER_02
548.29,548.791,True.,"[{'word': 'True.', 'start': np.float64(548.29), 'end': np.float64(548.791), 'score': np.float64(0.337), 'speaker': 'SPEAKER_01'}]",SPEAKER_01
548.811,549.712,"Yeah, I made assumptions.","[{'word': 'Yeah,', 'start': np.float64(548.811), 'end': np.float64(548.931), 'score': np.float64(0.24), 'speaker': 'SPEAKER_01'}, {'word': 'I', 'start': np.float64(548.951), 'end': np.float64(549.011), 'score': np.float64(0.908), 'speaker': 'SPEAKER_01'}, {'word': 'made', 'start': np.float64(549.071), 'end': np.float64(549.212), 'score': np.float64(0.948), 'speaker': 'SPEAKER_01'}, {'word': 'assumptions.', 'start': np.float64(549.272), 'end': np.float64(549.712), 'score': np.float64(0.825), 'speaker': 'SPEAKER_01'}]",SPEAKER_01
550.033,550.553,"Yeah, yeah.","[{'word': 'Yeah,', 'start': np.float64(550.033), 'end': np.float64(550.173), 'score': np.float64(0.651), 'speaker': 'SPEAKER_02'}, {'word': 'yeah.', 'start': np.float64(550.293), 'end': np.float64(550.553), 'score': np.float64(0.675), 'speaker': 'SPEAKER_02'}]",SPEAKER_02
550.653,551.034,For sure.,"[{'word': 'For', 'start': np.float64(550.653), 'end': np.float64(550.794), 'score': np.float64(0.795), 'speaker': 'SPEAKER_02'}, {'word': 'sure.', 'start': np.float64(550.814), 'end': np.float64(551.034), 'score': np.float64(0.884), 'speaker': 'SPEAKER_02'}]",SPEAKER_02
552.596,555.019,When are you most concerned for me and why?,"[{'word': 'When', 'start': np.float64(552.596), 'end': np.float64(552.716), 'score': np.float64(0.619), 'speaker': 'SPEAKER_02'}, {'word': 'are', 'start': np.float64(552.756), 'end': np.float64(552.836), 'score': np.float64(0.684), 'speaker': 'SPEAKER_02'}, {'word': 'you', 'start': np.float64(552.876), 'end': np.float64(552.956), 'score': np.float64(0.684), 'speaker': 'SPEAKER_02'}, {'word': 'most', 'start': np.float64(553.016), 'end': np.float64(553.197), 'score': np.float64(0.746), 'speaker': 'SPEAKER_02'}, {'word': 'concerned', 'start': np.float64(553.257), 'end': np.float64(553.657), 'score': np.float64(0.828), 'speaker': 'SPEAKER_02'}, {'word': 'for', 'start': np.float64(553.697), 'end': np.float64(553.797), 'score': np.float64(0.907), 'speaker': 'SPEAKER_02'}, {'word': 'me', 'start': np.float64(553.858), 'end': np.float64(553.978), 'score': np.float64(0.73), 'speaker': 'SPEAKER_02'}, {'word': 'and', 'start': np.float64(554.038), 'end': np.float64(554.118), 'score': np.float64(0.891), 'speaker': 'SPEAKER_02'}, {'word': 'why?', 'start': np.float64(554.158), 'end': np.float64(555.019), 'score': np.float64(0.935), 'speaker': 'SPEAKER_02'}]",SPEAKER_02
555.505,562.659, When are you most concerned for me and why?,"[{'word': 'When', 'start': np.float64(555.505), 'end': np.float64(556.647), 'score': np.float64(0.583), 'speaker': 'SPEAKER_02'}, {'word': 'are', 'start': np.float64(556.767), 'end': np.float64(556.848), 'score': np.float64(0.963), 'speaker': 'SPEAKER_01'}, {'word': 'you', 'start': np.float64(556.888), 'end': np.float64(556.968), 'score': np.float64(0.909), 'speaker': 'SPEAKER_01'}, {'word': 'most', 'start': np.float64(557.108), 'end': np.float64(557.188), 'score': np.float64(0.402), 'speaker': 'SPEAKER_01'}, {'word': 'concerned', 'start': np.float64(557.248), 'end': np.float64(557.629), 'score': np.float64(0.674), 'speaker': 'SPEAKER_01'}, {'word': 'for', 'start': np.float64(557.669), 'end': np.float64(557.849), 'score': np.float64(0.525), 'speaker': 'SPEAKER_01'}, {'word': 'me', 'start': np.float64(557.89), 'end': np.float64(558.11), 'score': np.float64(0.768), 'speaker': 'SPEAKER_01'}, {'word': 'and', 'start': np.float64(558.431), 'end': np.float64(559.432), 'score': np.float64(0.74), 'speaker': 'SPEAKER_01'}, {'word': 'why?', 'start': np.float64(562.578), 'end': np.float64(562.659), 'score': np.float64(0.369), 'speaker': 'SPEAKER_01'}]",SPEAKER_01
564.282,572.417,"When you call me and you're really sad and you'll say I'm so lonely, I feel so alone.","[{'word': 'When', 'start': np.float64(564.282), 'end': np.float64(564.402), 'score': np.float64(0.527), 'speaker': 'SPEAKER_01'}, {'word': 'you', 'start': np.float64(564.442), 'end': np.float64(564.562), 'score': np.float64(0.578), 'speaker': 'SPEAKER_01'}, {'word': 'call', 'start': np.float64(564.602), 'end': np.float64(564.843), 'score': np.float64(0.919), 'speaker': 'SPEAKER_01'}, {'word': 'me', 'start': np.float64(564.903), 'end': np.float64(564.983), 'score': np.float64(0.946), 'speaker': 'SPEAKER_01'}, {'word': 'and', 'start': np.float64(565.063), 'end': np.float64(565.123), 'score': np.float64(0.988), 'speaker': 'SPEAKER_01'}, {'word': ""you're"", 'start': np.float64(565.143), 'end': np.float64(565.304), 'score': np.float64(0.905), 'speaker': 'SPEAKER_01'}, {'word': 'really', 'start': np.float64(565.324), 'end': np.float64(565.544), 'score': np.float64(0.851), 'speaker': 'SPEAKER_01'}, {'word': 'sad', 'start': np.float64(565.624), 'end': np.float64(565.985), 'score': np.float64(0.99), 'speaker': 'SPEAKER_01'}, {'word': 'and', 'start': np.float64(566.005), 'end': np.float64(566.065), 'score': np.float64(0.331), 'speaker': 'SPEAKER_01'}, {'word': ""you'll"", 'start': np.float64(567.488), 'end': np.float64(567.648), 'score': np.float64(0.964), 'speaker': 'SPEAKER_01'}, {'word': 'say', 'start': np.float64(567.668), 'end': np.float64(567.868), 'score': np.float64(0.467), 'speaker': 'SPEAKER_01'}, {'word': ""I'm"", 'start': np.float64(567.888), 'end': np.float64(567.949), 'score': np.float64(0.327), 'speaker': 'SPEAKER_01'}, {'word': 'so', 'start': np.float64(568.009), 'end': np.float64(568.169), 'score': np.float64(0.854), 'speaker': 'SPEAKER_01'}, {'word': 'lonely,', 'start': np.float64(568.229), 'end': np.float64(568.77), 'score': np.float64(0.939), 'speaker': 'SPEAKER_01'}, {'word': 'I', 'start': np.float64(568.79), 'end': np.float64(568.81), 'score': np.float64(1.0), 'speaker': 'SPEAKER_01'}, {'word': 'feel', 'start': np.float64(569.632), 'end': np.float64(569.812), 'score': np.float64(0.886), 'speaker': 'SPEAKER_01'}, {'word': 'so', 'start': np.float64(569.872), 'end': np.float64(570.033), 'score': np.float64(0.98), 'speaker': 'SPEAKER_01'}, {'word': 'alone.', 'start': np.float64(570.053), 'end': np.float64(572.417), 'score': np.float64(0.858), 'speaker': 'SPEAKER_01'}]",SPEAKER_01
576.059,580.772," It used to be when you have panic attacks, but now luckily that's not happening anymore.","[{'word': 'It', 'start': np.float64(576.059), 'end': np.float64(576.219), 'score': np.float64(0.696), 'speaker': 'SPEAKER_01'}, {'word': 'used', 'start': np.float64(576.28), 'end': np.float64(576.42), 'score': np.float64(0.89), 'speaker': 'SPEAKER_01'}, {'word': 'to', 'start': np.float64(576.44), 'end': np.float64(576.5), 'score': np.float64(0.75), 'speaker': 'SPEAKER_01'}, {'word': 'be', 'start': np.float64(576.54), 'end': np.float64(576.621), 'score': np.float64(0.989), 'speaker': 'SPEAKER_01'}, {'word': 'when', 'start': np.float64(576.661), 'end': np.float64(576.741), 'score': np.float64(0.877), 'speaker': 'SPEAKER_01'}, {'word': 'you', 'start': np.float64(576.781), 'end': np.float64(576.961), 'score': np.float64(0.819), 'speaker': 'SPEAKER_01'}, {'word': 'have', 'start': np.float64(577.322), 'end': np.float64(577.443), 'score': np.float64(0.953), 'speaker': 'SPEAKER_01'}, {'word': 'panic', 'start': np.float64(577.503), 'end': np.float64(577.804), 'score': np.float64(0.885), 'speaker': 'SPEAKER_01'}, {'word': 'attacks,', 'start': np.float64(577.864), 'end': np.float64(578.285), 'score': np.float64(0.972), 'speaker': 'SPEAKER_01'}, {'word': 'but', 'start': np.float64(578.325), 'end': np.float64(578.446), 'score': np.float64(0.984), 'speaker': 'SPEAKER_01'}, {'word': 'now', 'start': np.float64(578.486), 'end': np.float64(578.666), 'score': np.float64(0.748), 'speaker': 'SPEAKER_01'}, {'word': 'luckily', 'start': np.float64(578.726), 'end': np.float64(579.107), 'score': np.float64(0.927), 'speaker': 'SPEAKER_01'}, {'word': ""that's"", 'start': np.float64(579.147), 'end': np.float64(579.589), 'score': np.float64(0.909), 'speaker': 'SPEAKER_01'}, {'word': 'not', 'start': np.float64(579.629), 'end': np.float64(579.749), 'score': np.float64(0.82), 'speaker': 'SPEAKER_01'}, {'word': 'happening', 'start': np.float64(579.829), 'end': np.float64(580.271), 'score': np.float64(0.912), 'speaker': 'SPEAKER_01'}, {'word': 'anymore.', 'start': np.float64(580.351), 'end': np.float64(580.772), 'score': np.float64(0.895), 'speaker': 'SPEAKER_01'}]",SPEAKER_01
580.812,589.596,"But now it's more, you know, I feel so alone and I feel so sad.","[{'word': 'But', 'start': np.float64(580.812), 'end': np.float64(583.038), 'score': np.float64(0.942), 'speaker': 'SPEAKER_01'}, {'word': 'now', 'start': np.float64(583.62), 'end': np.float64(583.74), 'score': np.float64(0.784), 'speaker': 'SPEAKER_01'}, {'word': ""it's"", 'start': np.float64(583.82), 'end': np.float64(583.941), 'score': np.float64(0.606), 'speaker': 'SPEAKER_01'}, {'word': 'more,', 'start': np.float64(584.001), 'end': np.float64(584.261), 'score': np.float64(0.875), 'speaker': 'SPEAKER_01'}, {'word': 'you', 'start': np.float64(584.282), 'end': np.float64(584.342), 'score': np.float64(0.334), 'speaker': 'SPEAKER_01'}, {'word': 'know,', 'start': np.float64(584.642), 'end': np.float64(584.823), 'score': np.float64(0.319), 'speaker': 'SPEAKER_01'}, {'word': 'I', 'start': np.float64(584.943), 'end': np.float64(585.003), 'score': np.float64(0.997), 'speaker': 'SPEAKER_01'}, {'word': 'feel', 'start': np.float64(585.044), 'end': np.float64(585.244), 'score': np.float64(0.829), 'speaker': 'SPEAKER_01'}, {'word': 'so', 'start': np.float64(585.284), 'end': np.float64(585.465), 'score': np.float64(0.972), 'speaker': 'SPEAKER_01'}, {'word': 'alone', 'start': np.float64(585.525), 'end': np.float64(585.926), 'score': np.float64(0.896), 'speaker': 'SPEAKER_01'}, {'word': 'and', 'start': np.float64(585.946), 'end': np.float64(586.006), 'score': np.float64(0.333), 'speaker': 'SPEAKER_01'}, {'word': 'I', 'start': np.float64(586.447), 'end': np.float64(586.488), 'score': np.float64(0.912), 'speaker': 'SPEAKER_01'}, {'word': 'feel', 'start': np.float64(586.528), 'end': np.float64(586.728), 'score': np.float64(0.981), 'speaker': 'SPEAKER_01'}, {'word': 'so', 'start': np.float64(586.768), 'end': np.float64(586.929), 'score': np.float64(0.966), 'speaker': 'SPEAKER_01'}, {'word': 'sad.', 'start': np.float64(586.989), 'end': np.float64(589.596), 'score': np.float64(0.973), 'speaker': 'SPEAKER_01'}]",SPEAKER_01
590.977,592.5," It's not really worry, though.","[{'word': ""It's"", 'start': np.float64(590.977), 'end': np.float64(591.197), 'score': np.float64(0.702), 'speaker': 'SPEAKER_01'}, {'word': 'not', 'start': np.float64(591.238), 'end': np.float64(591.398), 'score': np.float64(0.927), 'speaker': 'SPEAKER_01'}, {'word': 'really', 'start': np.float64(591.498), 'end': np.float64(591.739), 'score': np.float64(0.883), 'speaker': 'SPEAKER_01'}, {'word': 'worry,', 'start': np.float64(591.779), 'end': np.float64(592.26), 'score': np.float64(0.919), 'speaker': 'SPEAKER_01'}, {'word': 'though.', 'start': np.float64(592.3), 'end': np.float64(592.5), 'score': np.float64(0.834), 'speaker': 'SPEAKER_01'}]",SPEAKER_01
592.54,593.963,It's more that I want to fix it.,"[{'word': ""It's"", 'start': np.float64(592.54), 'end': np.float64(592.641), 'score': np.float64(0.834), 'speaker': 'SPEAKER_01'}, {'word': 'more', 'start': np.float64(592.721), 'end': np.float64(592.921), 'score': np.float64(0.968), 'speaker': 'SPEAKER_01'}, {'word': 'that', 'start': np.float64(592.981), 'end': np.float64(593.122), 'score': np.float64(0.862), 'speaker': 'SPEAKER_01'}, {'word': 'I', 'start': np.float64(593.162), 'end': np.float64(593.182), 'score': np.float64(0.565), 'speaker': 'SPEAKER_01'}, {'word': 'want', 'start': np.float64(593.242), 'end': np.float64(593.382), 'score': np.float64(0.767), 'speaker': 'SPEAKER_01'}, {'word': 'to', 'start': np.float64(593.402), 'end': np.float64(593.482), 'score': np.float64(0.706), 'speaker': 'SPEAKER_01'}, {'word': 'fix', 'start': np.float64(593.522), 'end': np.float64(593.783), 'score': np.float64(0.9), 'speaker': 'SPEAKER_01'}, {'word': 'it.', 'start': np.float64(593.903), 'end': np.float64(593.963), 'score': np.float64(0.88), 'speaker': 'SPEAKER_01'}]",SPEAKER_01
594.024,596.509,I want to do something to take away your sadness.,"[{'word': 'I', 'start': np.float64(594.024), 'end': np.float64(594.464), 'score': np.float64(0.908), 'speaker': 'SPEAKER_01'}, {'word': 'want', 'start': np.float64(594.505), 'end': np.float64(594.645), 'score': np.float64(0.868), 'speaker': 'SPEAKER_01'}, {'word': 'to', 'start': np.float64(594.665), 'end': np.float64(594.745), 'score': np.float64(0.735), 'speaker': 'SPEAKER_01'}, {'word': 'do', 'start': np.float64(594.825), 'end': np.float64(594.925), 'score': np.float64(0.99), 'speaker': 'SPEAKER_01'}, {'word': 'something', 'start': np.float64(595.006), 'end': np.float64(595.306), 'score': np.float64(0.805), 'speaker': 'SPEAKER_01'}, {'word': 'to', 'start': np.float64(595.346), 'end': np.float64(595.407), 'score': np.float64(0.774), 'speaker': 'SPEAKER_01'}, {'word': 'take', 'start': np.float64(595.467), 'end': np.float64(595.647), 'score': np.float64(0.818), 'speaker': 'SPEAKER_01'}, {'word': 'away', 'start': np.float64(595.687), 'end': np.float64(595.827), 'score': np.float64(0.757), 'speaker': 'SPEAKER_01'}, {'word': 'your', 'start': np.float64(595.888), 'end': np.float64(595.988), 'score': np.float64(0.705), 'speaker': 'SPEAKER_01'}, {'word': 'sadness.', 'start': np.float64(596.028), 'end': np.float64(596.509), 'score': np.float64(0.907), 'speaker': 'SPEAKER_01'}]",SPEAKER_01
596.91,606.37,"Deb, for any parent, it's really hard, no matter how old your child is, just to feel you can't take away pain or help them.","[{'word': 'Deb,', 'start': np.float64(596.91), 'end': np.float64(597.17), 'score': np.float64(0.689), 'speaker': 'SPEAKER_01'}, {'word': 'for', 'start': np.float64(597.271), 'end': np.float64(597.371), 'score': np.float64(0.877), 'speaker': 'SPEAKER_01'}, {'word': 'any', 'start': np.float64(597.451), 'end': np.float64(597.591), 'score': np.float64(0.722), 'speaker': 'SPEAKER_01'}, {'word': 'parent,', 'start': np.float64(597.671), 'end': np.float64(598.112), 'score': np.float64(0.948), 'speaker': 'SPEAKER_01'}, {'word': ""it's"", 'start': np.float64(598.273), 'end': np.float64(598.413), 'score': np.float64(0.77), 'speaker': 'SPEAKER_01'}, {'word': 'really', 'start': np.float64(598.674), 'end': np.float64(599.094), 'score': np.float64(0.874), 'speaker': 'SPEAKER_01'}, {'word': 'hard,', 'start': np.float64(599.175), 'end': np.float64(599.575), 'score': np.float64(0.849), 'speaker': 'SPEAKER_01'}, {'word': 'no', 'start': np.float64(599.916), 'end': np.float64(599.996), 'score': np.float64(0.979), 'speaker': 'SPEAKER_00'}, {'word': 'matter', 'start': np.float64(600.016), 'end': np.float64(600.217), 'score': np.float64(0.812), 'speaker': 'SPEAKER_01'}, {'word': 'how', 'start': np.float64(600.257), 'end': np.float64(600.578), 'score': np.float64(0.76), 'speaker': 'SPEAKER_01'}, {'word': 'old', 'start': np.float64(600.698), 'end': np.float64(600.838), 'score': np.float64(0.707), 'speaker': 'SPEAKER_01'}, {'word': 'your', 'start': np.float64(600.878), 'end': np.float64(600.999), 'score': np.float64(0.916), 'speaker': 'SPEAKER_01'}, {'word': 'child', 'start': np.float64(601.039), 'end': np.float64(601.319), 'score': np.float64(0.81), 'speaker': 'SPEAKER_01'}, {'word': 'is,', 'start': np.float64(601.46), 'end': np.float64(601.58), 'score': np.float64(0.949), 'speaker': 'SPEAKER_01'}, {'word': 'just', 'start': np.float64(602.742), 'end': np.float64(602.963), 'score': np.float64(0.81), 'speaker': 'SPEAKER_01'}, {'word': 'to', 'start': np.float64(603.023), 'end': np.float64(603.123), 'score': np.float64(0.973), 'speaker': 'SPEAKER_01'}, {'word': 'feel', 'start': np.float64(603.243), 'end': np.float64(603.504), 'score': np.float64(0.884), 'speaker': 'SPEAKER_01'}, {'word': 'you', 'start': np.float64(603.564), 'end': np.float64(603.684), 'score': np.float64(0.725), 'speaker': 'SPEAKER_01'}, {'word': ""can't"", 'start': np.float64(603.764), 'end': np.float64(604.045), 'score': np.float64(0.722), 'speaker': 'SPEAKER_01'}, {'word': 'take', 'start': np.float64(604.105), 'end': np.float64(604.266), 'score': np.float64(0.772), 'speaker': 'SPEAKER_01'}, {'word': 'away', 'start': np.float64(604.306), 'end': np.float64(604.466), 'score': np.float64(0.673), 'speaker': 'SPEAKER_01'}, {'word': 'pain', 'start': np.float64(604.506), 'end': np.float64(604.947), 'score': np.float64(0.555), 'speaker': 'SPEAKER_01'}, {'word': 'or', 'start': np.float64(605.027), 'end': np.float64(605.087), 'score': np.float64(0.944), 'speaker': 'SPEAKER_01'}, {'word': 'help', 'start': np.float64(605.127), 'end': np.float64(605.408), 'score': np.float64(0.888), 'speaker': 'SPEAKER_01'}, {'word': 'them.', 'start': np.float64(605.468), 'end': np.float64(606.37), 'score': np.float64(0.936), 'speaker': 'SPEAKER_01'}]",SPEAKER_01
606.35,607.111, in some way.,"[{'word': 'in', 'start': np.float64(606.35), 'end': np.float64(606.57), 'score': np.float64(0.901), 'speaker': 'SPEAKER_01'}, {'word': 'some', 'start': np.float64(606.63), 'end': np.float64(606.811), 'score': np.float64(0.67), 'speaker': 'SPEAKER_01'}, {'word': 'way.', 'start': np.float64(606.871), 'end': np.float64(607.111), 'score': np.float64(0.9), 'speaker': 'SPEAKER_01'}]",SPEAKER_01
607.271,608.292,But you are helping me.,"[{'word': 'But', 'start': np.float64(607.271), 'end': np.float64(607.331), 'score': np.float64(0.133), 'speaker': 'SPEAKER_01'}, {'word': 'you', 'start': np.float64(607.351), 'end': np.float64(607.451), 'score': np.float64(0.609), 'speaker': 'SPEAKER_01'}, {'word': 'are', 'start': np.float64(607.591), 'end': np.float64(607.672), 'score': np.float64(0.883), 'speaker': 'SPEAKER_01'}, {'word': 'helping', 'start': np.float64(607.712), 'end': np.float64(608.072), 'score': np.float64(0.835), 'speaker': 'SPEAKER_01'}, {'word': 'me.', 'start': np.float64(608.132), 'end': np.float64(608.292), 'score': np.float64(0.909), 'speaker': 'SPEAKER_02'}]",SPEAKER_01
608.412,614.019,"That's what I want you to always see, like, I'm so lonely, I'm so sad, I'm calling you crying, but I'm calling you.","[{'word': ""That's"", 'start': np.float64(608.412), 'end': np.float64(608.573), 'score': np.float64(0.944), 'speaker': 'SPEAKER_02'}, {'word': 'what', 'start': np.float64(608.593), 'end': np.float64(608.713), 'score': np.float64(0.504), 'speaker': 'SPEAKER_02'}, {'word': 'I', 'start': np.float64(608.733), 'end': np.float64(608.773), 'score': np.float64(0.386), 'speaker': 'SPEAKER_02'}, {'word': 'want', 'start': np.float64(608.813), 'end': np.float64(608.993), 'score': np.float64(0.708), 'speaker': 'SPEAKER_02'}, {'word': 'you', 'start': np.float64(609.013), 'end': np.float64(609.113), 'score': np.float64(0.207), 'speaker': 'SPEAKER_02'}, {'word': 'to', 'start': np.float64(609.133), 'end': np.float64(609.193), 'score': np.float64(0.75), 'speaker': 'SPEAKER_02'}, {'word': 'always', 'start': np.float64(609.213), 'end': np.float64(609.394), 'score': np.float64(0.666), 'speaker': 'SPEAKER_02'}, {'word': 'see,', 'start': np.float64(609.454), 'end': np.float64(609.614), 'score': np.float64(0.975), 'speaker': 'SPEAKER_02'}, {'word': 'like,', 'start': np.float64(609.654), 'end': np.float64(609.814), 'score': np.float64(0.981), 'speaker': 'SPEAKER_02'}, {'word': ""I'm"", 'start': np.float64(610.355), 'end': np.float64(610.475), 'score': np.float64(0.963), 'speaker': 'SPEAKER_02'}, {'word': 'so', 'start': np.float64(610.535), 'end': np.float64(610.695), 'score': np.float64(0.87), 'speaker': 'SPEAKER_02'}, {'word': 'lonely,', 'start': np.float64(610.775), 'end': np.float64(611.116), 'score': np.float64(0.786), 'speaker': 'SPEAKER_02'}, {'word': ""I'm"", 'start': np.float64(611.156), 'end': np.float64(611.316), 'score': np.float64(0.636), 'speaker': 'SPEAKER_02'}, {'word': 'so', 'start': np.float64(611.376), 'end': np.float64(611.536), 'score': np.float64(0.81), 'speaker': 'SPEAKER_02'}, {'word': 'sad,', 'start': np.float64(611.596), 'end': np.float64(611.877), 'score': np.float64(0.914), 'speaker': 'SPEAKER_02'}, {'word': ""I'm"", 'start': np.float64(611.917), 'end': np.float64(612.037), 'score': np.float64(0.701), 'speaker': 'SPEAKER_02'}, {'word': 'calling', 'start': np.float64(612.077), 'end': np.float64(612.357), 'score': np.float64(0.933), 'speaker': 'SPEAKER_02'}, {'word': 'you', 'start': np.float64(612.397), 'end': np.float64(612.477), 'score': np.float64(0.958), 'speaker': 'SPEAKER_02'}, {'word': 'crying,', 'start': np.float64(612.517), 'end': np.float64(612.898), 'score': np.float64(0.838), 'speaker': 'SPEAKER_02'}, {'word': 'but', 'start': np.float64(613.138), 'end': np.float64(613.218), 'score': np.float64(0.99), 'speaker': 'SPEAKER_02'}, {'word': ""I'm"", 'start': np.float64(613.238), 'end': np.float64(613.358), 'score': np.float64(0.829), 'speaker': 'SPEAKER_02'}, {'word': 'calling', 'start': np.float64(613.398), 'end': np.float64(613.739), 'score': np.float64(0.941), 'speaker': 'SPEAKER_02'}, {'word': 'you.', 'start': np.float64(613.779), 'end': np.float64(614.019), 'score': np.float64(0.82), 'speaker': 'SPEAKER_02'}]",SPEAKER_02
614.039,614.78,Right.,"[{'word': 'Right.', 'start': np.float64(614.039), 'end': np.float64(614.78), 'score': np.float64(0.32), 'speaker': 'SPEAKER_02'}]",SPEAKER_02
614.84,620.507,"Because literally just your presence and your ability to just listen to me and to just be, not fix it.","[{'word': 'Because', 'start': np.float64(614.84), 'end': np.float64(614.98), 'score': np.float64(0.259), 'speaker': 'SPEAKER_01'}, {'word': 'literally', 'start': np.float64(615.04), 'end': np.float64(615.361), 'score': np.float64(0.806), 'speaker': 'SPEAKER_02'}, {'word': 'just', 'start': np.float64(615.441), 'end': np.float64(615.621), 'score': np.float64(0.937), 'speaker': 'SPEAKER_02'}, {'word': 'your', 'start': np.float64(615.641), 'end': np.float64(615.821), 'score': np.float64(0.808), 'speaker': 'SPEAKER_02'}, {'word': 'presence', 'start': np.float64(615.921), 'end': np.float64(616.362), 'score': np.float64(0.89), 'speaker': 'SPEAKER_02'}, {'word': 'and', 'start': np.float64(616.422), 'end': np.float64(616.482), 'score': np.float64(0.835), 'speaker': 'SPEAKER_02'}, {'word': 'your', 'start': np.float64(616.522), 'end': np.float64(616.662), 'score': np.float64(0.97), 'speaker': 'SPEAKER_02'}, {'word': 'ability', 'start': np.float64(616.702), 'end': np.float64(617.103), 'score': np.float64(0.823), 'speaker': 'SPEAKER_02'}, {'word': 'to', 'start': np.float64(617.123), 'end': np.float64(617.223), 'score': np.float64(0.832), 'speaker': 'SPEAKER_02'}, {'word': 'just', 'start': np.float64(617.283), 'end': np.float64(617.423), 'score': np.float64(0.996), 'speaker': 'SPEAKER_02'}, {'word': 'listen', 'start': np.float64(617.603), 'end': np.float64(617.984), 'score': np.float64(0.929), 'speaker': 'SPEAKER_02'}, {'word': 'to', 'start': np.float64(618.024), 'end': np.float64(618.104), 'score': np.float64(0.778), 'speaker': 'SPEAKER_02'}, {'word': 'me', 'start': np.float64(618.164), 'end': np.float64(618.304), 'score': np.float64(0.823), 'speaker': 'SPEAKER_02'}, {'word': 'and', 'start': np.float64(618.324), 'end': np.float64(618.384), 'score': np.float64(0.333), 'speaker': 'SPEAKER_02'}, {'word': 'to', 'start': np.float64(618.985), 'end': np.float64(619.085), 'score': np.float64(0.923), 'speaker': 'SPEAKER_02'}, {'word': 'just', 'start': np.float64(619.125), 'end': np.float64(619.265), 'score': np.float64(0.989), 'speaker': 'SPEAKER_02'}, {'word': 'be,', 'start': np.float64(619.365), 'end': np.float64(619.666), 'score': np.float64(0.899), 'speaker': 'SPEAKER_02'}, {'word': 'not', 'start': np.float64(619.786), 'end': np.float64(619.966), 'score': np.float64(0.639), 'speaker': 'SPEAKER_02'}, {'word': 'fix', 'start': np.float64(620.046), 'end': np.float64(620.326), 'score': np.float64(0.905), 'speaker': 'SPEAKER_01'}, {'word': 'it.', 'start': np.float64(620.447), 'end': np.float64(620.507), 'score': np.float64(0.893), 'speaker': 'SPEAKER_01'}]",SPEAKER_02
621.127,627.615,"Well, that's what I have to remember because sometimes I'll start saying, well, call this person, do that, do this, and then you go, Mom,","[{'word': 'Well,', 'start': np.float64(621.127), 'end': np.float64(621.288), 'score': np.float64(0.909), 'speaker': 'SPEAKER_01'}, {'word': ""that's"", 'start': np.float64(621.308), 'end': np.float64(621.468), 'score': np.float64(0.995), 'speaker': 'SPEAKER_01'}, {'word': 'what', 'start': np.float64(621.488), 'end': np.float64(621.588), 'score': np.float64(0.858), 'speaker': 'SPEAKER_01'}, {'word': 'I', 'start': np.float64(621.608), 'end': np.float64(621.628), 'score': np.float64(0.029), 'speaker': 'SPEAKER_01'}, {'word': 'have', 'start': np.float64(621.688), 'end': np.float64(621.788), 'score': np.float64(0.372), 'speaker': 'SPEAKER_01'}, {'word': 'to', 'start': np.float64(621.808), 'end': np.float64(621.868), 'score': np.float64(0.857), 'speaker': 'SPEAKER_01'}, {'word': 'remember', 'start': np.float64(621.908), 'end': np.float64(622.289), 'score': np.float64(0.876), 'speaker': 'SPEAKER_01'}, {'word': 'because', 'start': np.float64(622.469), 'end': np.float64(622.629), 'score': np.float64(0.263), 'speaker': 'SPEAKER_01'}, {'word': 'sometimes', 'start': np.float64(623.07), 'end': np.float64(623.45), 'score': np.float64(0.861), 'speaker': 'SPEAKER_01'}, {'word': ""I'll"", 'start': np.float64(623.53), 'end': np.float64(623.63), 'score': np.float64(0.136), 'speaker': 'SPEAKER_01'}, {'word': 'start', 'start': np.float64(623.65), 'end': np.float64(623.911), 'score': np.float64(0.675), 'speaker': 'SPEAKER_01'}, {'word': 'saying,', 'start': np.float64(623.991), 'end': np.float64(624.131), 'score': np.float64(0.416), 'speaker': 'SPEAKER_01'}, {'word': 'well,', 'start': np.float64(624.151), 'end': np.float64(624.571), 'score': np.float64(0.887), 'speaker': 'SPEAKER_01'}, {'word': 'call', 'start': np.float64(624.591), 'end': np.float64(624.752), 'score': np.float64(0.869), 'speaker': 'SPEAKER_01'}, {'word': 'this', 'start': np.float64(624.792), 'end': np.float64(624.912), 'score': np.float64(0.784), 'speaker': 'SPEAKER_01'}, {'word': 'person,', 'start': np.float64(624.952), 'end': np.float64(625.232), 'score': np.float64(0.946), 'speaker': 'SPEAKER_01'}, {'word': 'do', 'start': np.float64(625.252), 'end': np.float64(625.452), 'score': np.float64(0.678), 'speaker': 'SPEAKER_01'}, {'word': 'that,', 'start': np.float64(625.513), 'end': np.float64(625.853), 'score': np.float64(0.58), 'speaker': 'SPEAKER_01'}, {'word': 'do', 'start': np.float64(625.873), 'end': np.float64(625.913), 'score': np.float64(0.19), 'speaker': 'SPEAKER_01'}, {'word': 'this,', 'start': np.float64(625.933), 'end': np.float64(626.093), 'score': np.float64(0.291), 'speaker': 'SPEAKER_01'}, {'word': 'and', 'start': np.float64(626.113), 'end': np.float64(626.193), 'score': np.float64(0.275), 'speaker': 'SPEAKER_01'}, {'word': 'then', 'start': np.float64(626.313), 'end': np.float64(626.394), 'score': np.float64(0.002), 'speaker': 'SPEAKER_01'}, {'word': 'you', 'start': np.float64(626.414), 'end': np.float64(626.494), 'score': np.float64(0.418), 'speaker': 'SPEAKER_01'}, {'word': 'go,', 'start': np.float64(626.514), 'end': np.float64(627.114), 'score': np.float64(0.798), 'speaker': 'SPEAKER_01'}, {'word': 'Mom,', 'start': np.float64(627.535), 'end': np.float64(627.615), 'score': np.float64(0.25)}]",SPEAKER_01
627.73,629.612, Take a breath.,"[{'word': 'Take', 'start': np.float64(627.73), 'end': np.float64(627.97), 'score': np.float64(0.793), 'speaker': 'SPEAKER_01'}, {'word': 'a', 'start': np.float64(628.01), 'end': np.float64(628.03), 'score': np.float64(0.68), 'speaker': 'SPEAKER_01'}, {'word': 'breath.', 'start': np.float64(628.07), 'end': np.float64(629.612), 'score': np.float64(0.805), 'speaker': 'SPEAKER_01'}]",SPEAKER_01
630.393,631.575,Just listen to me.,"[{'word': 'Just', 'start': np.float64(630.393), 'end': np.float64(630.654), 'score': np.float64(0.907), 'speaker': 'SPEAKER_02'}, {'word': 'listen', 'start': np.float64(630.774), 'end': np.float64(631.154), 'score': np.float64(0.865), 'speaker': 'SPEAKER_02'}, {'word': 'to', 'start': np.float64(631.174), 'end': np.float64(631.214), 'score': np.float64(0.492), 'speaker': 'SPEAKER_02'}, {'word': 'me.', 'start': np.float64(631.395), 'end': np.float64(631.575), 'score': np.float64(0.858), 'speaker': 'SPEAKER_02'}]",SPEAKER_02
631.775,633.137,I don't need you to be a fixer.,"[{'word': 'I', 'start': np.float64(631.775), 'end': np.float64(631.795), 'score': np.float64(0.984), 'speaker': 'SPEAKER_02'}, {'word': ""don't"", 'start': np.float64(631.835), 'end': np.float64(631.995), 'score': np.float64(0.776), 'speaker': 'SPEAKER_02'}, {'word': 'need', 'start': np.float64(632.055), 'end': np.float64(632.236), 'score': np.float64(0.941), 'speaker': 'SPEAKER_02'}, {'word': 'you', 'start': np.float64(632.276), 'end': np.float64(632.376), 'score': np.float64(0.549), 'speaker': 'SPEAKER_02'}, {'word': 'to', 'start': np.float64(632.416), 'end': np.float64(632.476), 'score': np.float64(0.743), 'speaker': 'SPEAKER_02'}, {'word': 'be', 'start': np.float64(632.536), 'end': np.float64(632.636), 'score': np.float64(0.954), 'speaker': 'SPEAKER_02'}, {'word': 'a', 'start': np.float64(632.676), 'end': np.float64(632.696), 'score': np.float64(0.971), 'speaker': 'SPEAKER_02'}, {'word': 'fixer.', 'start': np.float64(632.756), 'end': np.float64(633.137), 'score': np.float64(0.985), 'speaker': 'SPEAKER_02'}]",SPEAKER_02
633.197,634.459,I need you to just be support.,"[{'word': 'I', 'start': np.float64(633.197), 'end': np.float64(633.277), 'score': np.float64(0.726), 'speaker': 'SPEAKER_02'}, {'word': 'need', 'start': np.float64(633.317), 'end': np.float64(633.477), 'score': np.float64(0.869), 'speaker': 'SPEAKER_02'}, {'word': 'you', 'start': np.float64(633.517), 'end': np.float64(633.597), 'score': np.float64(0.994), 'speaker': 'SPEAKER_02'}, {'word': 'to', 'start': np.float64(633.617), 'end': np.float64(633.657), 'score': np.float64(0.577), 'speaker': 'SPEAKER_02'}, {'word': 'just', 'start': np.float64(633.718), 'end': np.float64(633.858), 'score': np.float64(0.982), 'speaker': 'SPEAKER_02'}, {'word': 'be', 'start': np.float64(633.898), 'end': np.float64(634.018), 'score': np.float64(0.955), 'speaker': 'SPEAKER_02'}, {'word': 'support.', 'start': np.float64(634.058), 'end': np.float64(634.459), 'score': np.float64(0.909), 'speaker': 'SPEAKER_02'}]",SPEAKER_02
634.499,635.44,I need you to be an ear.,"[{'word': 'I', 'start': np.float64(634.499), 'end': np.float64(634.559), 'score': np.float64(0.362), 'speaker': 'SPEAKER_02'}, {'word': 'need', 'start': np.float64(634.579), 'end': np.float64(634.679), 'score': np.float64(0.313), 'speaker': 'SPEAKER_02'}, {'word': 'you', 'start': np.float64(634.699), 'end': np.float64(634.779), 'score': np.float64(0.839), 'speaker': 'SPEAKER_02'}, {'word': 'to', 'start': np.float64(634.799), 'end': np.float64(634.839), 'score': np.float64(0.307), 'speaker': 'SPEAKER_02'}, {'word': 'be', 'start': np.float64(634.879), 'end': np.float64(634.979), 'score': np.float64(0.678), 'speaker': 'SPEAKER_02'}, {'word': 'an', 'start': np.float64(635.019), 'end': np.float64(635.059), 'score': np.float64(0.922), 'speaker': 'SPEAKER_02'}, {'word': 'ear.', 'start': np.float64(635.239), 'end': np.float64(635.44), 'score': np.float64(0.932), 'speaker': 'SPEAKER_02'}]",SPEAKER_02
636.201,639.885,"I just need your heart, your energy, the warmth you have as being my mom.","[{'word': 'I', 'start': np.float64(636.201), 'end': np.float64(636.281), 'score': np.float64(0.933), 'speaker': 'SPEAKER_02'}, {'word': 'just', 'start': np.float64(636.321), 'end': np.float64(636.401), 'score': np.float64(0.983), 'speaker': 'SPEAKER_02'}, {'word': 'need', 'start': np.float64(636.441), 'end': np.float64(636.561), 'score': np.float64(0.757), 'speaker': 'SPEAKER_02'}, {'word': 'your', 'start': np.float64(636.581), 'end': np.float64(636.721), 'score': np.float64(0.825), 'speaker': 'SPEAKER_02'}, {'word': 'heart,', 'start': np.float64(636.781), 'end': np.float64(637.022), 'score': np.float64(0.836), 'speaker': 'SPEAKER_02'}, {'word': 'your', 'start': np.float64(637.082), 'end': np.float64(637.222), 'score': np.float64(0.842), 'speaker': 'SPEAKER_02'}, {'word': 'energy,', 'start': np.float64(637.302), 'end': np.float64(637.823), 'score': np.float64(0.917), 'speaker': 'SPEAKER_02'}, {'word': 'the', 'start': np.float64(638.043), 'end': np.float64(638.123), 'score': np.float64(0.681), 'speaker': 'SPEAKER_02'}, {'word': 'warmth', 'start': np.float64(638.183), 'end': np.float64(638.484), 'score': np.float64(0.73), 'speaker': 'SPEAKER_02'}, {'word': 'you', 'start': np.float64(638.504), 'end': np.float64(638.644), 'score': np.float64(0.73), 'speaker': 'SPEAKER_02'}, {'word': 'have', 'start': np.float64(638.684), 'end': np.float64(638.904), 'score': np.float64(0.945), 'speaker': 'SPEAKER_02'}, {'word': 'as', 'start': np.float64(638.964), 'end': np.float64(639.024), 'score': np.float64(0.651), 'speaker': 'SPEAKER_02'}, {'word': 'being', 'start': np.float64(639.084), 'end': np.float64(639.305), 'score': np.float64(0.809), 'speaker': 'SPEAKER_02'}, {'word': 'my', 'start': np.float64(639.365), 'end': np.float64(639.485), 'score': np.float64(0.914), 'speaker': 'SPEAKER_02'}, {'word': 'mom.', 'start': np.float64(639.525), 'end': np.float64(639.885), 'score': np.float64(0.89), 'speaker': 'SPEAKER_02'}]",SPEAKER_02
640.106,640.386,Yeah.,"[{'word': 'Yeah.', 'start': np.float64(640.106), 'end': np.float64(640.386), 'score': np.float64(0.598), 'speaker': 'SPEAKER_02'}]",SPEAKER_02
640.486,640.807,Yeah.,"[{'word': 'Yeah.', 'start': np.float64(640.486), 'end': np.float64(640.807), 'score': np.float64(0.684), 'speaker': 'SPEAKER_02'}]",SPEAKER_02
640.887,642.088,That's a really good lesson for me.,"[{'word': ""That's"", 'start': np.float64(640.887), 'end': np.float64(641.027), 'score': np.float64(0.967), 'speaker': 'SPEAKER_02'}, {'word': 'a', 'start': np.float64(641.067), 'end': np.float64(641.107), 'score': np.float64(0.456), 'speaker': 'SPEAKER_02'}, {'word': 'really', 'start': np.float64(641.127), 'end': np.float64(641.327), 'score': np.float64(0.398), 'speaker': 'SPEAKER_02'}, {'word': 'good', 'start': np.float64(641.347), 'end': np.float64(641.427), 'score': np.float64(0.248), 'speaker': 'SPEAKER_02'}, {'word': 'lesson', 'start': np.float64(641.447), 'end': np.float64(641.748), 'score': np.float64(0.973), 'speaker': 'SPEAKER_02'}, {'word': 'for', 'start': np.float64(641.788), 'end': np.float64(641.908), 'score': np.float64(0.838), 'speaker': 'SPEAKER_02'}, {'word': 'me.', 'start': np.float64(641.928), 'end': np.float64(642.088), 'score': np.float64(0.78), 'speaker': 'SPEAKER_02'}]",SPEAKER_02
642.108,642.409,Yeah.,"[{'word': 'Yeah.', 'start': np.float64(642.108), 'end': np.float64(642.409), 'score': np.float64(0.765), 'speaker': 'SPEAKER_01'}]",SPEAKER_01
643.43,643.67,Yeah.,"[{'word': 'Yeah.', 'start': np.float64(643.43), 'end': np.float64(643.67), 'score': np.float64(0.645), 'speaker': 'SPEAKER_01'}]",SPEAKER_01
644.011,647.415,"So while I'm helping you, I'm learning something.","[{'word': 'So', 'start': np.float64(644.011), 'end': np.float64(644.151), 'score': np.float64(0.546), 'speaker': 'SPEAKER_01'}, {'word': 'while', 'start': np.float64(644.171), 'end': np.float64(644.311), 'score': np.float64(0.492), 'speaker': 'SPEAKER_01'}, {'word': ""I'm"", 'start': np.float64(644.351), 'end': np.float64(644.431), 'score': np.float64(0.767), 'speaker': 'SPEAKER_01'}, {'word': 'helping', 'start': np.float64(644.491), 'end': np.float64(644.772), 'score': np.float64(0.925), 'speaker': 'SPEAKER_01'}, {'word': 'you,', 'start': np.float64(644.832), 'end': np.float64(645.092), 'score': np.float64(0.98), 'speaker': 'SPEAKER_01'}, {'word': ""I'm"", 'start': np.float64(645.533), 'end': np.float64(645.633), 'score': np.float64(0.827), 'speaker': 'SPEAKER_01'}, {'word': 'learning', 'start': np.float64(645.733), 'end': np.float64(646.013), 'score': np.float64(0.855), 'speaker': 'SPEAKER_01'}, {'word': 'something.', 'start': np.float64(647.215), 'end': np.float64(647.415), 'score': np.float64(0.001), 'speaker': 'SPEAKER_01'}]",SPEAKER_01
647.435,648.917,"Hey, we're a two-way street.","[{'word': 'Hey,', 'start': np.float64(647.435), 'end': np.float64(647.595), 'score': np.float64(0.877), 'speaker': 'SPEAKER_01'}, {'word': ""we're"", 'start': np.float64(647.755), 'end': np.float64(647.916), 'score': np.float64(0.258), 'speaker': 'SPEAKER_01'}, {'word': 'a', 'start': np.float64(647.956), 'end': np.float64(648.016), 'score': np.float64(0.489), 'speaker': 'SPEAKER_01'}, {'word': 'two-way', 'start': np.float64(648.056), 'end': np.float64(648.436), 'score': np.float64(0.854), 'speaker': 'SPEAKER_01'}, {'word': 'street.', 'start': np.float64(648.456), 'end': np.float64(648.917), 'score': np.float64(0.791), 'speaker': 'SPEAKER_01'}]",SPEAKER_01
649.057,649.417,I know.,"[{'word': 'I', 'start': np.float64(649.057), 'end': np.float64(649.137), 'score': np.float64(0.842), 'speaker': 'SPEAKER_01'}, {'word': 'know.', 'start': np.float64(649.177), 'end': np.float64(649.417), 'score': np.float64(0.96), 'speaker': 'SPEAKER_01'}]",SPEAKER_01
650.539,651.18,"Oh, OK.","[{'word': 'Oh,', 'start': np.float64(650.539), 'end': np.float64(650.639), 'score': np.float64(0.916), 'speaker': 'SPEAKER_01'}, {'word': 'OK.', 'start': np.float64(650.879), 'end': np.float64(651.18), 'score': np.float64(0.698), 'speaker': 'SPEAKER_01'}]",SPEAKER_01
651.62,655.425,What's the pain in me you wish you could heal and why?,"[{'word': ""What's"", 'start': np.float64(651.62), 'end': np.float64(651.861), 'score': np.float64(0.898), 'speaker': 'SPEAKER_01'}, {'word': 'the', 'start': np.float64(651.901), 'end': np.float64(652.041), 'score': np.float64(0.669), 'speaker': 'SPEAKER_01'}, {'word': 'pain', 'start': np.float64(652.101), 'end': np.float64(652.501), 'score': np.float64(0.813), 'speaker': 'SPEAKER_01'}, {'word': 'in', 'start': np.float64(652.561), 'end': np.float64(652.642), 'score': np.float64(0.984), 'speaker': 'SPEAKER_01'}, {'word': 'me', 'start': np.float64(652.702), 'end': np.float64(652.922), 'score': np.float64(0.925), 'speaker': 'SPEAKER_01'}, {'word': 'you', 'start': np.float64(652.982), 'end': np.float64(653.062), 'score': np.float64(0.287), 'speaker': 'SPEAKER_01'}, {'word': 'wish', 'start': np.float64(653.162), 'end': np.float64(653.362), 'score': np.float64(0.943), 'speaker': 'SPEAKER_01'}, {'word': 'you', 'start': np.float64(653.402), 'end': np.float64(653.503), 'score': np.float64(0.947), 'speaker': 'SPEAKER_01'}, {'word': 'could', 'start': np.float64(653.543), 'end': np.float64(653.683), 'score': np.float64(0.685), 'speaker': 'SPEAKER_01'}, {'word': 'heal', 'start': np.float64(653.763), 'end': np.float64(654.123), 'score': np.float64(0.837), 'speaker': 'SPEAKER_01'}, {'word': 'and', 'start': np.float64(654.163), 'end': np.float64(654.724), 'score': np.float64(0.867), 'speaker': 'SPEAKER_01'}, {'word': 'why?', 'start': np.float64(654.784), 'end': np.float64(655.425), 'score': np.float64(0.813), 'speaker': 'SPEAKER_01'}]",SPEAKER_01
659.118,659.919, There's so much.,"[{'word': ""There's"", 'start': np.float64(659.118), 'end': np.float64(659.378), 'score': np.float64(0.562), 'speaker': 'SPEAKER_02'}, {'word': 'so', 'start': np.float64(659.418), 'end': np.float64(659.579), 'score': np.float64(0.988), 'speaker': 'SPEAKER_02'}, {'word': 'much.', 'start': np.float64(659.639), 'end': np.float64(659.919), 'score': np.float64(0.797), 'speaker': 'SPEAKER_02'}]",SPEAKER_02
663.042,666.166,"Definitely in your childhood, losing your mom.","[{'word': 'Definitely', 'start': np.float64(663.042), 'end': np.float64(663.303), 'score': np.float64(0.143), 'speaker': 'SPEAKER_02'}, {'word': 'in', 'start': np.float64(663.323), 'end': np.float64(663.403), 'score': np.float64(0.734), 'speaker': 'SPEAKER_02'}, {'word': 'your', 'start': np.float64(663.443), 'end': np.float64(663.543), 'score': np.float64(0.95), 'speaker': 'SPEAKER_02'}, {'word': 'childhood,', 'start': np.float64(663.583), 'end': np.float64(664.144), 'score': np.float64(0.818), 'speaker': 'SPEAKER_02'}, {'word': 'losing', 'start': np.float64(665.365), 'end': np.float64(665.625), 'score': np.float64(0.941), 'speaker': 'SPEAKER_02'}, {'word': 'your', 'start': np.float64(665.665), 'end': np.float64(665.786), 'score': np.float64(0.833), 'speaker': 'SPEAKER_02'}, {'word': 'mom.', 'start': np.float64(665.806), 'end': np.float64(666.166), 'score': np.float64(0.942), 'speaker': 'SPEAKER_02'}]",SPEAKER_02
667.067,669.229,That's something that I feel.,"[{'word': ""That's"", 'start': np.float64(667.067), 'end': np.float64(667.247), 'score': np.float64(0.857), 'speaker': 'SPEAKER_02'}, {'word': 'something', 'start': np.float64(667.287), 'end': np.float64(667.588), 'score': np.float64(0.774), 'speaker': 'SPEAKER_02'}, {'word': 'that', 'start': np.float64(667.628), 'end': np.float64(667.768), 'score': np.float64(0.852), 'speaker': 'SPEAKER_02'}, {'word': 'I', 'start': np.float64(667.908), 'end': np.float64(668.048), 'score': np.float64(0.421), 'speaker': 'SPEAKER_02'}, {'word': 'feel.', 'start': np.float64(668.929), 'end': np.float64(669.229), 'score': np.float64(0.854), 'speaker': 'SPEAKER_02'}]",SPEAKER_02
669.41,674.616,You know how they say generational trauma?,"[{'word': 'You', 'start': np.float64(669.41), 'end': np.float64(669.51), 'score': np.float64(0.825), 'speaker': 'SPEAKER_02'}, {'word': 'know', 'start': np.float64(669.55), 'end': np.float64(669.65), 'score': np.float64(0.527), 'speaker': 'SPEAKER_02'}, {'word': 'how', 'start': np.float64(669.67), 'end': np.float64(669.73), 'score': np.float64(0.0), 'speaker': 'SPEAKER_02'}, {'word': 'they', 'start': np.float64(669.75), 'end': np.float64(669.89), 'score': np.float64(0.917), 'speaker': 'SPEAKER_02'}, {'word': 'say', 'start': np.float64(669.97), 'end': np.float64(670.211), 'score': np.float64(0.84), 'speaker': 'SPEAKER_02'}, {'word': 'generational', 'start': np.float64(672.153), 'end': np.float64(672.834), 'score': np.float64(0.908), 'speaker': 'SPEAKER_02'}, {'word': 'trauma?', 'start': np.float64(672.874), 'end': np.float64(674.616), 'score': np.float64(0.882), 'speaker': 'SPEAKER_02'}]",SPEAKER_02
674.956,677.679,I feel the pain of the loss of your mom.,"[{'word': 'I', 'start': np.float64(674.956), 'end': np.float64(675.036), 'score': np.float64(0.997), 'speaker': 'SPEAKER_02'}, {'word': 'feel', 'start': np.float64(675.216), 'end': np.float64(675.657), 'score': np.float64(0.787), 'speaker': 'SPEAKER_02'}, {'word': 'the', 'start': np.float64(675.697), 'end': np.float64(676.197), 'score': np.float64(0.837), 'speaker': 'SPEAKER_02'}, {'word': 'pain', 'start': np.float64(676.257), 'end': np.float64(676.538), 'score': np.float64(0.836), 'speaker': 'SPEAKER_02'}, {'word': 'of', 'start': np.float64(676.578), 'end': np.float64(676.638), 'score': np.float64(0.952), 'speaker': 'SPEAKER_02'}, {'word': 'the', 'start': np.float64(676.678), 'end': np.float64(676.758), 'score': np.float64(0.813), 'speaker': 'SPEAKER_02'}, {'word': 'loss', 'start': np.float64(676.818), 'end': np.float64(677.038), 'score': np.float64(0.828), 'speaker': 'SPEAKER_02'}, {'word': 'of', 'start': np.float64(677.098), 'end': np.float64(677.138), 'score': np.float64(1.0), 'speaker': 'SPEAKER_02'}, {'word': 'your', 'start': np.float64(677.178), 'end': np.float64(677.319), 'score': np.float64(0.74), 'speaker': 'SPEAKER_02'}, {'word': 'mom.', 'start': np.float64(677.339), 'end': np.float64(677.679), 'score': np.float64(0.901), 'speaker': 'SPEAKER_02'}]",SPEAKER_02
677.839,686.509,"Losing her twice, I mean, to her first brain aneurysm, and then living with a different mom, and then losing her in your 20s.","[{'word': 'Losing', 'start': np.float64(677.839), 'end': np.float64(678.12), 'score': np.float64(0.621), 'speaker': 'SPEAKER_02'}, {'word': 'her', 'start': np.float64(678.16), 'end': np.float64(678.26), 'score': np.float64(0.9), 'speaker': 'SPEAKER_02'}, {'word': 'twice,', 'start': np.float64(678.32), 'end': np.float64(678.78), 'score': np.float64(0.793), 'speaker': 'SPEAKER_02'}, {'word': 'I', 'start': np.float64(678.86), 'end': np.float64(678.9), 'score': np.float64(0.943), 'speaker': 'SPEAKER_02'}, {'word': 'mean,', 'start': np.float64(678.94), 'end': np.float64(679.121), 'score': np.float64(0.782), 'speaker': 'SPEAKER_02'}, {'word': 'to', 'start': np.float64(679.221), 'end': np.float64(679.501), 'score': np.float64(0.924), 'speaker': 'SPEAKER_02'}, {'word': 'her', 'start': np.float64(680.262), 'end': np.float64(680.362), 'score': np.float64(0.615), 'speaker': 'SPEAKER_02'}, {'word': 'first', 'start': np.float64(680.422), 'end': np.float64(680.642), 'score': np.float64(0.908), 'speaker': 'SPEAKER_02'}, {'word': 'brain', 'start': np.float64(680.682), 'end': np.float64(680.923), 'score': np.float64(0.698), 'speaker': 'SPEAKER_02'}, {'word': 'aneurysm,', 'start': np.float64(680.943), 'end': np.float64(681.543), 'score': np.float64(0.855), 'speaker': 'SPEAKER_02'}, {'word': 'and', 'start': np.float64(681.804), 'end': np.float64(681.904), 'score': np.float64(0.837), 'speaker': 'SPEAKER_02'}, {'word': 'then', 'start': np.float64(681.924), 'end': np.float64(682.044), 'score': np.float64(0.967), 'speaker': 'SPEAKER_02'}, {'word': 'living', 'start': np.float64(682.084), 'end': np.float64(682.324), 'score': np.float64(0.908), 'speaker': 'SPEAKER_02'}, {'word': 'with', 'start': np.float64(682.364), 'end': np.float64(682.464), 'score': np.float64(0.92), 'speaker': 'SPEAKER_02'}, {'word': 'a', 'start': np.float64(682.525), 'end': np.float64(682.545), 'score': np.float64(0.984), 'speaker': 'SPEAKER_02'}, {'word': 'different', 'start': np.float64(682.625), 'end': np.float64(682.925), 'score': np.float64(0.897), 'speaker': 'SPEAKER_02'}, {'word': 'mom,', 'start': np.float64(682.965), 'end': np.float64(683.345), 'score': np.float64(0.931), 'speaker': 'SPEAKER_02'}, {'word': 'and', 'start': np.float64(684.186), 'end': np.float64(684.287), 'score': np.float64(0.93), 'speaker': 'SPEAKER_02'}, {'word': 'then', 'start': np.float64(684.327), 'end': np.float64(684.487), 'score': np.float64(0.85), 'speaker': 'SPEAKER_02'}, {'word': 'losing', 'start': np.float64(684.567), 'end': np.float64(684.867), 'score': np.float64(0.726), 'speaker': 'SPEAKER_02'}, {'word': 'her', 'start': np.float64(684.907), 'end': np.float64(685.007), 'score': np.float64(0.957), 'speaker': 'SPEAKER_02'}, {'word': 'in', 'start': np.float64(685.047), 'end': np.float64(685.087), 'score': np.float64(0.996), 'speaker': 'SPEAKER_02'}, {'word': 'your', 'start': np.float64(685.127), 'end': np.float64(685.248), 'score': np.float64(0.668), 'speaker': 'SPEAKER_02'}, {'word': '20s.', 'start': np.float64(685.268), 'end': np.float64(686.509), 'score': np.float64(0.86), 'speaker': 'SPEAKER_02'}]",SPEAKER_02
686.489,691.878," permanently, just like you experience so much trauma at such a young age.","[{'word': 'permanently,', 'start': np.float64(686.489), 'end': np.float64(687.21), 'score': np.float64(0.849), 'speaker': 'SPEAKER_02'}, {'word': 'just', 'start': np.float64(687.25), 'end': np.float64(688.592), 'score': np.float64(0.648), 'speaker': 'SPEAKER_02'}, {'word': 'like', 'start': np.float64(688.813), 'end': np.float64(688.953), 'score': np.float64(0.901), 'speaker': 'SPEAKER_02'}, {'word': 'you', 'start': np.float64(688.993), 'end': np.float64(689.093), 'score': np.float64(0.887), 'speaker': 'SPEAKER_02'}, {'word': 'experience', 'start': np.float64(689.133), 'end': np.float64(689.594), 'score': np.float64(0.858), 'speaker': 'SPEAKER_02'}, {'word': 'so', 'start': np.float64(689.714), 'end': np.float64(689.875), 'score': np.float64(0.899), 'speaker': 'SPEAKER_02'}, {'word': 'much', 'start': np.float64(689.935), 'end': np.float64(690.115), 'score': np.float64(0.773), 'speaker': 'SPEAKER_02'}, {'word': 'trauma', 'start': np.float64(690.155), 'end': np.float64(690.696), 'score': np.float64(0.834), 'speaker': 'SPEAKER_02'}, {'word': 'at', 'start': np.float64(690.816), 'end': np.float64(690.876), 'score': np.float64(0.896), 'speaker': 'SPEAKER_02'}, {'word': 'such', 'start': np.float64(690.956), 'end': np.float64(691.137), 'score': np.float64(0.824), 'speaker': 'SPEAKER_02'}, {'word': 'a', 'start': np.float64(691.177), 'end': np.float64(691.217), 'score': np.float64(0.5), 'speaker': 'SPEAKER_02'}, {'word': 'young', 'start': np.float64(691.277), 'end': np.float64(691.477), 'score': np.float64(0.828), 'speaker': 'SPEAKER_02'}, {'word': 'age.', 'start': np.float64(691.637), 'end': np.float64(691.878), 'score': np.float64(0.903), 'speaker': 'SPEAKER_02'}]",SPEAKER_02
691.938,695.904,"And as the daughter of a mother, you don't realize that until you're an adult.","[{'word': 'And', 'start': np.float64(691.938), 'end': np.float64(692.018), 'score': np.float64(0.741), 'speaker': 'SPEAKER_02'}, {'word': 'as', 'start': np.float64(692.318), 'end': np.float64(692.439), 'score': np.float64(0.65), 'speaker': 'SPEAKER_02'}, {'word': 'the', 'start': np.float64(692.479), 'end': np.float64(693.04), 'score': np.float64(0.869), 'speaker': 'SPEAKER_02'}, {'word': 'daughter', 'start': np.float64(693.12), 'end': np.float64(693.52), 'score': np.float64(0.735), 'speaker': 'SPEAKER_02'}, {'word': 'of', 'start': np.float64(693.601), 'end': np.float64(693.641), 'score': np.float64(0.998), 'speaker': 'SPEAKER_02'}, {'word': 'a', 'start': np.float64(693.681), 'end': np.float64(693.741), 'score': np.float64(0.333), 'speaker': 'SPEAKER_02'}, {'word': 'mother,', 'start': np.float64(693.801), 'end': np.float64(694.101), 'score': np.float64(0.799), 'speaker': 'SPEAKER_02'}, {'word': 'you', 'start': np.float64(694.141), 'end': np.float64(694.302), 'score': np.float64(0.746), 'speaker': 'SPEAKER_02'}, {'word': ""don't"", 'start': np.float64(694.342), 'end': np.float64(694.502), 'score': np.float64(0.666), 'speaker': 'SPEAKER_02'}, {'word': 'realize', 'start': np.float64(694.562), 'end': np.float64(694.903), 'score': np.float64(0.929), 'speaker': 'SPEAKER_02'}, {'word': 'that', 'start': np.float64(694.923), 'end': np.float64(695.043), 'score': np.float64(0.663), 'speaker': 'SPEAKER_02'}, {'word': 'until', 'start': np.float64(695.103), 'end': np.float64(695.283), 'score': np.float64(0.748), 'speaker': 'SPEAKER_02'}, {'word': ""you're"", 'start': np.float64(695.303), 'end': np.float64(695.424), 'score': np.float64(0.681), 'speaker': 'SPEAKER_02'}, {'word': 'an', 'start': np.float64(695.444), 'end': np.float64(695.484), 'score': np.float64(0.686), 'speaker': 'SPEAKER_02'}, {'word': 'adult.', 'start': np.float64(695.544), 'end': np.float64(695.904), 'score': np.float64(0.913), 'speaker': 'SPEAKER_02'}]",SPEAKER_02
696.345,704.578,"As I got older, I was able to see you, not as my mom, but just as a human living in this world.","[{'word': 'As', 'start': np.float64(696.345), 'end': np.float64(696.445), 'score': np.float64(0.98), 'speaker': 'SPEAKER_02'}, {'word': 'I', 'start': np.float64(696.585), 'end': np.float64(696.666), 'score': np.float64(0.906), 'speaker': 'SPEAKER_02'}, {'word': 'got', 'start': np.float64(696.766), 'end': np.float64(697.226), 'score': np.float64(0.761), 'speaker': 'SPEAKER_02'}, {'word': 'older,', 'start': np.float64(697.387), 'end': np.float64(697.667), 'score': np.float64(0.888), 'speaker': 'SPEAKER_02'}, {'word': 'I', 'start': np.float64(697.687), 'end': np.float64(697.707), 'score': np.float64(0.999), 'speaker': 'SPEAKER_02'}, {'word': 'was', 'start': np.float64(698.168), 'end': np.float64(698.248), 'score': np.float64(0.835), 'speaker': 'SPEAKER_02'}, {'word': 'able', 'start': np.float64(698.408), 'end': np.float64(698.629), 'score': np.float64(0.725), 'speaker': 'SPEAKER_02'}, {'word': 'to', 'start': np.float64(698.669), 'end': np.float64(698.769), 'score': np.float64(0.625), 'speaker': 'SPEAKER_02'}, {'word': 'see', 'start': np.float64(698.929), 'end': np.float64(699.23), 'score': np.float64(0.907), 'speaker': 'SPEAKER_02'}, {'word': 'you,', 'start': np.float64(699.25), 'end': np.float64(699.33), 'score': np.float64(0.5), 'speaker': 'SPEAKER_02'}, {'word': 'not', 'start': np.float64(700.291), 'end': np.float64(700.432), 'score': np.float64(0.859), 'speaker': 'SPEAKER_02'}, {'word': 'as', 'start': np.float64(701.594), 'end': np.float64(701.654), 'score': np.float64(0.918), 'speaker': 'SPEAKER_02'}, {'word': 'my', 'start': np.float64(701.694), 'end': np.float64(701.814), 'score': np.float64(0.975), 'speaker': 'SPEAKER_02'}, {'word': 'mom,', 'start': np.float64(701.874), 'end': np.float64(702.295), 'score': np.float64(0.93), 'speaker': 'SPEAKER_02'}, {'word': 'but', 'start': np.float64(702.355), 'end': np.float64(702.435), 'score': np.float64(0.672), 'speaker': 'SPEAKER_02'}, {'word': 'just', 'start': np.float64(702.495), 'end': np.float64(702.595), 'score': np.float64(0.753), 'speaker': 'SPEAKER_02'}, {'word': 'as', 'start': np.float64(702.675), 'end': np.float64(702.735), 'score': np.float64(0.97), 'speaker': 'SPEAKER_02'}, {'word': 'a', 'start': np.float64(702.755), 'end': np.float64(702.775), 'score': np.float64(0.982), 'speaker': 'SPEAKER_02'}, {'word': 'human', 'start': np.float64(702.936), 'end': np.float64(703.376), 'score': np.float64(0.923), 'speaker': 'SPEAKER_02'}, {'word': 'living', 'start': np.float64(703.617), 'end': np.float64(703.877), 'score': np.float64(0.833), 'speaker': 'SPEAKER_02'}, {'word': 'in', 'start': np.float64(703.937), 'end': np.float64(703.977), 'score': np.float64(0.998), 'speaker': 'SPEAKER_02'}, {'word': 'this', 'start': np.float64(704.018), 'end': np.float64(704.158), 'score': np.float64(0.651), 'speaker': 'SPEAKER_02'}, {'word': 'world.', 'start': np.float64(704.218), 'end': np.float64(704.578), 'score': np.float64(0.746), 'speaker': 'SPEAKER_02'}]",SPEAKER_02
704.819,710.488,And it allowed me to have a lot of empathy for you and understanding.,"[{'word': 'And', 'start': np.float64(704.819), 'end': np.float64(705.861), 'score': np.float64(0.932), 'speaker': 'SPEAKER_02'}, {'word': 'it', 'start': np.float64(705.921), 'end': np.float64(705.961), 'score': np.float64(0.962), 'speaker': 'SPEAKER_02'}, {'word': 'allowed', 'start': np.float64(706.041), 'end': np.float64(706.441), 'score': np.float64(0.914), 'speaker': 'SPEAKER_02'}, {'word': 'me', 'start': np.float64(706.502), 'end': np.float64(706.622), 'score': np.float64(0.873), 'speaker': 'SPEAKER_02'}, {'word': 'to', 'start': np.float64(706.722), 'end': np.float64(706.942), 'score': np.float64(0.767), 'speaker': 'SPEAKER_02'}, {'word': 'have', 'start': np.float64(706.982), 'end': np.float64(707.223), 'score': np.float64(0.858), 'speaker': 'SPEAKER_02'}, {'word': 'a', 'start': np.float64(707.263), 'end': np.float64(707.283), 'score': np.float64(0.002), 'speaker': 'SPEAKER_02'}, {'word': 'lot', 'start': np.float64(707.343), 'end': np.float64(707.503), 'score': np.float64(0.901), 'speaker': 'SPEAKER_02'}, {'word': 'of', 'start': np.float64(707.543), 'end': np.float64(707.583), 'score': np.float64(0.999), 'speaker': 'SPEAKER_02'}, {'word': 'empathy', 'start': np.float64(707.623), 'end': np.float64(708.485), 'score': np.float64(0.737), 'speaker': 'SPEAKER_02'}, {'word': 'for', 'start': np.float64(708.565), 'end': np.float64(708.685), 'score': np.float64(0.799), 'speaker': 'SPEAKER_02'}, {'word': 'you', 'start': np.float64(708.745), 'end': np.float64(708.925), 'score': np.float64(0.724), 'speaker': 'SPEAKER_02'}, {'word': 'and', 'start': np.float64(708.946), 'end': np.float64(709.006), 'score': np.float64(0.333), 'speaker': 'SPEAKER_02'}, {'word': 'understanding.', 'start': np.float64(709.486), 'end': np.float64(710.488), 'score': np.float64(0.811), 'speaker': 'SPEAKER_02'}]",SPEAKER_02
712.055,713.959, And I think it changed my mindset.,"[{'word': 'And', 'start': np.float64(712.055), 'end': np.float64(712.215), 'score': np.float64(0.865), 'speaker': 'SPEAKER_02'}, {'word': 'I', 'start': np.float64(712.255), 'end': np.float64(712.316), 'score': np.float64(0.92), 'speaker': 'SPEAKER_02'}, {'word': 'think', 'start': np.float64(712.396), 'end': np.float64(712.596), 'score': np.float64(0.93), 'speaker': 'SPEAKER_02'}, {'word': 'it', 'start': np.float64(712.857), 'end': np.float64(712.917), 'score': np.float64(0.872), 'speaker': 'SPEAKER_02'}, {'word': 'changed', 'start': np.float64(712.957), 'end': np.float64(713.238), 'score': np.float64(0.859), 'speaker': 'SPEAKER_02'}, {'word': 'my', 'start': np.float64(713.278), 'end': np.float64(713.418), 'score': np.float64(0.778), 'speaker': 'SPEAKER_02'}, {'word': 'mindset.', 'start': np.float64(713.478), 'end': np.float64(713.959), 'score': np.float64(0.752), 'speaker': 'SPEAKER_02'}]",SPEAKER_02
713.979,720.373,"You know, that's when you go from like a kid to an adult and you can have this more friendship relationship.","[{'word': 'You', 'start': np.float64(713.979), 'end': np.float64(714.059), 'score': np.float64(0.79), 'speaker': 'SPEAKER_02'}, {'word': 'know,', 'start': np.float64(714.079), 'end': np.float64(714.2), 'score': np.float64(0.92), 'speaker': 'SPEAKER_02'}, {'word': ""that's"", 'start': np.float64(714.22), 'end': np.float64(714.36), 'score': np.float64(0.902), 'speaker': 'SPEAKER_02'}, {'word': 'when', 'start': np.float64(714.4), 'end': np.float64(714.52), 'score': np.float64(0.946), 'speaker': 'SPEAKER_02'}, {'word': 'you', 'start': np.float64(714.54), 'end': np.float64(714.681), 'score': np.float64(0.94), 'speaker': 'SPEAKER_02'}, {'word': 'go', 'start': np.float64(714.721), 'end': np.float64(714.901), 'score': np.float64(0.716), 'speaker': 'SPEAKER_02'}, {'word': 'from', 'start': np.float64(714.941), 'end': np.float64(715.142), 'score': np.float64(0.709), 'speaker': 'SPEAKER_02'}, {'word': 'like', 'start': np.float64(715.202), 'end': np.float64(715.362), 'score': np.float64(0.868), 'speaker': 'SPEAKER_02'}, {'word': 'a', 'start': np.float64(715.442), 'end': np.float64(715.462), 'score': np.float64(0.587), 'speaker': 'SPEAKER_02'}, {'word': 'kid', 'start': np.float64(715.563), 'end': np.float64(715.964), 'score': np.float64(0.895), 'speaker': 'SPEAKER_02'}, {'word': 'to', 'start': np.float64(716.084), 'end': np.float64(716.204), 'score': np.float64(0.846), 'speaker': 'SPEAKER_02'}, {'word': 'an', 'start': np.float64(716.224), 'end': np.float64(716.284), 'score': np.float64(0.254), 'speaker': 'SPEAKER_02'}, {'word': 'adult', 'start': np.float64(716.344), 'end': np.float64(716.845), 'score': np.float64(0.79), 'speaker': 'SPEAKER_02'}, {'word': 'and', 'start': np.float64(716.946), 'end': np.float64(717.126), 'score': np.float64(0.841), 'speaker': 'SPEAKER_02'}, {'word': 'you', 'start': np.float64(717.326), 'end': np.float64(717.407), 'score': np.float64(0.998), 'speaker': 'SPEAKER_02'}, {'word': 'can', 'start': np.float64(717.427), 'end': np.float64(717.567), 'score': np.float64(0.905), 'speaker': 'SPEAKER_02'}, {'word': 'have', 'start': np.float64(717.687), 'end': np.float64(717.888), 'score': np.float64(0.947), 'speaker': 'SPEAKER_02'}, {'word': 'this', 'start': np.float64(717.948), 'end': np.float64(718.088), 'score': np.float64(0.832), 'speaker': 'SPEAKER_02'}, {'word': 'more', 'start': np.float64(718.148), 'end': np.float64(718.389), 'score': np.float64(0.834), 'speaker': 'SPEAKER_02'}, {'word': 'friendship', 'start': np.float64(718.429), 'end': np.float64(719.511), 'score': np.float64(0.666), 'speaker': 'SPEAKER_02'}, {'word': 'relationship.', 'start': np.float64(719.692), 'end': np.float64(720.373), 'score': np.float64(0.894), 'speaker': 'SPEAKER_02'}]",SPEAKER_02
720.413,723.46,And I always think about these are the years you didn't get with your mom.,"[{'word': 'And', 'start': np.float64(720.413), 'end': np.float64(720.473), 'score': np.float64(0.95), 'speaker': 'SPEAKER_02'}, {'word': 'I', 'start': np.float64(720.493), 'end': np.float64(720.513), 'score': np.float64(0.808), 'speaker': 'SPEAKER_02'}, {'word': 'always', 'start': np.float64(720.533), 'end': np.float64(720.774), 'score': np.float64(0.799), 'speaker': 'SPEAKER_02'}, {'word': 'think', 'start': np.float64(720.834), 'end': np.float64(721.015), 'score': np.float64(0.937), 'speaker': 'SPEAKER_02'}, {'word': 'about', 'start': np.float64(721.075), 'end': np.float64(721.295), 'score': np.float64(0.971), 'speaker': 'SPEAKER_02'}, {'word': 'these', 'start': np.float64(721.676), 'end': np.float64(721.816), 'score': np.float64(0.78), 'speaker': 'SPEAKER_02'}, {'word': 'are', 'start': np.float64(721.876), 'end': np.float64(721.957), 'score': np.float64(0.763), 'speaker': 'SPEAKER_02'}, {'word': 'the', 'start': np.float64(721.997), 'end': np.float64(722.057), 'score': np.float64(0.994), 'speaker': 'SPEAKER_02'}, {'word': 'years', 'start': np.float64(722.097), 'end': np.float64(722.257), 'score': np.float64(0.891), 'speaker': 'SPEAKER_02'}, {'word': 'you', 'start': np.float64(722.297), 'end': np.float64(722.398), 'score': np.float64(0.855), 'speaker': 'SPEAKER_02'}, {'word': ""didn't"", 'start': np.float64(722.438), 'end': np.float64(722.638), 'score': np.float64(0.883), 'speaker': 'SPEAKER_02'}, {'word': 'get', 'start': np.float64(722.658), 'end': np.float64(722.778), 'score': np.float64(0.881), 'speaker': 'SPEAKER_02'}, {'word': 'with', 'start': np.float64(722.838), 'end': np.float64(722.939), 'score': np.float64(0.877), 'speaker': 'SPEAKER_02'}, {'word': 'your', 'start': np.float64(722.979), 'end': np.float64(723.139), 'score': np.float64(0.821), 'speaker': 'SPEAKER_02'}, {'word': 'mom.', 'start': np.float64(723.179), 'end': np.float64(723.46), 'score': np.float64(0.804), 'speaker': 'SPEAKER_02'}]",SPEAKER_02
723.56,724.963,"I was just gonna say, I didn't have that.","[{'word': 'I', 'start': np.float64(723.56), 'end': np.float64(723.6), 'score': np.float64(0.913), 'speaker': 'SPEAKER_02'}, {'word': 'was', 'start': np.float64(723.62), 'end': np.float64(723.7), 'score': np.float64(0.707), 'speaker': 'SPEAKER_02'}, {'word': 'just', 'start': np.float64(723.74), 'end': np.float64(723.861), 'score': np.float64(0.848), 'speaker': 'SPEAKER_02'}, {'word': 'gonna', 'start': np.float64(723.881), 'end': np.float64(724.041), 'score': np.float64(0.47), 'speaker': 'SPEAKER_02'}, {'word': 'say,', 'start': np.float64(724.061), 'end': np.float64(724.222), 'score': np.float64(0.774), 'speaker': 'SPEAKER_02'}, {'word': 'I', 'start': np.float64(724.242), 'end': np.float64(724.282), 'score': np.float64(0.745), 'speaker': 'SPEAKER_02'}, {'word': ""didn't"", 'start': np.float64(724.322), 'end': np.float64(724.482), 'score': np.float64(0.613), 'speaker': 'SPEAKER_02'}, {'word': 'have', 'start': np.float64(724.522), 'end': np.float64(724.703), 'score': np.float64(0.864), 'speaker': 'SPEAKER_02'}, {'word': 'that.', 'start': np.float64(724.743), 'end': np.float64(724.963), 'score': np.float64(0.664), 'speaker': 'SPEAKER_02'}]",SPEAKER_02
725.043,725.845,Yeah.,"[{'word': 'Yeah.', 'start': np.float64(725.043), 'end': np.float64(725.845), 'score': np.float64(0.833), 'speaker': 'SPEAKER_02'}]",SPEAKER_02
726.365,728.49, And I never took that for granted.,"[{'word': 'And', 'start': np.float64(726.365), 'end': np.float64(726.565), 'score': np.float64(0.914), 'speaker': 'SPEAKER_02'}, {'word': 'I', 'start': np.float64(726.866), 'end': np.float64(726.986), 'score': np.float64(0.997), 'speaker': 'SPEAKER_02'}, {'word': 'never', 'start': np.float64(727.408), 'end': np.float64(727.588), 'score': np.float64(0.781), 'speaker': 'SPEAKER_02'}, {'word': 'took', 'start': np.float64(727.628), 'end': np.float64(727.768), 'score': np.float64(0.878), 'speaker': 'SPEAKER_02'}, {'word': 'that', 'start': np.float64(727.808), 'end': np.float64(727.949), 'score': np.float64(0.805), 'speaker': 'SPEAKER_02'}, {'word': 'for', 'start': np.float64(727.989), 'end': np.float64(728.089), 'score': np.float64(0.825), 'speaker': 'SPEAKER_02'}, {'word': 'granted.', 'start': np.float64(728.149), 'end': np.float64(728.49), 'score': np.float64(0.828), 'speaker': 'SPEAKER_02'}]",SPEAKER_02
728.51,733.302,I feel like I started to appreciate you more because I knew that we were having an experience that you never had.,"[{'word': 'I', 'start': np.float64(728.51), 'end': np.float64(728.55), 'score': np.float64(0.784), 'speaker': 'SPEAKER_02'}, {'word': 'feel', 'start': np.float64(728.59), 'end': np.float64(728.671), 'score': np.float64(0.308), 'speaker': 'SPEAKER_02'}, {'word': 'like', 'start': np.float64(728.691), 'end': np.float64(728.771), 'score': np.float64(0.809), 'speaker': 'SPEAKER_02'}, {'word': 'I', 'start': np.float64(728.831), 'end': np.float64(728.911), 'score': np.float64(0.968), 'speaker': 'SPEAKER_02'}, {'word': 'started', 'start': np.float64(728.951), 'end': np.float64(729.192), 'score': np.float64(0.764), 'speaker': 'SPEAKER_02'}, {'word': 'to', 'start': np.float64(729.212), 'end': np.float64(729.252), 'score': np.float64(0.662), 'speaker': 'SPEAKER_02'}, {'word': 'appreciate', 'start': np.float64(729.312), 'end': np.float64(729.713), 'score': np.float64(0.791), 'speaker': 'SPEAKER_02'}, {'word': 'you', 'start': np.float64(729.733), 'end': np.float64(729.833), 'score': np.float64(0.833), 'speaker': 'SPEAKER_02'}, {'word': 'more', 'start': np.float64(729.954), 'end': np.float64(730.234), 'score': np.float64(0.776), 'speaker': 'SPEAKER_02'}, {'word': 'because', 'start': np.float64(730.315), 'end': np.float64(730.515), 'score': np.float64(0.798), 'speaker': 'SPEAKER_02'}, {'word': 'I', 'start': np.float64(730.575), 'end': np.float64(730.635), 'score': np.float64(0.995), 'speaker': 'SPEAKER_02'}, {'word': 'knew', 'start': np.float64(730.756), 'end': np.float64(730.956), 'score': np.float64(0.716), 'speaker': 'SPEAKER_02'}, {'word': 'that', 'start': np.float64(731.036), 'end': np.float64(731.157), 'score': np.float64(0.922), 'speaker': 'SPEAKER_02'}, {'word': 'we', 'start': np.float64(731.257), 'end': np.float64(731.417), 'score': np.float64(0.814), 'speaker': 'SPEAKER_02'}, {'word': 'were', 'start': np.float64(731.457), 'end': np.float64(731.578), 'score': np.float64(0.949), 'speaker': 'SPEAKER_02'}, {'word': 'having', 'start': np.float64(731.618), 'end': np.float64(731.818), 'score': np.float64(0.978), 'speaker': 'SPEAKER_02'}, {'word': 'an', 'start': np.float64(731.838), 'end': np.float64(731.898), 'score': np.float64(0.742), 'speaker': 'SPEAKER_02'}, {'word': 'experience', 'start': np.float64(731.938), 'end': np.float64(732.339), 'score': np.float64(0.77), 'speaker': 'SPEAKER_02'}, {'word': 'that', 'start': np.float64(732.379), 'end': np.float64(732.48), 'score': np.float64(0.978), 'speaker': 'SPEAKER_02'}, {'word': 'you', 'start': np.float64(732.52), 'end': np.float64(732.66), 'score': np.float64(0.892), 'speaker': 'SPEAKER_02'}, {'word': 'never', 'start': np.float64(732.72), 'end': np.float64(732.901), 'score': np.float64(0.705), 'speaker': 'SPEAKER_02'}, {'word': 'had.', 'start': np.float64(732.981), 'end': np.float64(733.302), 'score': np.float64(0.877), 'speaker': 'SPEAKER_02'}]",SPEAKER_02
734.364,742.163,"We get to be adults together, like full-formed past 25 adults.","[{'word': 'We', 'start': np.float64(734.364), 'end': np.float64(735.146), 'score': np.float64(0.52), 'speaker': 'SPEAKER_02'}, {'word': 'get', 'start': np.float64(735.166), 'end': np.float64(735.286), 'score': np.float64(0.763), 'speaker': 'SPEAKER_02'}, {'word': 'to', 'start': np.float64(735.327), 'end': np.float64(735.427), 'score': np.float64(0.823), 'speaker': 'SPEAKER_02'}, {'word': 'be', 'start': np.float64(735.487), 'end': np.float64(735.768), 'score': np.float64(0.904), 'speaker': 'SPEAKER_02'}, {'word': 'adults', 'start': np.float64(735.948), 'end': np.float64(736.369), 'score': np.float64(0.88), 'speaker': 'SPEAKER_02'}, {'word': 'together,', 'start': np.float64(736.429), 'end': np.float64(736.83), 'score': np.float64(0.962), 'speaker': 'SPEAKER_02'}, {'word': 'like', 'start': np.float64(736.89), 'end': np.float64(737.331), 'score': np.float64(0.921), 'speaker': 'SPEAKER_02'}, {'word': 'full-formed', 'start': np.float64(737.432), 'end': np.float64(738.073), 'score': np.float64(0.784), 'speaker': 'SPEAKER_02'}, {'word': 'past', 'start': np.float64(738.234), 'end': np.float64(738.514), 'score': np.float64(0.928), 'speaker': 'SPEAKER_02'}, {'word': '25', 'start': np.float64(738.534), 'end': np.float64(739.176), 'score': np.float64(0.78), 'speaker': 'SPEAKER_02'}, {'word': 'adults.', 'start': np.float64(739.216), 'end': np.float64(742.163), 'score': np.float64(0.792), 'speaker': 'SPEAKER_02'}]",SPEAKER_02
743.358,746.903, I think it just makes me look at you in such a different way.,"[{'word': 'I', 'start': np.float64(743.358), 'end': np.float64(743.498), 'score': np.float64(0.853), 'speaker': 'SPEAKER_02'}, {'word': 'think', 'start': np.float64(743.538), 'end': np.float64(743.699), 'score': np.float64(0.795), 'speaker': 'SPEAKER_02'}, {'word': 'it', 'start': np.float64(743.739), 'end': np.float64(743.779), 'score': np.float64(0.914), 'speaker': 'SPEAKER_02'}, {'word': 'just', 'start': np.float64(743.839), 'end': np.float64(743.979), 'score': np.float64(0.938), 'speaker': 'SPEAKER_02'}, {'word': 'makes', 'start': np.float64(744.039), 'end': np.float64(744.74), 'score': np.float64(0.839), 'speaker': 'SPEAKER_02'}, {'word': 'me', 'start': np.float64(744.84), 'end': np.float64(745.0), 'score': np.float64(0.818), 'speaker': 'SPEAKER_02'}, {'word': 'look', 'start': np.float64(745.061), 'end': np.float64(745.742), 'score': np.float64(0.742), 'speaker': 'SPEAKER_02'}, {'word': 'at', 'start': np.float64(745.762), 'end': np.float64(745.802), 'score': np.float64(0.996), 'speaker': 'SPEAKER_02'}, {'word': 'you', 'start': np.float64(745.842), 'end': np.float64(745.942), 'score': np.float64(0.769), 'speaker': 'SPEAKER_02'}, {'word': 'in', 'start': np.float64(745.982), 'end': np.float64(746.042), 'score': np.float64(0.812), 'speaker': 'SPEAKER_02'}, {'word': 'such', 'start': np.float64(746.122), 'end': np.float64(746.282), 'score': np.float64(0.939), 'speaker': 'SPEAKER_02'}, {'word': 'a', 'start': np.float64(746.322), 'end': np.float64(746.342), 'score': np.float64(0.998), 'speaker': 'SPEAKER_02'}, {'word': 'different', 'start': np.float64(746.383), 'end': np.float64(746.663), 'score': np.float64(0.773), 'speaker': 'SPEAKER_02'}, {'word': 'way.', 'start': np.float64(746.703), 'end': np.float64(746.903), 'score': np.float64(0.868), 'speaker': 'SPEAKER_02'}]",SPEAKER_02
747.003,751.751,"I'm able to see you as my mom, this comfort, this soft landing for me always.","[{'word': ""I'm"", 'start': np.float64(747.003), 'end': np.float64(747.124), 'score': np.float64(0.825), 'speaker': 'SPEAKER_02'}, {'word': 'able', 'start': np.float64(747.224), 'end': np.float64(747.404), 'score': np.float64(0.72), 'speaker': 'SPEAKER_02'}, {'word': 'to', 'start': np.float64(747.444), 'end': np.float64(747.524), 'score': np.float64(0.727), 'speaker': 'SPEAKER_02'}, {'word': 'see', 'start': np.float64(747.564), 'end': np.float64(747.704), 'score': np.float64(0.898), 'speaker': 'SPEAKER_02'}, {'word': 'you', 'start': np.float64(747.745), 'end': np.float64(747.825), 'score': np.float64(0.989), 'speaker': 'SPEAKER_02'}, {'word': 'as', 'start': np.float64(747.865), 'end': np.float64(747.945), 'score': np.float64(0.923), 'speaker': 'SPEAKER_02'}, {'word': 'my', 'start': np.float64(747.985), 'end': np.float64(748.105), 'score': np.float64(0.949), 'speaker': 'SPEAKER_02'}, {'word': 'mom,', 'start': np.float64(748.165), 'end': np.float64(748.486), 'score': np.float64(0.817), 'speaker': 'SPEAKER_02'}, {'word': 'this', 'start': np.float64(748.606), 'end': np.float64(748.766), 'score': np.float64(0.735), 'speaker': 'SPEAKER_02'}, {'word': 'comfort,', 'start': np.float64(748.846), 'end': np.float64(749.247), 'score': np.float64(0.93), 'speaker': 'SPEAKER_02'}, {'word': 'this', 'start': np.float64(749.287), 'end': np.float64(749.427), 'score': np.float64(0.858), 'speaker': 'SPEAKER_02'}, {'word': 'soft', 'start': np.float64(749.527), 'end': np.float64(749.948), 'score': np.float64(0.933), 'speaker': 'SPEAKER_02'}, {'word': 'landing', 'start': np.float64(750.449), 'end': np.float64(750.869), 'score': np.float64(0.821), 'speaker': 'SPEAKER_02'}, {'word': 'for', 'start': np.float64(750.949), 'end': np.float64(751.07), 'score': np.float64(0.994), 'speaker': 'SPEAKER_02'}, {'word': 'me', 'start': np.float64(751.11), 'end': np.float64(751.23), 'score': np.float64(0.976), 'speaker': 'SPEAKER_02'}, {'word': 'always.', 'start': np.float64(751.33), 'end': np.float64(751.751), 'score': np.float64(0.757), 'speaker': 'SPEAKER_02'}]",SPEAKER_02
752.432,756.397,"But then I also see you as this flawed human, which I think is really important.","[{'word': 'But', 'start': np.float64(752.432), 'end': np.float64(752.512), 'score': np.float64(0.988), 'speaker': 'SPEAKER_02'}, {'word': 'then', 'start': np.float64(752.532), 'end': np.float64(752.652), 'score': np.float64(0.751), 'speaker': 'SPEAKER_02'}, {'word': 'I', 'start': np.float64(752.692), 'end': np.float64(752.752), 'score': np.float64(0.598), 'speaker': 'SPEAKER_02'}, {'word': 'also', 'start': np.float64(752.832), 'end': np.float64(753.052), 'score': np.float64(0.992), 'speaker': 'SPEAKER_02'}, {'word': 'see', 'start': np.float64(753.093), 'end': np.float64(753.213), 'score': np.float64(0.999), 'speaker': 'SPEAKER_02'}, {'word': 'you', 'start': np.float64(753.253), 'end': np.float64(753.353), 'score': np.float64(0.866), 'speaker': 'SPEAKER_02'}, {'word': 'as', 'start': np.float64(753.413), 'end': np.float64(753.473), 'score': np.float64(0.666), 'speaker': 'SPEAKER_02'}, {'word': 'this', 'start': np.float64(753.533), 'end': np.float64(753.673), 'score': np.float64(0.859), 'speaker': 'SPEAKER_02'}, {'word': 'flawed', 'start': np.float64(753.774), 'end': np.float64(754.154), 'score': np.float64(0.79), 'speaker': 'SPEAKER_02'}, {'word': 'human,', 'start': np.float64(754.214), 'end': np.float64(754.615), 'score': np.float64(0.978), 'speaker': 'SPEAKER_02'}, {'word': 'which', 'start': np.float64(754.755), 'end': np.float64(754.875), 'score': np.float64(0.929), 'speaker': 'SPEAKER_02'}, {'word': 'I', 'start': np.float64(754.955), 'end': np.float64(754.995), 'score': np.float64(0.984), 'speaker': 'SPEAKER_02'}, {'word': 'think', 'start': np.float64(755.035), 'end': np.float64(755.216), 'score': np.float64(0.773), 'speaker': 'SPEAKER_02'}, {'word': 'is', 'start': np.float64(755.276), 'end': np.float64(755.356), 'score': np.float64(0.748), 'speaker': 'SPEAKER_02'}, {'word': 'really', 'start': np.float64(755.476), 'end': np.float64(755.736), 'score': np.float64(0.765), 'speaker': 'SPEAKER_02'}, {'word': 'important.', 'start': np.float64(755.777), 'end': np.float64(756.397), 'score': np.float64(0.869), 'speaker': 'SPEAKER_02'}]",SPEAKER_02
757.299,762.126,"Like there's this thing that's kind of going around social media you see sometimes where people say,","[{'word': 'Like', 'start': np.float64(757.299), 'end': np.float64(757.419), 'score': np.float64(0.958), 'speaker': 'SPEAKER_02'}, {'word': ""there's"", 'start': np.float64(757.459), 'end': np.float64(757.659), 'score': np.float64(0.896), 'speaker': 'SPEAKER_02'}, {'word': 'this', 'start': np.float64(757.679), 'end': np.float64(757.78), 'score': np.float64(0.46), 'speaker': 'SPEAKER_02'}, {'word': 'thing', 'start': np.float64(757.84), 'end': np.float64(758.04), 'score': np.float64(0.841), 'speaker': 'SPEAKER_02'}, {'word': ""that's"", 'start': np.float64(758.08), 'end': np.float64(758.3), 'score': np.float64(0.766), 'speaker': 'SPEAKER_02'}, {'word': 'kind', 'start': np.float64(758.36), 'end': np.float64(758.521), 'score': np.float64(0.957), 'speaker': 'SPEAKER_02'}, {'word': 'of', 'start': np.float64(758.561), 'end': np.float64(758.601), 'score': np.float64(0.994), 'speaker': 'SPEAKER_02'}, {'word': 'going', 'start': np.float64(758.661), 'end': np.float64(758.821), 'score': np.float64(0.669), 'speaker': 'SPEAKER_02'}, {'word': 'around', 'start': np.float64(758.861), 'end': np.float64(759.001), 'score': np.float64(0.88), 'speaker': 'SPEAKER_02'}, {'word': 'social', 'start': np.float64(759.041), 'end': np.float64(759.302), 'score': np.float64(0.549), 'speaker': 'SPEAKER_02'}, {'word': 'media', 'start': np.float64(759.322), 'end': np.float64(759.482), 'score': np.float64(0.387), 'speaker': 'SPEAKER_02'}, {'word': 'you', 'start': np.float64(759.522), 'end': np.float64(759.642), 'score': np.float64(0.687), 'speaker': 'SPEAKER_02'}, {'word': 'see', 'start': np.float64(759.682), 'end': np.float64(760.363), 'score': np.float64(0.869), 'speaker': 'SPEAKER_02'}, {'word': 'sometimes', 'start': np.float64(760.383), 'end': np.float64(760.704), 'score': np.float64(0.852), 'speaker': 'SPEAKER_02'}, {'word': 'where', 'start': np.float64(760.744), 'end': np.float64(760.844), 'score': np.float64(0.713), 'speaker': 'SPEAKER_02'}, {'word': 'people', 'start': np.float64(760.884), 'end': np.float64(761.125), 'score': np.float64(0.872), 'speaker': 'SPEAKER_02'}, {'word': 'say,', 'start': np.float64(761.205), 'end': np.float64(762.126), 'score': np.float64(0.861), 'speaker': 'SPEAKER_02'}]",SPEAKER_02
762.528,767.695," Like this is a moment where I realized my mom or my parents, this is their first time doing life.","[{'word': 'Like', 'start': np.float64(762.528), 'end': np.float64(762.728), 'score': np.float64(0.833), 'speaker': 'SPEAKER_02'}, {'word': 'this', 'start': np.float64(762.748), 'end': np.float64(762.889), 'score': np.float64(0.981), 'speaker': 'SPEAKER_02'}, {'word': 'is', 'start': np.float64(762.949), 'end': np.float64(763.009), 'score': np.float64(0.768), 'speaker': 'SPEAKER_02'}, {'word': 'a', 'start': np.float64(763.069), 'end': np.float64(763.089), 'score': np.float64(0.995), 'speaker': 'SPEAKER_02'}, {'word': 'moment', 'start': np.float64(763.149), 'end': np.float64(763.409), 'score': np.float64(0.757), 'speaker': 'SPEAKER_02'}, {'word': 'where', 'start': np.float64(763.449), 'end': np.float64(763.59), 'score': np.float64(0.939), 'speaker': 'SPEAKER_02'}, {'word': 'I', 'start': np.float64(763.65), 'end': np.float64(763.67), 'score': np.float64(0.551), 'speaker': 'SPEAKER_02'}, {'word': 'realized', 'start': np.float64(763.75), 'end': np.float64(764.09), 'score': np.float64(0.78), 'speaker': 'SPEAKER_02'}, {'word': 'my', 'start': np.float64(764.13), 'end': np.float64(764.471), 'score': np.float64(0.922), 'speaker': 'SPEAKER_02'}, {'word': 'mom', 'start': np.float64(764.551), 'end': np.float64(764.831), 'score': np.float64(0.858), 'speaker': 'SPEAKER_02'}, {'word': 'or', 'start': np.float64(764.871), 'end': np.float64(764.951), 'score': np.float64(0.813), 'speaker': 'SPEAKER_02'}, {'word': 'my', 'start': np.float64(764.992), 'end': np.float64(765.112), 'score': np.float64(0.771), 'speaker': 'SPEAKER_02'}, {'word': 'parents,', 'start': np.float64(765.192), 'end': np.float64(765.632), 'score': np.float64(0.869), 'speaker': 'SPEAKER_02'}, {'word': 'this', 'start': np.float64(766.033), 'end': np.float64(766.173), 'score': np.float64(0.893), 'speaker': 'SPEAKER_02'}, {'word': 'is', 'start': np.float64(766.233), 'end': np.float64(766.273), 'score': np.float64(0.81), 'speaker': 'SPEAKER_02'}, {'word': 'their', 'start': np.float64(766.313), 'end': np.float64(766.474), 'score': np.float64(0.807), 'speaker': 'SPEAKER_02'}, {'word': 'first', 'start': np.float64(766.534), 'end': np.float64(766.734), 'score': np.float64(0.814), 'speaker': 'SPEAKER_02'}, {'word': 'time', 'start': np.float64(766.794), 'end': np.float64(766.994), 'score': np.float64(0.746), 'speaker': 'SPEAKER_02'}, {'word': 'doing', 'start': np.float64(767.054), 'end': np.float64(767.275), 'score': np.float64(0.802), 'speaker': 'SPEAKER_02'}, {'word': 'life.', 'start': np.float64(767.375), 'end': np.float64(767.695), 'score': np.float64(0.91), 'speaker': 'SPEAKER_02'}]",SPEAKER_02
767.816,772.582,"And you kind of had this epiphany of like, this is your first take of this, just like it's my first take.","[{'word': 'And', 'start': np.float64(767.816), 'end': np.float64(767.896), 'score': np.float64(0.83), 'speaker': 'SPEAKER_02'}, {'word': 'you', 'start': np.float64(767.916), 'end': np.float64(768.016), 'score': np.float64(0.942), 'speaker': 'SPEAKER_02'}, {'word': 'kind', 'start': np.float64(768.056), 'end': np.float64(768.176), 'score': np.float64(0.9), 'speaker': 'SPEAKER_02'}, {'word': 'of', 'start': np.float64(768.216), 'end': np.float64(768.276), 'score': np.float64(0.568), 'speaker': 'SPEAKER_02'}, {'word': 'had', 'start': np.float64(768.296), 'end': np.float64(768.396), 'score': np.float64(0.844), 'speaker': 'SPEAKER_02'}, {'word': 'this', 'start': np.float64(768.436), 'end': np.float64(768.557), 'score': np.float64(0.859), 'speaker': 'SPEAKER_02'}, {'word': 'epiphany', 'start': np.float64(768.617), 'end': np.float64(769.137), 'score': np.float64(0.866), 'speaker': 'SPEAKER_02'}, {'word': 'of', 'start': np.float64(769.197), 'end': np.float64(769.258), 'score': np.float64(0.973), 'speaker': 'SPEAKER_02'}, {'word': 'like,', 'start': np.float64(769.338), 'end': np.float64(769.618), 'score': np.float64(0.935), 'speaker': 'SPEAKER_02'}, {'word': 'this', 'start': np.float64(769.758), 'end': np.float64(769.919), 'score': np.float64(0.859), 'speaker': 'SPEAKER_02'}, {'word': 'is', 'start': np.float64(769.999), 'end': np.float64(770.059), 'score': np.float64(0.863), 'speaker': 'SPEAKER_02'}, {'word': 'your', 'start': np.float64(770.099), 'end': np.float64(770.399), 'score': np.float64(0.857), 'speaker': 'SPEAKER_02'}, {'word': 'first', 'start': np.float64(770.479), 'end': np.float64(770.72), 'score': np.float64(0.677), 'speaker': 'SPEAKER_02'}, {'word': 'take', 'start': np.float64(770.78), 'end': np.float64(770.98), 'score': np.float64(0.839), 'speaker': 'SPEAKER_02'}, {'word': 'of', 'start': np.float64(771.02), 'end': np.float64(771.06), 'score': np.float64(0.766), 'speaker': 'SPEAKER_02'}, {'word': 'this,', 'start': np.float64(771.1), 'end': np.float64(771.26), 'score': np.float64(0.934), 'speaker': 'SPEAKER_02'}, {'word': 'just', 'start': np.float64(771.32), 'end': np.float64(771.461), 'score': np.float64(0.667), 'speaker': 'SPEAKER_02'}, {'word': 'like', 'start': np.float64(771.521), 'end': np.float64(771.641), 'score': np.float64(0.761), 'speaker': 'SPEAKER_02'}, {'word': ""it's"", 'start': np.float64(771.701), 'end': np.float64(771.801), 'score': np.float64(0.752), 'speaker': 'SPEAKER_02'}, {'word': 'my', 'start': np.float64(771.861), 'end': np.float64(772.042), 'score': np.float64(0.916), 'speaker': 'SPEAKER_02'}, {'word': 'first', 'start': np.float64(772.082), 'end': np.float64(772.302), 'score': np.float64(0.635), 'speaker': 'SPEAKER_02'}, {'word': 'take.', 'start': np.float64(772.342), 'end': np.float64(772.582), 'score': np.float64(0.921), 'speaker': 'SPEAKER_02'}]",SPEAKER_02
772.983,778.751,"Yeah, there's a 30 year difference between us, but like, we're both doing this for the first time.","[{'word': 'Yeah,', 'start': np.float64(772.983), 'end': np.float64(773.083), 'score': np.float64(0.215), 'speaker': 'SPEAKER_00'}, {'word': ""there's"", 'start': np.float64(773.103), 'end': np.float64(773.283), 'score': np.float64(0.704), 'speaker': 'SPEAKER_02'}, {'word': 'a', 'start': np.float64(773.323), 'end': np.float64(773.363), 'score': np.float64(0.495), 'speaker': 'SPEAKER_02'}, {'word': '30', 'start': np.float64(773.383), 'end': np.float64(773.844), 'score': np.float64(0.815), 'speaker': 'SPEAKER_02'}, {'word': 'year', 'start': np.float64(773.864), 'end': np.float64(774.004), 'score': np.float64(0.734), 'speaker': 'SPEAKER_02'}, {'word': 'difference', 'start': np.float64(774.084), 'end': np.float64(774.405), 'score': np.float64(0.846), 'speaker': 'SPEAKER_02'}, {'word': 'between', 'start': np.float64(774.465), 'end': np.float64(774.765), 'score': np.float64(0.801), 'speaker': 'SPEAKER_02'}, {'word': 'us,', 'start': np.float64(775.146), 'end': np.float64(775.206), 'score': np.float64(0.0), 'speaker': 'SPEAKER_02'}, {'word': 'but', 'start': np.float64(775.226), 'end': np.float64(775.426), 'score': np.float64(0.912), 'speaker': 'SPEAKER_02'}, {'word': 'like,', 'start': np.float64(776.308), 'end': np.float64(776.568), 'score': np.float64(0.938), 'speaker': 'SPEAKER_02'}, {'word': ""we're"", 'start': np.float64(777.009), 'end': np.float64(777.189), 'score': np.float64(0.823), 'speaker': 'SPEAKER_02'}, {'word': 'both', 'start': np.float64(777.249), 'end': np.float64(777.449), 'score': np.float64(0.92), 'speaker': 'SPEAKER_02'}, {'word': 'doing', 'start': np.float64(777.529), 'end': np.float64(777.73), 'score': np.float64(0.885), 'speaker': 'SPEAKER_02'}, {'word': 'this', 'start': np.float64(777.77), 'end': np.float64(777.87), 'score': np.float64(0.843), 'speaker': 'SPEAKER_02'}, {'word': 'for', 'start': np.float64(777.91), 'end': np.float64(777.99), 'score': np.float64(0.994), 'speaker': 'SPEAKER_02'}, {'word': 'the', 'start': np.float64(778.03), 'end': np.float64(778.09), 'score': np.float64(0.96), 'speaker': 'SPEAKER_02'}, {'word': 'first', 'start': np.float64(778.13), 'end': np.float64(778.33), 'score': np.float64(0.675), 'speaker': 'SPEAKER_02'}, {'word': 'time.', 'start': np.float64(778.391), 'end': np.float64(778.751), 'score': np.float64(0.761), 'speaker': 'SPEAKER_02'}]",SPEAKER_02
778.811,781.094,Neither of us have had this experience before.,"[{'word': 'Neither', 'start': np.float64(778.811), 'end': np.float64(779.532), 'score': np.float64(0.92), 'speaker': 'SPEAKER_02'}, {'word': 'of', 'start': np.float64(779.572), 'end': np.float64(779.612), 'score': np.float64(0.994), 'speaker': 'SPEAKER_02'}, {'word': 'us', 'start': np.float64(779.652), 'end': np.float64(779.712), 'score': np.float64(0.832), 'speaker': 'SPEAKER_02'}, {'word': 'have', 'start': np.float64(779.732), 'end': np.float64(779.833), 'score': np.float64(0.907), 'speaker': 'SPEAKER_02'}, {'word': 'had', 'start': np.float64(779.873), 'end': np.float64(780.013), 'score': np.float64(0.689), 'speaker': 'SPEAKER_02'}, {'word': 'this', 'start': np.float64(780.053), 'end': np.float64(780.173), 'score': np.float64(0.858), 'speaker': 'SPEAKER_02'}, {'word': 'experience', 'start': np.float64(780.233), 'end': np.float64(780.714), 'score': np.float64(0.81), 'speaker': 'SPEAKER_02'}, {'word': 'before.', 'start': np.float64(780.734), 'end': np.float64(781.094), 'score': np.float64(0.894), 'speaker': 'SPEAKER_02'}]",SPEAKER_02
781.635,784.92,"And it allows you to just have so much, I wish I could understand that as a kid.","[{'word': 'And', 'start': np.float64(781.635), 'end': np.float64(781.715), 'score': np.float64(0.683), 'speaker': 'SPEAKER_02'}, {'word': 'it', 'start': np.float64(781.755), 'end': np.float64(781.815), 'score': np.float64(0.685), 'speaker': 'SPEAKER_02'}, {'word': 'allows', 'start': np.float64(781.835), 'end': np.float64(782.136), 'score': np.float64(0.651), 'speaker': 'SPEAKER_02'}, {'word': 'you', 'start': np.float64(782.176), 'end': np.float64(782.276), 'score': np.float64(0.338), 'speaker': 'SPEAKER_02'}, {'word': 'to', 'start': np.float64(782.296), 'end': np.float64(782.336), 'score': np.float64(0.476), 'speaker': 'SPEAKER_02'}, {'word': 'just', 'start': np.float64(782.356), 'end': np.float64(782.456), 'score': np.float64(0.803), 'speaker': 'SPEAKER_02'}, {'word': 'have', 'start': np.float64(782.476), 'end': np.float64(782.597), 'score': np.float64(0.895), 'speaker': 'SPEAKER_02'}, {'word': 'so', 'start': np.float64(782.837), 'end': np.float64(783.037), 'score': np.float64(0.964), 'speaker': 'SPEAKER_02'}, {'word': 'much,', 'start': np.float64(783.057), 'end': np.float64(783.217), 'score': np.float64(0.87), 'speaker': 'SPEAKER_02'}, {'word': 'I', 'start': np.float64(783.257), 'end': np.float64(783.277), 'score': np.float64(0.871), 'speaker': 'SPEAKER_02'}, {'word': 'wish', 'start': np.float64(783.338), 'end': np.float64(783.478), 'score': np.float64(0.891), 'speaker': 'SPEAKER_02'}, {'word': 'I', 'start': np.float64(783.518), 'end': np.float64(783.558), 'score': np.float64(0.946), 'speaker': 'SPEAKER_02'}, {'word': 'could', 'start': np.float64(783.598), 'end': np.float64(783.718), 'score': np.float64(0.892), 'speaker': 'SPEAKER_02'}, {'word': 'understand', 'start': np.float64(783.778), 'end': np.float64(784.159), 'score': np.float64(0.811), 'speaker': 'SPEAKER_02'}, {'word': 'that', 'start': np.float64(784.199), 'end': np.float64(784.299), 'score': np.float64(0.976), 'speaker': 'SPEAKER_02'}, {'word': 'as', 'start': np.float64(784.339), 'end': np.float64(784.419), 'score': np.float64(0.884), 'speaker': 'SPEAKER_02'}, {'word': 'a', 'start': np.float64(784.479), 'end': np.float64(784.499), 'score': np.float64(0.983), 'speaker': 'SPEAKER_02'}, {'word': 'kid.', 'start': np.float64(784.559), 'end': np.float64(784.92), 'score': np.float64(0.928), 'speaker': 'SPEAKER_02'}]",SPEAKER_02
784.96,789.987,"And so I feel like it's allowed me to view you in a much more,","[{'word': 'And', 'start': np.float64(784.96), 'end': np.float64(785.601), 'score': np.float64(0.792), 'speaker': 'SPEAKER_02'}, {'word': 'so', 'start': np.float64(785.621), 'end': np.float64(785.721), 'score': np.float64(0.827), 'speaker': 'SPEAKER_02'}, {'word': 'I', 'start': np.float64(785.761), 'end': np.float64(785.781), 'score': np.float64(0.861), 'speaker': 'SPEAKER_02'}, {'word': 'feel', 'start': np.float64(785.841), 'end': np.float64(785.981), 'score': np.float64(0.958), 'speaker': 'SPEAKER_02'}, {'word': 'like', 'start': np.float64(786.021), 'end': np.float64(786.122), 'score': np.float64(0.959), 'speaker': 'SPEAKER_02'}, {'word': ""it's"", 'start': np.float64(786.182), 'end': np.float64(786.302), 'score': np.float64(0.709), 'speaker': 'SPEAKER_02'}, {'word': 'allowed', 'start': np.float64(786.582), 'end': np.float64(786.883), 'score': np.float64(0.798), 'speaker': 'SPEAKER_02'}, {'word': 'me', 'start': np.float64(786.923), 'end': np.float64(787.023), 'score': np.float64(0.91), 'speaker': 'SPEAKER_02'}, {'word': 'to', 'start': np.float64(787.083), 'end': np.float64(787.263), 'score': np.float64(0.982), 'speaker': 'SPEAKER_02'}, {'word': 'view', 'start': np.float64(787.664), 'end': np.float64(787.884), 'score': np.float64(0.767), 'speaker': 'SPEAKER_02'}, {'word': 'you', 'start': np.float64(787.944), 'end': np.float64(788.064), 'score': np.float64(0.908), 'speaker': 'SPEAKER_02'}, {'word': 'in', 'start': np.float64(788.124), 'end': np.float64(788.164), 'score': np.float64(0.699), 'speaker': 'SPEAKER_02'}, {'word': 'a', 'start': np.float64(788.184), 'end': np.float64(788.204), 'score': np.float64(0.961), 'speaker': 'SPEAKER_02'}, {'word': 'much', 'start': np.float64(788.485), 'end': np.float64(788.705), 'score': np.float64(0.881), 'speaker': 'SPEAKER_02'}, {'word': 'more,', 'start': np.float64(788.805), 'end': np.float64(789.987), 'score': np.float64(0.877), 'speaker': 'SPEAKER_02'}]",SPEAKER_02
789.967,798.294, realistic way and just have so much more empathy for you and understanding and the ability to just see you for who you are outside of my mom.,"[{'word': 'realistic', 'start': np.float64(789.967), 'end': np.float64(790.708), 'score': np.float64(0.869), 'speaker': 'SPEAKER_02'}, {'word': 'way', 'start': np.float64(790.768), 'end': np.float64(791.048), 'score': np.float64(0.79), 'speaker': 'SPEAKER_02'}, {'word': 'and', 'start': np.float64(791.088), 'end': np.float64(791.228), 'score': np.float64(0.436), 'speaker': 'SPEAKER_02'}, {'word': 'just', 'start': np.float64(791.248), 'end': np.float64(791.368), 'score': np.float64(0.727), 'speaker': 'SPEAKER_02'}, {'word': 'have', 'start': np.float64(791.408), 'end': np.float64(791.528), 'score': np.float64(0.646), 'speaker': 'SPEAKER_02'}, {'word': 'so', 'start': np.float64(791.669), 'end': np.float64(791.829), 'score': np.float64(0.936), 'speaker': 'SPEAKER_02'}, {'word': 'much', 'start': np.float64(791.869), 'end': np.float64(792.009), 'score': np.float64(0.858), 'speaker': 'SPEAKER_02'}, {'word': 'more', 'start': np.float64(792.049), 'end': np.float64(792.189), 'score': np.float64(0.74), 'speaker': 'SPEAKER_02'}, {'word': 'empathy', 'start': np.float64(792.289), 'end': np.float64(792.649), 'score': np.float64(0.857), 'speaker': 'SPEAKER_02'}, {'word': 'for', 'start': np.float64(792.729), 'end': np.float64(792.85), 'score': np.float64(0.956), 'speaker': 'SPEAKER_02'}, {'word': 'you', 'start': np.float64(792.89), 'end': np.float64(793.07), 'score': np.float64(0.663), 'speaker': 'SPEAKER_02'}, {'word': 'and', 'start': np.float64(793.11), 'end': np.float64(793.931), 'score': np.float64(0.791), 'speaker': 'SPEAKER_02'}, {'word': 'understanding', 'start': np.float64(793.991), 'end': np.float64(794.571), 'score': np.float64(0.895), 'speaker': 'SPEAKER_02'}, {'word': 'and', 'start': np.float64(794.591), 'end': np.float64(794.671), 'score': np.float64(0.822), 'speaker': 'SPEAKER_02'}, {'word': 'the', 'start': np.float64(794.691), 'end': np.float64(794.751), 'score': np.float64(0.993), 'speaker': 'SPEAKER_02'}, {'word': 'ability', 'start': np.float64(794.811), 'end': np.float64(795.152), 'score': np.float64(0.771), 'speaker': 'SPEAKER_02'}, {'word': 'to', 'start': np.float64(795.192), 'end': np.float64(795.272), 'score': np.float64(0.748), 'speaker': 'SPEAKER_02'}, {'word': 'just', 'start': np.float64(795.332), 'end': np.float64(795.492), 'score': np.float64(0.797), 'speaker': 'SPEAKER_02'}, {'word': 'see', 'start': np.float64(795.612), 'end': np.float64(795.832), 'score': np.float64(0.883), 'speaker': 'SPEAKER_02'}, {'word': 'you', 'start': np.float64(795.872), 'end': np.float64(796.052), 'score': np.float64(0.677), 'speaker': 'SPEAKER_02'}, {'word': 'for', 'start': np.float64(796.193), 'end': np.float64(796.393), 'score': np.float64(0.91), 'speaker': 'SPEAKER_02'}, {'word': 'who', 'start': np.float64(796.433), 'end': np.float64(796.913), 'score': np.float64(0.936), 'speaker': 'SPEAKER_02'}, {'word': 'you', 'start': np.float64(796.953), 'end': np.float64(797.053), 'score': np.float64(0.863), 'speaker': 'SPEAKER_02'}, {'word': 'are', 'start': np.float64(797.113), 'end': np.float64(797.214), 'score': np.float64(0.699), 'speaker': 'SPEAKER_02'}, {'word': 'outside', 'start': np.float64(797.274), 'end': np.float64(797.654), 'score': np.float64(0.813), 'speaker': 'SPEAKER_02'}, {'word': 'of', 'start': np.float64(797.694), 'end': np.float64(797.734), 'score': np.float64(0.992), 'speaker': 'SPEAKER_02'}, {'word': 'my', 'start': np.float64(797.794), 'end': np.float64(797.914), 'score': np.float64(0.971), 'speaker': 'SPEAKER_02'}, {'word': 'mom.', 'start': np.float64(797.954), 'end': np.float64(798.294), 'score': np.float64(0.936), 'speaker': 'SPEAKER_02'}]",SPEAKER_02
798.395,799.616,And I'm really grateful for that.,"[{'word': 'And', 'start': np.float64(798.395), 'end': np.float64(798.475), 'score': np.float64(0.978), 'speaker': 'SPEAKER_02'}, {'word': ""I'm"", 'start': np.float64(798.495), 'end': np.float64(798.595), 'score': np.float64(0.844), 'speaker': 'SPEAKER_02'}, {'word': 'really', 'start': np.float64(798.635), 'end': np.float64(798.815), 'score': np.float64(0.803), 'speaker': 'SPEAKER_02'}, {'word': 'grateful', 'start': np.float64(798.875), 'end': np.float64(799.195), 'score': np.float64(0.845), 'speaker': 'SPEAKER_02'}, {'word': 'for', 'start': np.float64(799.255), 'end': np.float64(799.355), 'score': np.float64(0.979), 'speaker': 'SPEAKER_02'}, {'word': 'that.', 'start': np.float64(799.395), 'end': np.float64(799.616), 'score': np.float64(0.91), 'speaker': 'SPEAKER_02'}]",SPEAKER_02
800.637,804.64,I feel like it's made me love you even more and respect you even more.,"[{'word': 'I', 'start': np.float64(800.637), 'end': np.float64(800.697), 'score': np.float64(0.626), 'speaker': 'SPEAKER_02'}, {'word': 'feel', 'start': np.float64(800.737), 'end': np.float64(800.837), 'score': np.float64(0.376), 'speaker': 'SPEAKER_02'}, {'word': 'like', 'start': np.float64(800.857), 'end': np.float64(800.937), 'score': np.float64(0.227), 'speaker': 'SPEAKER_02'}, {'word': ""it's"", 'start': np.float64(800.957), 'end': np.float64(801.057), 'score': np.float64(0.847), 'speaker': 'SPEAKER_02'}, {'word': 'made', 'start': np.float64(801.077), 'end': np.float64(801.197), 'score': np.float64(0.899), 'speaker': 'SPEAKER_02'}, {'word': 'me', 'start': np.float64(801.237), 'end': np.float64(801.297), 'score': np.float64(0.814), 'speaker': 'SPEAKER_02'}, {'word': 'love', 'start': np.float64(801.357), 'end': np.float64(801.517), 'score': np.float64(0.919), 'speaker': 'SPEAKER_02'}, {'word': 'you', 'start': np.float64(801.537), 'end': np.float64(801.637), 'score': np.float64(0.595), 'speaker': 'SPEAKER_02'}, {'word': 'even', 'start': np.float64(801.718), 'end': np.float64(801.898), 'score': np.float64(0.922), 'speaker': 'SPEAKER_02'}, {'word': 'more', 'start': np.float64(801.938), 'end': np.float64(802.178), 'score': np.float64(0.849), 'speaker': 'SPEAKER_02'}, {'word': 'and', 'start': np.float64(802.218), 'end': np.float64(803.519), 'score': np.float64(0.876), 'speaker': 'SPEAKER_02'}, {'word': 'respect', 'start': np.float64(803.579), 'end': np.float64(803.96), 'score': np.float64(0.767), 'speaker': 'SPEAKER_02'}, {'word': 'you', 'start': np.float64(804.0), 'end': np.float64(804.18), 'score': np.float64(0.447), 'speaker': 'SPEAKER_02'}, {'word': 'even', 'start': np.float64(804.26), 'end': np.float64(804.42), 'score': np.float64(0.96), 'speaker': 'SPEAKER_02'}, {'word': 'more.', 'start': np.float64(804.44), 'end': np.float64(804.64), 'score': np.float64(0.893), 'speaker': 'SPEAKER_02'}]",SPEAKER_02
807.002,808.404,What does my love feel like?,"[{'word': 'What', 'start': np.float64(807.002), 'end': np.float64(807.142), 'score': np.float64(0.881), 'speaker': 'SPEAKER_02'}, {'word': 'does', 'start': np.float64(807.203), 'end': np.float64(807.343), 'score': np.float64(0.671), 'speaker': 'SPEAKER_02'}, {'word': 'my', 'start': np.float64(807.403), 'end': np.float64(807.523), 'score': np.float64(0.827), 'speaker': 'SPEAKER_02'}, {'word': 'love', 'start': np.float64(807.603), 'end': np.float64(807.823), 'score': np.float64(0.857), 'speaker': 'SPEAKER_02'}, {'word': 'feel', 'start': np.float64(807.903), 'end': np.float64(808.083), 'score': np.float64(0.931), 'speaker': 'SPEAKER_02'}, {'word': 'like?', 'start': np.float64(808.143), 'end': np.float64(808.404), 'score': np.float64(0.838), 'speaker': 'SPEAKER_02'}]",SPEAKER_02
810.726,811.406,"Oh, gosh.","[{'word': 'Oh,', 'start': np.float64(810.726), 'end': np.float64(810.886), 'score': np.float64(0.842), 'speaker': 'SPEAKER_01'}, {'word': 'gosh.', 'start': np.float64(810.966), 'end': np.float64(811.406), 'score': np.float64(0.809), 'speaker': 'SPEAKER_01'}]",SPEAKER_01
816.351,818.893,"Just in the last five years,","[{'word': 'Just', 'start': np.float64(816.351), 'end': np.float64(816.551), 'score': np.float64(0.757), 'speaker': 'SPEAKER_01'}, {'word': 'in', 'start': np.float64(816.651), 'end': np.float64(816.711), 'score': np.float64(0.92), 'speaker': 'SPEAKER_01'}, {'word': 'the', 'start': np.float64(816.771), 'end': np.float64(816.871), 'score': np.float64(0.988), 'speaker': 'SPEAKER_01'}, {'word': 'last', 'start': np.float64(816.931), 'end': np.float64(817.212), 'score': np.float64(0.79), 'speaker': 'SPEAKER_01'}, {'word': 'five', 'start': np.float64(817.292), 'end': np.float64(817.532), 'score': np.float64(0.796), 'speaker': 'SPEAKER_01'}, {'word': 'years,', 'start': np.float64(817.612), 'end': np.float64(818.893), 'score': np.float64(0.755), 'speaker': 'SPEAKER_01'}]",SPEAKER_01
819.177,821.761, I've noticed that you kind of take care of me.,"[{'word': ""I've"", 'start': np.float64(819.177), 'end': np.float64(819.437), 'score': np.float64(0.71), 'speaker': 'SPEAKER_01'}, {'word': 'noticed', 'start': np.float64(819.538), 'end': np.float64(820.018), 'score': np.float64(0.889), 'speaker': 'SPEAKER_01'}, {'word': 'that', 'start': np.float64(820.078), 'end': np.float64(820.199), 'score': np.float64(0.927), 'speaker': 'SPEAKER_01'}, {'word': 'you', 'start': np.float64(820.239), 'end': np.float64(820.339), 'score': np.float64(0.99), 'speaker': 'SPEAKER_01'}, {'word': 'kind', 'start': np.float64(820.379), 'end': np.float64(820.559), 'score': np.float64(0.787), 'speaker': 'SPEAKER_01'}, {'word': 'of', 'start': np.float64(820.619), 'end': np.float64(820.679), 'score': np.float64(0.878), 'speaker': 'SPEAKER_01'}, {'word': 'take', 'start': np.float64(820.799), 'end': np.float64(821.02), 'score': np.float64(0.806), 'speaker': 'SPEAKER_01'}, {'word': 'care', 'start': np.float64(821.08), 'end': np.float64(821.34), 'score': np.float64(0.764), 'speaker': 'SPEAKER_01'}, {'word': 'of', 'start': np.float64(821.42), 'end': np.float64(821.46), 'score': np.float64(0.97), 'speaker': 'SPEAKER_01'}, {'word': 'me.', 'start': np.float64(821.561), 'end': np.float64(821.761), 'score': np.float64(0.958), 'speaker': 'SPEAKER_01'}]",SPEAKER_01
822.602,830.614,"And part of me doesn't like it because I feel like, oh my God, like how does she see me as like an old woman?","[{'word': 'And', 'start': np.float64(822.602), 'end': np.float64(822.682), 'score': np.float64(0.686), 'speaker': 'SPEAKER_01'}, {'word': 'part', 'start': np.float64(823.083), 'end': np.float64(823.323), 'score': np.float64(0.792), 'speaker': 'SPEAKER_01'}, {'word': 'of', 'start': np.float64(823.343), 'end': np.float64(823.383), 'score': np.float64(0.004), 'speaker': 'SPEAKER_01'}, {'word': 'me', 'start': np.float64(823.403), 'end': np.float64(823.564), 'score': np.float64(0.771), 'speaker': 'SPEAKER_01'}, {'word': ""doesn't"", 'start': np.float64(823.724), 'end': np.float64(824.064), 'score': np.float64(0.845), 'speaker': 'SPEAKER_01'}, {'word': 'like', 'start': np.float64(824.125), 'end': np.float64(824.385), 'score': np.float64(0.893), 'speaker': 'SPEAKER_01'}, {'word': 'it', 'start': np.float64(824.425), 'end': np.float64(824.485), 'score': np.float64(0.726), 'speaker': 'SPEAKER_01'}, {'word': 'because', 'start': np.float64(825.607), 'end': np.float64(826.348), 'score': np.float64(0.879), 'speaker': 'SPEAKER_01'}, {'word': 'I', 'start': np.float64(826.368), 'end': np.float64(826.388), 'score': np.float64(0.997), 'speaker': 'SPEAKER_01'}, {'word': 'feel', 'start': np.float64(826.428), 'end': np.float64(827.169), 'score': np.float64(0.748), 'speaker': 'SPEAKER_01'}, {'word': 'like,', 'start': np.float64(827.209), 'end': np.float64(827.45), 'score': np.float64(0.835), 'speaker': 'SPEAKER_01'}, {'word': 'oh', 'start': np.float64(828.01), 'end': np.float64(828.05), 'score': np.float64(0.226), 'speaker': 'SPEAKER_01'}, {'word': 'my', 'start': np.float64(828.071), 'end': np.float64(828.171), 'score': np.float64(0.918), 'speaker': 'SPEAKER_01'}, {'word': 'God,', 'start': np.float64(828.231), 'end': np.float64(828.551), 'score': np.float64(0.929), 'speaker': 'SPEAKER_01'}, {'word': 'like', 'start': np.float64(828.631), 'end': np.float64(828.792), 'score': np.float64(0.59), 'speaker': 'SPEAKER_01'}, {'word': 'how', 'start': np.float64(828.832), 'end': np.float64(829.032), 'score': np.float64(0.834), 'speaker': 'SPEAKER_01'}, {'word': 'does', 'start': np.float64(829.052), 'end': np.float64(829.152), 'score': np.float64(0.659), 'speaker': 'SPEAKER_01'}, {'word': 'she', 'start': np.float64(829.192), 'end': np.float64(829.332), 'score': np.float64(0.87), 'speaker': 'SPEAKER_01'}, {'word': 'see', 'start': np.float64(829.373), 'end': np.float64(829.553), 'score': np.float64(0.935), 'speaker': 'SPEAKER_01'}, {'word': 'me', 'start': np.float64(829.593), 'end': np.float64(829.673), 'score': np.float64(0.962), 'speaker': 'SPEAKER_01'}, {'word': 'as', 'start': np.float64(829.753), 'end': np.float64(829.833), 'score': np.float64(0.728), 'speaker': 'SPEAKER_01'}, {'word': 'like', 'start': np.float64(829.873), 'end': np.float64(829.993), 'score': np.float64(0.893), 'speaker': 'SPEAKER_01'}, {'word': 'an', 'start': np.float64(830.054), 'end': np.float64(830.094), 'score': np.float64(0.996), 'speaker': 'SPEAKER_01'}, {'word': 'old', 'start': np.float64(830.154), 'end': np.float64(830.254), 'score': np.float64(0.947), 'speaker': 'SPEAKER_01'}, {'word': 'woman?', 'start': np.float64(830.334), 'end': np.float64(830.614), 'score': np.float64(0.956), 'speaker': 'SPEAKER_01'}]",SPEAKER_01
830.654,839.047,"She's gotta help me cross the street or she's gotta help me with my bags or she's gotta help me, you know, sometimes I feel like, wait.","[{'word': ""She's"", 'start': np.float64(830.654), 'end': np.float64(831.576), 'score': np.float64(0.548), 'speaker': 'SPEAKER_01'}, {'word': 'gotta', 'start': np.float64(831.596), 'end': np.float64(831.776), 'score': np.float64(0.313), 'speaker': 'SPEAKER_01'}, {'word': 'help', 'start': np.float64(831.816), 'end': np.float64(831.936), 'score': np.float64(0.848), 'speaker': 'SPEAKER_01'}, {'word': 'me', 'start': np.float64(831.976), 'end': np.float64(832.037), 'score': np.float64(0.772), 'speaker': 'SPEAKER_01'}, {'word': 'cross', 'start': np.float64(832.097), 'end': np.float64(832.317), 'score': np.float64(0.915), 'speaker': 'SPEAKER_01'}, {'word': 'the', 'start': np.float64(832.377), 'end': np.float64(832.457), 'score': np.float64(0.941), 'speaker': 'SPEAKER_01'}, {'word': 'street', 'start': np.float64(832.497), 'end': np.float64(832.778), 'score': np.float64(0.856), 'speaker': 'SPEAKER_01'}, {'word': 'or', 'start': np.float64(832.818), 'end': np.float64(832.878), 'score': np.float64(0.771), 'speaker': 'SPEAKER_01'}, {'word': ""she's"", 'start': np.float64(832.938), 'end': np.float64(833.098), 'score': np.float64(0.879), 'speaker': 'SPEAKER_01'}, {'word': 'gotta', 'start': np.float64(833.118), 'end': np.float64(833.298), 'score': np.float64(0.427), 'speaker': 'SPEAKER_01'}, {'word': 'help', 'start': np.float64(833.359), 'end': np.float64(833.479), 'score': np.float64(0.995), 'speaker': 'SPEAKER_01'}, {'word': 'me', 'start': np.float64(833.499), 'end': np.float64(833.579), 'score': np.float64(0.552), 'speaker': 'SPEAKER_01'}, {'word': 'with', 'start': np.float64(833.599), 'end': np.float64(833.679), 'score': np.float64(0.302), 'speaker': 'SPEAKER_01'}, {'word': 'my', 'start': np.float64(833.719), 'end': np.float64(833.899), 'score': np.float64(0.878), 'speaker': 'SPEAKER_01'}, {'word': 'bags', 'start': np.float64(833.98), 'end': np.float64(834.4), 'score': np.float64(0.847), 'speaker': 'SPEAKER_01'}, {'word': 'or', 'start': np.float64(834.48), 'end': np.float64(834.54), 'score': np.float64(0.92), 'speaker': 'SPEAKER_01'}, {'word': ""she's"", 'start': np.float64(834.6), 'end': np.float64(834.761), 'score': np.float64(0.783), 'speaker': 'SPEAKER_01'}, {'word': 'gotta', 'start': np.float64(834.801), 'end': np.float64(835.001), 'score': np.float64(0.502), 'speaker': 'SPEAKER_01'}, {'word': 'help', 'start': np.float64(835.041), 'end': np.float64(835.201), 'score': np.float64(0.741), 'speaker': 'SPEAKER_01'}, {'word': 'me,', 'start': np.float64(835.241), 'end': np.float64(835.362), 'score': np.float64(0.965), 'speaker': 'SPEAKER_01'}, {'word': 'you', 'start': np.float64(835.983), 'end': np.float64(836.083), 'score': np.float64(0.83), 'speaker': 'SPEAKER_01'}, {'word': 'know,', 'start': np.float64(836.123), 'end': np.float64(836.283), 'score': np.float64(0.947), 'speaker': 'SPEAKER_01'}, {'word': 'sometimes', 'start': np.float64(836.563), 'end': np.float64(837.024), 'score': np.float64(0.874), 'speaker': 'SPEAKER_01'}, {'word': 'I', 'start': np.float64(837.164), 'end': np.float64(837.244), 'score': np.float64(0.99), 'speaker': 'SPEAKER_01'}, {'word': 'feel', 'start': np.float64(838.146), 'end': np.float64(838.326), 'score': np.float64(0.776), 'speaker': 'SPEAKER_01'}, {'word': 'like,', 'start': np.float64(838.366), 'end': np.float64(838.526), 'score': np.float64(0.881), 'speaker': 'SPEAKER_01'}, {'word': 'wait.', 'start': np.float64(838.647), 'end': np.float64(839.047), 'score': np.float64(0.718), 'speaker': 'SPEAKER_01'}]",SPEAKER_01
840.069,843.534,"But honestly, I actually really love it.","[{'word': 'But', 'start': np.float64(840.069), 'end': np.float64(840.209), 'score': np.float64(0.955), 'speaker': 'SPEAKER_01'}, {'word': 'honestly,', 'start': np.float64(840.289), 'end': np.float64(840.89), 'score': np.float64(0.89), 'speaker': 'SPEAKER_01'}, {'word': 'I', 'start': np.float64(840.91), 'end': np.float64(840.93), 'score': np.float64(0.996), 'speaker': 'SPEAKER_01'}, {'word': 'actually', 'start': np.float64(840.97), 'end': np.float64(842.573), 'score': np.float64(0.691), 'speaker': 'SPEAKER_01'}, {'word': 'really', 'start': np.float64(842.613), 'end': np.float64(843.113), 'score': np.float64(0.676), 'speaker': 'SPEAKER_01'}, {'word': 'love', 'start': np.float64(843.194), 'end': np.float64(843.414), 'score': np.float64(0.912), 'speaker': 'SPEAKER_01'}, {'word': 'it.', 'start': np.float64(843.454), 'end': np.float64(843.534), 'score': np.float64(0.826), 'speaker': 'SPEAKER_01'}]",SPEAKER_01
844.155,845.757,Because I just feel taken care of.,"[{'word': 'Because', 'start': np.float64(844.155), 'end': np.float64(844.375), 'score': np.float64(0.9), 'speaker': 'SPEAKER_01'}, {'word': 'I', 'start': np.float64(844.415), 'end': np.float64(844.495), 'score': np.float64(0.949), 'speaker': 'SPEAKER_01'}, {'word': 'just', 'start': np.float64(844.536), 'end': np.float64(844.676), 'score': np.float64(0.994), 'speaker': 'SPEAKER_01'}, {'word': 'feel', 'start': np.float64(844.696), 'end': np.float64(844.876), 'score': np.float64(0.942), 'speaker': 'SPEAKER_01'}, {'word': 'taken', 'start': np.float64(844.936), 'end': np.float64(845.177), 'score': np.float64(0.863), 'speaker': 'SPEAKER_01'}, {'word': 'care', 'start': np.float64(845.237), 'end': np.float64(845.517), 'score': np.float64(0.563), 'speaker': 'SPEAKER_01'}, {'word': 'of.', 'start': np.float64(845.677), 'end': np.float64(845.757), 'score': np.float64(0.823), 'speaker': 'SPEAKER_01'}]",SPEAKER_01
846.058,847.48,"I feel like you just,","[{'word': 'I', 'start': np.float64(846.058), 'end': np.float64(846.118), 'score': np.float64(0.678), 'speaker': 'SPEAKER_01'}, {'word': 'feel', 'start': np.float64(846.178), 'end': np.float64(846.318), 'score': np.float64(0.889), 'speaker': 'SPEAKER_01'}, {'word': 'like', 'start': np.float64(846.338), 'end': np.float64(846.479), 'score': np.float64(0.816), 'speaker': 'SPEAKER_01'}, {'word': 'you', 'start': np.float64(846.499), 'end': np.float64(846.619), 'score': np.float64(0.953), 'speaker': 'SPEAKER_01'}, {'word': 'just,', 'start': np.float64(846.659), 'end': np.float64(847.48), 'score': np.float64(0.916), 'speaker': 'SPEAKER_01'}]",SPEAKER_01
847.73,849.092, would do anything for me.,"[{'word': 'would', 'start': np.float64(847.73), 'end': np.float64(847.99), 'score': np.float64(0.872), 'speaker': 'SPEAKER_01'}, {'word': 'do', 'start': np.float64(848.05), 'end': np.float64(848.171), 'score': np.float64(0.998), 'speaker': 'SPEAKER_01'}, {'word': 'anything', 'start': np.float64(848.411), 'end': np.float64(848.772), 'score': np.float64(0.831), 'speaker': 'SPEAKER_01'}, {'word': 'for', 'start': np.float64(848.852), 'end': np.float64(848.952), 'score': np.float64(0.979), 'speaker': 'SPEAKER_01'}, {'word': 'me.', 'start': np.float64(848.992), 'end': np.float64(849.092), 'score': np.float64(0.994), 'speaker': 'SPEAKER_01'}]",SPEAKER_01
849.112,850.474,That's what your love feels like.,"[{'word': ""That's"", 'start': np.float64(849.112), 'end': np.float64(849.292), 'score': np.float64(0.881), 'speaker': 'SPEAKER_01'}, {'word': 'what', 'start': np.float64(849.312), 'end': np.float64(849.433), 'score': np.float64(0.91), 'speaker': 'SPEAKER_01'}, {'word': 'your', 'start': np.float64(849.453), 'end': np.float64(849.593), 'score': np.float64(0.794), 'speaker': 'SPEAKER_01'}, {'word': 'love', 'start': np.float64(849.653), 'end': np.float64(849.833), 'score': np.float64(0.744), 'speaker': 'SPEAKER_01'}, {'word': 'feels', 'start': np.float64(849.893), 'end': np.float64(850.174), 'score': np.float64(0.782), 'speaker': 'SPEAKER_01'}, {'word': 'like.', 'start': np.float64(850.234), 'end': np.float64(850.474), 'score': np.float64(0.821), 'speaker': 'SPEAKER_01'}]",SPEAKER_01
850.574,852.818,Like you would be there for me no matter what.,"[{'word': 'Like', 'start': np.float64(850.574), 'end': np.float64(850.735), 'score': np.float64(0.746), 'speaker': 'SPEAKER_01'}, {'word': 'you', 'start': np.float64(850.815), 'end': np.float64(850.995), 'score': np.float64(0.717), 'speaker': 'SPEAKER_01'}, {'word': 'would', 'start': np.float64(851.115), 'end': np.float64(851.295), 'score': np.float64(0.81), 'speaker': 'SPEAKER_01'}, {'word': 'be', 'start': np.float64(851.356), 'end': np.float64(851.456), 'score': np.float64(0.693), 'speaker': 'SPEAKER_01'}, {'word': 'there', 'start': np.float64(851.516), 'end': np.float64(851.696), 'score': np.float64(0.759), 'speaker': 'SPEAKER_01'}, {'word': 'for', 'start': np.float64(851.756), 'end': np.float64(851.876), 'score': np.float64(0.786), 'speaker': 'SPEAKER_01'}, {'word': 'me', 'start': np.float64(851.916), 'end': np.float64(851.996), 'score': np.float64(0.992), 'speaker': 'SPEAKER_01'}, {'word': 'no', 'start': np.float64(852.057), 'end': np.float64(852.157), 'score': np.float64(0.828), 'speaker': 'SPEAKER_01'}, {'word': 'matter', 'start': np.float64(852.177), 'end': np.float64(852.437), 'score': np.float64(0.988), 'speaker': 'SPEAKER_01'}, {'word': 'what.', 'start': np.float64(852.517), 'end': np.float64(852.818), 'score': np.float64(0.969), 'speaker': 'SPEAKER_01'}]",SPEAKER_01
852.858,862.172,And it's something I'm so grateful for that I feel sorry for my friends that don't have that with their daughters or sons.,"[{'word': 'And', 'start': np.float64(852.858), 'end': np.float64(854.22), 'score': np.float64(0.902), 'speaker': 'SPEAKER_01'}, {'word': ""it's"", 'start': np.float64(854.26), 'end': np.float64(855.522), 'score': np.float64(0.959), 'speaker': 'SPEAKER_01'}, {'word': 'something', 'start': np.float64(855.562), 'end': np.float64(856.083), 'score': np.float64(0.892), 'speaker': 'SPEAKER_01'}, {'word': ""I'm"", 'start': np.float64(856.103), 'end': np.float64(856.163), 'score': np.float64(0.332), 'speaker': 'SPEAKER_01'}, {'word': 'so', 'start': np.float64(857.345), 'end': np.float64(857.505), 'score': np.float64(0.973), 'speaker': 'SPEAKER_01'}, {'word': 'grateful', 'start': np.float64(857.565), 'end': np.float64(857.926), 'score': np.float64(0.836), 'speaker': 'SPEAKER_01'}, {'word': 'for', 'start': np.float64(858.006), 'end': np.float64(858.146), 'score': np.float64(0.724), 'speaker': 'SPEAKER_01'}, {'word': 'that', 'start': np.float64(858.206), 'end': np.float64(858.326), 'score': np.float64(0.944), 'speaker': 'SPEAKER_01'}, {'word': 'I', 'start': np.float64(858.366), 'end': np.float64(858.386), 'score': np.float64(0.998), 'speaker': 'SPEAKER_01'}, {'word': 'feel', 'start': np.float64(858.446), 'end': np.float64(858.607), 'score': np.float64(0.948), 'speaker': 'SPEAKER_01'}, {'word': 'sorry', 'start': np.float64(858.667), 'end': np.float64(858.887), 'score': np.float64(0.933), 'speaker': 'SPEAKER_01'}, {'word': 'for', 'start': np.float64(858.947), 'end': np.float64(859.047), 'score': np.float64(0.738), 'speaker': 'SPEAKER_01'}, {'word': 'my', 'start': np.float64(859.107), 'end': np.float64(859.207), 'score': np.float64(0.996), 'speaker': 'SPEAKER_01'}, {'word': 'friends', 'start': np.float64(859.268), 'end': np.float64(859.488), 'score': np.float64(0.73), 'speaker': 'SPEAKER_01'}, {'word': 'that', 'start': np.float64(859.528), 'end': np.float64(859.628), 'score': np.float64(0.675), 'speaker': 'SPEAKER_01'}, {'word': ""don't"", 'start': np.float64(859.668), 'end': np.float64(859.848), 'score': np.float64(0.871), 'speaker': 'SPEAKER_01'}, {'word': 'have', 'start': np.float64(859.889), 'end': np.float64(860.049), 'score': np.float64(0.965), 'speaker': 'SPEAKER_01'}, {'word': 'that', 'start': np.float64(860.089), 'end': np.float64(860.309), 'score': np.float64(0.965), 'speaker': 'SPEAKER_01'}, {'word': 'with', 'start': np.float64(860.77), 'end': np.float64(860.89), 'score': np.float64(0.908), 'speaker': 'SPEAKER_01'}, {'word': 'their', 'start': np.float64(860.93), 'end': np.float64(861.07), 'score': np.float64(0.813), 'speaker': 'SPEAKER_01'}, {'word': 'daughters', 'start': np.float64(861.09), 'end': np.float64(861.491), 'score': np.float64(0.771), 'speaker': 'SPEAKER_01'}, {'word': 'or', 'start': np.float64(861.711), 'end': np.float64(861.791), 'score': np.float64(0.784), 'speaker': 'SPEAKER_01'}, {'word': 'sons.', 'start': np.float64(861.851), 'end': np.float64(862.172), 'score': np.float64(0.867), 'speaker': 'SPEAKER_01'}]",SPEAKER_01
862.793,863.274,Yeah.,"[{'word': 'Yeah.', 'start': np.float64(862.793), 'end': np.float64(863.274), 'score': np.float64(0.665), 'speaker': 'SPEAKER_01'}]",SPEAKER_01
863.294,867.46,Because it's just an awesome feeling to feel that from your adult child.,"[{'word': 'Because', 'start': np.float64(863.294), 'end': np.float64(863.494), 'score': np.float64(0.79), 'speaker': 'SPEAKER_01'}, {'word': ""it's"", 'start': np.float64(863.534), 'end': np.float64(863.694), 'score': np.float64(0.452), 'speaker': 'SPEAKER_01'}, {'word': 'just', 'start': np.float64(863.734), 'end': np.float64(863.955), 'score': np.float64(0.91), 'speaker': 'SPEAKER_01'}, {'word': 'an', 'start': np.float64(864.015), 'end': np.float64(864.095), 'score': np.float64(0.752), 'speaker': 'SPEAKER_01'}, {'word': 'awesome', 'start': np.float64(864.195), 'end': np.float64(864.516), 'score': np.float64(0.949), 'speaker': 'SPEAKER_01'}, {'word': 'feeling', 'start': np.float64(864.556), 'end': np.float64(864.916), 'score': np.float64(0.846), 'speaker': 'SPEAKER_01'}, {'word': 'to', 'start': np.float64(865.377), 'end': np.float64(865.497), 'score': np.float64(0.973), 'speaker': 'SPEAKER_01'}, {'word': 'feel', 'start': np.float64(865.557), 'end': np.float64(865.737), 'score': np.float64(0.942), 'speaker': 'SPEAKER_01'}, {'word': 'that', 'start': np.float64(865.818), 'end': np.float64(866.078), 'score': np.float64(0.968), 'speaker': 'SPEAKER_01'}, {'word': 'from', 'start': np.float64(866.118), 'end': np.float64(866.338), 'score': np.float64(0.711), 'speaker': 'SPEAKER_01'}, {'word': 'your', 'start': np.float64(866.398), 'end': np.float64(866.559), 'score': np.float64(0.762), 'speaker': 'SPEAKER_01'}, {'word': 'adult', 'start': np.float64(866.579), 'end': np.float64(866.839), 'score': np.float64(0.716), 'speaker': 'SPEAKER_01'}, {'word': 'child.', 'start': np.float64(866.899), 'end': np.float64(867.46), 'score': np.float64(0.796), 'speaker': 'SPEAKER_01'}]",SPEAKER_01
868.368,872.172," that no matter what happens to me, I'll never be alone.","[{'word': 'that', 'start': np.float64(868.368), 'end': np.float64(870.01), 'score': np.float64(0.928), 'speaker': 'SPEAKER_01'}, {'word': 'no', 'start': np.float64(870.05), 'end': np.float64(870.19), 'score': np.float64(0.678), 'speaker': 'SPEAKER_01'}, {'word': 'matter', 'start': np.float64(870.21), 'end': np.float64(870.41), 'score': np.float64(0.759), 'speaker': 'SPEAKER_01'}, {'word': 'what', 'start': np.float64(870.47), 'end': np.float64(870.57), 'score': np.float64(0.932), 'speaker': 'SPEAKER_01'}, {'word': 'happens', 'start': np.float64(870.63), 'end': np.float64(870.971), 'score': np.float64(0.822), 'speaker': 'SPEAKER_01'}, {'word': 'to', 'start': np.float64(871.051), 'end': np.float64(871.131), 'score': np.float64(0.818), 'speaker': 'SPEAKER_01'}, {'word': 'me,', 'start': np.float64(871.191), 'end': np.float64(871.291), 'score': np.float64(0.932), 'speaker': 'SPEAKER_01'}, {'word': ""I'll"", 'start': np.float64(871.311), 'end': np.float64(871.451), 'score': np.float64(0.945), 'speaker': 'SPEAKER_01'}, {'word': 'never', 'start': np.float64(871.471), 'end': np.float64(871.631), 'score': np.float64(0.818), 'speaker': 'SPEAKER_01'}, {'word': 'be', 'start': np.float64(871.671), 'end': np.float64(871.812), 'score': np.float64(0.66), 'speaker': 'SPEAKER_01'}, {'word': 'alone.', 'start': np.float64(871.852), 'end': np.float64(872.172), 'score': np.float64(0.898), 'speaker': 'SPEAKER_01'}]",SPEAKER_01
872.652,874.855,"So many people, when they get older, are alone.","[{'word': 'So', 'start': np.float64(872.652), 'end': np.float64(872.773), 'score': np.float64(0.827), 'speaker': 'SPEAKER_01'}, {'word': 'many', 'start': np.float64(872.813), 'end': np.float64(872.973), 'score': np.float64(0.86), 'speaker': 'SPEAKER_01'}, {'word': 'people,', 'start': np.float64(873.033), 'end': np.float64(873.313), 'score': np.float64(0.878), 'speaker': 'SPEAKER_01'}, {'word': 'when', 'start': np.float64(873.373), 'end': np.float64(873.473), 'score': np.float64(0.994), 'speaker': 'SPEAKER_01'}, {'word': 'they', 'start': np.float64(873.493), 'end': np.float64(873.593), 'score': np.float64(0.783), 'speaker': 'SPEAKER_01'}, {'word': 'get', 'start': np.float64(873.633), 'end': np.float64(873.734), 'score': np.float64(0.843), 'speaker': 'SPEAKER_01'}, {'word': 'older,', 'start': np.float64(873.754), 'end': np.float64(874.054), 'score': np.float64(0.698), 'speaker': 'SPEAKER_01'}, {'word': 'are', 'start': np.float64(874.114), 'end': np.float64(874.194), 'score': np.float64(0.536), 'speaker': 'SPEAKER_01'}, {'word': 'alone.', 'start': np.float64(874.234), 'end': np.float64(874.855), 'score': np.float64(0.535), 'speaker': 'SPEAKER_01'}]",SPEAKER_01
874.915,876.757,"I'll never be alone, ever.","[{'word': ""I'll"", 'start': np.float64(874.915), 'end': np.float64(875.055), 'score': np.float64(0.722), 'speaker': 'SPEAKER_01'}, {'word': 'never', 'start': np.float64(875.736), 'end': np.float64(875.976), 'score': np.float64(0.627), 'speaker': 'SPEAKER_01'}, {'word': 'be', 'start': np.float64(875.996), 'end': np.float64(876.096), 'score': np.float64(0.844), 'speaker': 'SPEAKER_01'}, {'word': 'alone,', 'start': np.float64(876.136), 'end': np.float64(876.416), 'score': np.float64(0.914), 'speaker': 'SPEAKER_01'}, {'word': 'ever.', 'start': np.float64(876.556), 'end': np.float64(876.757), 'score': np.float64(0.976), 'speaker': 'SPEAKER_01'}]",SPEAKER_01
876.957,878.438,"You're moving in with me, girlfriend.","[{'word': ""You're"", 'start': np.float64(876.957), 'end': np.float64(877.117), 'score': np.float64(0.639), 'speaker': 'SPEAKER_01'}, {'word': 'moving', 'start': np.float64(877.157), 'end': np.float64(877.317), 'score': np.float64(0.32), 'speaker': 'SPEAKER_01'}, {'word': 'in', 'start': np.float64(877.337), 'end': np.float64(877.397), 'score': np.float64(0.624), 'speaker': 'SPEAKER_01'}, {'word': 'with', 'start': np.float64(877.437), 'end': np.float64(877.537), 'score': np.float64(0.818), 'speaker': 'SPEAKER_01'}, {'word': 'me,', 'start': np.float64(877.617), 'end': np.float64(877.758), 'score': np.float64(0.703), 'speaker': 'SPEAKER_01'}, {'word': 'girlfriend.', 'start': np.float64(877.778), 'end': np.float64(878.438), 'score': np.float64(0.572), 'speaker': 'SPEAKER_01'}]",SPEAKER_01
878.458,878.959,I know.,"[{'word': 'I', 'start': np.float64(878.458), 'end': np.float64(878.478), 'score': np.float64(0.143), 'speaker': 'SPEAKER_01'}, {'word': 'know.', 'start': np.float64(878.498), 'end': np.float64(878.959), 'score': np.float64(0.867), 'speaker': 'SPEAKER_01'}]",SPEAKER_01
878.979,879.399,I know.,"[{'word': 'I', 'start': np.float64(878.979), 'end': np.float64(879.039), 'score': np.float64(0.887), 'speaker': 'SPEAKER_01'}, {'word': 'know.', 'start': np.float64(879.099), 'end': np.float64(879.399), 'score': np.float64(0.925), 'speaker': 'SPEAKER_01'}]",SPEAKER_01
880.16,880.641,Literally.,"[{'word': 'Literally.', 'start': np.float64(880.16), 'end': np.float64(880.641), 'score': np.float64(0.912), 'speaker': 'SPEAKER_01'}]",SPEAKER_01
881.201,882.402,Can I have that in writing?,"[{'word': 'Can', 'start': np.float64(881.201), 'end': np.float64(881.321), 'score': np.float64(0.939), 'speaker': 'SPEAKER_01'}, {'word': 'I', 'start': np.float64(881.361), 'end': np.float64(881.401), 'score': np.float64(0.772), 'speaker': 'SPEAKER_01'}, {'word': 'have', 'start': np.float64(881.441), 'end': np.float64(881.522), 'score': np.float64(0.765), 'speaker': 'SPEAKER_01'}, {'word': 'that', 'start': np.float64(881.542), 'end': np.float64(881.662), 'score': np.float64(0.423), 'speaker': 'SPEAKER_01'}, {'word': 'in', 'start': np.float64(881.682), 'end': np.float64(881.722), 'score': np.float64(0.696), 'speaker': 'SPEAKER_01'}, {'word': 'writing?', 'start': np.float64(881.742), 'end': np.float64(882.402), 'score': np.float64(0.72), 'speaker': 'SPEAKER_01'}]",SPEAKER_01
882.422,883.784,Yes.,"[{'word': 'Yes.', 'start': np.float64(882.422), 'end': np.float64(883.784), 'score': np.float64(0.412), 'speaker': 'SPEAKER_01'}]",SPEAKER_01
883.804,884.445,I'll give it to you in writing.,"[{'word': ""I'll"", 'start': np.float64(883.804), 'end': np.float64(883.884), 'score': np.float64(0.002), 'speaker': 'SPEAKER_01'}, {'word': 'give', 'start': np.float64(883.904), 'end': np.float64(883.984), 'score': np.float64(0.001), 'speaker': 'SPEAKER_01'}, {'word': 'it', 'start': np.float64(884.004), 'end': np.float64(884.044), 'score': np.float64(0.008), 'speaker': 'SPEAKER_01'}, {'word': 'to', 'start': np.float64(884.064), 'end': np.float64(884.104), 'score': np.float64(0.324), 'speaker': 'SPEAKER_01'}, {'word': 'you', 'start': np.float64(884.124), 'end': np.float64(884.184), 'score': np.float64(0.001), 'speaker': 'SPEAKER_01'}, {'word': 'in', 'start': np.float64(884.204), 'end': np.float64(884.244), 'score': np.float64(0.228), 'speaker': 'SPEAKER_01'}, {'word': 'writing.', 'start': np.float64(884.284), 'end': np.float64(884.445), 'score': np.float64(0.093), 'speaker': 'SPEAKER_01'}]",SPEAKER_01
884.465,884.985,"No, but it is.","[{'word': 'No,', 'start': np.float64(884.465), 'end': np.float64(884.525), 'score': np.float64(0.054), 'speaker': 'SPEAKER_01'}, {'word': 'but', 'start': np.float64(884.545), 'end': np.float64(884.605), 'score': np.float64(0.281), 'speaker': 'SPEAKER_01'}, {'word': 'it', 'start': np.float64(884.705), 'end': np.float64(884.765), 'score': np.float64(0.906), 'speaker': 'SPEAKER_01'}, {'word': 'is.', 'start': np.float64(884.905), 'end': np.float64(884.985), 'score': np.float64(0.862), 'speaker': 'SPEAKER_01'}]",SPEAKER_01
885.105,886.427,"It's the best feeling, Dan.","[{'word': ""It's"", 'start': np.float64(885.105), 'end': np.float64(885.265), 'score': np.float64(0.711), 'speaker': 'SPEAKER_01'}, {'word': 'the', 'start': np.float64(885.305), 'end': np.float64(885.405), 'score': np.float64(0.7), 'speaker': 'SPEAKER_01'}, {'word': 'best', 'start': np.float64(885.446), 'end': np.float64(885.666), 'score': np.float64(0.934), 'speaker': 'SPEAKER_01'}, {'word': 'feeling,', 'start': np.float64(885.726), 'end': np.float64(886.086), 'score': np.float64(0.799), 'speaker': 'SPEAKER_01'}, {'word': 'Dan.', 'start': np.float64(886.106), 'end': np.float64(886.427), 'score': np.float64(0.752), 'speaker': 'SPEAKER_01'}]",SPEAKER_01
886.687,886.867,Yeah.,"[{'word': 'Yeah.', 'start': np.float64(886.687), 'end': np.float64(886.867), 'score': np.float64(0.589), 'speaker': 'SPEAKER_01'}]",SPEAKER_01
887.127,887.748,It really is.,"[{'word': 'It', 'start': np.float64(887.127), 'end': np.float64(887.167), 'score': np.float64(0.005), 'speaker': 'SPEAKER_02'}, {'word': 'really', 'start': np.float64(887.187), 'end': np.float64(887.448), 'score': np.float64(0.587), 'speaker': 'SPEAKER_02'}, {'word': 'is.', 'start': np.float64(887.568), 'end': np.float64(887.748), 'score': np.float64(0.919), 'speaker': 'SPEAKER_02'}]",SPEAKER_02
887.888,896.637,"And just because I really want you to hear this, the reason I take care of you the way I do has absolutely nothing to do with your age and your ability in any way.","[{'word': 'And', 'start': np.float64(887.888), 'end': np.float64(887.988), 'score': np.float64(0.803), 'speaker': 'SPEAKER_02'}, {'word': 'just', 'start': np.float64(888.028), 'end': np.float64(888.168), 'score': np.float64(0.988), 'speaker': 'SPEAKER_02'}, {'word': 'because', 'start': np.float64(888.208), 'end': np.float64(888.429), 'score': np.float64(0.829), 'speaker': 'SPEAKER_02'}, {'word': 'I', 'start': np.float64(888.469), 'end': np.float64(888.509), 'score': np.float64(0.579), 'speaker': 'SPEAKER_02'}, {'word': 'really', 'start': np.float64(888.549), 'end': np.float64(888.769), 'score': np.float64(0.649), 'speaker': 'SPEAKER_02'}, {'word': 'want', 'start': np.float64(888.829), 'end': np.float64(888.949), 'score': np.float64(0.874), 'speaker': 'SPEAKER_02'}, {'word': 'you', 'start': np.float64(888.989), 'end': np.float64(889.069), 'score': np.float64(0.883), 'speaker': 'SPEAKER_02'}, {'word': 'to', 'start': np.float64(889.109), 'end': np.float64(889.149), 'score': np.float64(1.0), 'speaker': 'SPEAKER_02'}, {'word': 'hear', 'start': np.float64(889.189), 'end': np.float64(889.309), 'score': np.float64(0.732), 'speaker': 'SPEAKER_02'}, {'word': 'this,', 'start': np.float64(889.39), 'end': np.float64(889.57), 'score': np.float64(0.97), 'speaker': 'SPEAKER_02'}, {'word': 'the', 'start': np.float64(889.59), 'end': np.float64(889.99), 'score': np.float64(0.839), 'speaker': 'SPEAKER_02'}, {'word': 'reason', 'start': np.float64(890.05), 'end': np.float64(890.371), 'score': np.float64(0.792), 'speaker': 'SPEAKER_02'}, {'word': 'I', 'start': np.float64(890.551), 'end': np.float64(890.671), 'score': np.float64(0.975), 'speaker': 'SPEAKER_02'}, {'word': 'take', 'start': np.float64(891.191), 'end': np.float64(891.352), 'score': np.float64(0.743), 'speaker': 'SPEAKER_02'}, {'word': 'care', 'start': np.float64(891.372), 'end': np.float64(891.532), 'score': np.float64(0.63), 'speaker': 'SPEAKER_02'}, {'word': 'of', 'start': np.float64(891.592), 'end': np.float64(891.632), 'score': np.float64(1.0), 'speaker': 'SPEAKER_02'}, {'word': 'you', 'start': np.float64(891.692), 'end': np.float64(891.792), 'score': np.float64(0.969), 'speaker': 'SPEAKER_02'}, {'word': 'the', 'start': np.float64(891.852), 'end': np.float64(891.932), 'score': np.float64(0.788), 'speaker': 'SPEAKER_02'}, {'word': 'way', 'start': np.float64(891.972), 'end': np.float64(892.092), 'score': np.float64(0.856), 'speaker': 'SPEAKER_02'}, {'word': 'I', 'start': np.float64(892.172), 'end': np.float64(892.232), 'score': np.float64(0.998), 'speaker': 'SPEAKER_02'}, {'word': 'do', 'start': np.float64(892.293), 'end': np.float64(892.453), 'score': np.float64(0.926), 'speaker': 'SPEAKER_02'}, {'word': 'has', 'start': np.float64(892.493), 'end': np.float64(892.713), 'score': np.float64(0.796), 'speaker': 'SPEAKER_02'}, {'word': 'absolutely', 'start': np.float64(892.753), 'end': np.float64(893.394), 'score': np.float64(0.579), 'speaker': 'SPEAKER_02'}, {'word': 'nothing', 'start': np.float64(893.414), 'end': np.float64(893.614), 'score': np.float64(0.78), 'speaker': 'SPEAKER_02'}, {'word': 'to', 'start': np.float64(893.654), 'end': np.float64(893.714), 'score': np.float64(0.251), 'speaker': 'SPEAKER_02'}, {'word': 'do', 'start': np.float64(893.734), 'end': np.float64(893.814), 'score': np.float64(0.956), 'speaker': 'SPEAKER_02'}, {'word': 'with', 'start': np.float64(893.854), 'end': np.float64(893.954), 'score': np.float64(0.966), 'speaker': 'SPEAKER_02'}, {'word': 'your', 'start': np.float64(893.974), 'end': np.float64(894.114), 'score': np.float64(0.776), 'speaker': 'SPEAKER_02'}, {'word': 'age', 'start': np.float64(894.215), 'end': np.float64(894.435), 'score': np.float64(0.592), 'speaker': 'SPEAKER_02'}, {'word': 'and', 'start': np.float64(894.555), 'end': np.float64(894.635), 'score': np.float64(0.952), 'speaker': 'SPEAKER_02'}, {'word': 'your', 'start': np.float64(894.675), 'end': np.float64(894.835), 'score': np.float64(0.86), 'speaker': 'SPEAKER_02'}, {'word': 'ability', 'start': np.float64(894.915), 'end': np.float64(895.316), 'score': np.float64(0.944), 'speaker': 'SPEAKER_02'}, {'word': 'in', 'start': np.float64(895.356), 'end': np.float64(895.396), 'score': np.float64(0.964), 'speaker': 'SPEAKER_02'}, {'word': 'any', 'start': np.float64(895.516), 'end': np.float64(895.656), 'score': np.float64(0.711), 'speaker': 'SPEAKER_02'}, {'word': 'way.', 'start': np.float64(895.696), 'end': np.float64(896.637), 'score': np.float64(0.949), 'speaker': 'SPEAKER_02'}]",SPEAKER_02
896.617,912.787, It has to do with I think kind of what I was talking about earlier where the older I get the more clearly I see you and I feel so grateful and almost like not indebted because that's like the wrong word but something like that to you and dad for just all you've done for me.,"[{'word': 'It', 'start': np.float64(896.617), 'end': np.float64(896.797), 'score': np.float64(0.869), 'speaker': 'SPEAKER_02'}, {'word': 'has', 'start': np.float64(896.857), 'end': np.float64(897.018), 'score': np.float64(0.783), 'speaker': 'SPEAKER_02'}, {'word': 'to', 'start': np.float64(897.038), 'end': np.float64(897.098), 'score': np.float64(0.862), 'speaker': 'SPEAKER_02'}, {'word': 'do', 'start': np.float64(897.158), 'end': np.float64(897.238), 'score': np.float64(1.0), 'speaker': 'SPEAKER_02'}, {'word': 'with', 'start': np.float64(897.278), 'end': np.float64(897.358), 'score': np.float64(0.156), 'speaker': 'SPEAKER_02'}, {'word': 'I', 'start': np.float64(897.418), 'end': np.float64(897.479), 'score': np.float64(0.997), 'speaker': 'SPEAKER_02'}, {'word': 'think', 'start': np.float64(897.519), 'end': np.float64(897.699), 'score': np.float64(0.738), 'speaker': 'SPEAKER_02'}, {'word': 'kind', 'start': np.float64(897.739), 'end': np.float64(897.839), 'score': np.float64(0.41), 'speaker': 'SPEAKER_02'}, {'word': 'of', 'start': np.float64(897.859), 'end': np.float64(897.899), 'score': np.float64(0.23), 'speaker': 'SPEAKER_02'}, {'word': 'what', 'start': np.float64(897.939), 'end': np.float64(898.04), 'score': np.float64(0.753), 'speaker': 'SPEAKER_02'}, {'word': 'I', 'start': np.float64(898.06), 'end': np.float64(898.08), 'score': np.float64(0.999), 'speaker': 'SPEAKER_02'}, {'word': 'was', 'start': np.float64(898.12), 'end': np.float64(898.2), 'score': np.float64(0.918), 'speaker': 'SPEAKER_02'}, {'word': 'talking', 'start': np.float64(898.24), 'end': np.float64(898.48), 'score': np.float64(0.907), 'speaker': 'SPEAKER_02'}, {'word': 'about', 'start': np.float64(898.521), 'end': np.float64(898.661), 'score': np.float64(0.816), 'speaker': 'SPEAKER_02'}, {'word': 'earlier', 'start': np.float64(898.701), 'end': np.float64(899.082), 'score': np.float64(0.606), 'speaker': 'SPEAKER_02'}, {'word': 'where', 'start': np.float64(899.122), 'end': np.float64(899.502), 'score': np.float64(0.686), 'speaker': 'SPEAKER_02'}, {'word': 'the', 'start': np.float64(899.542), 'end': np.float64(900.765), 'score': np.float64(0.876), 'speaker': 'SPEAKER_02'}, {'word': 'older', 'start': np.float64(900.825), 'end': np.float64(901.005), 'score': np.float64(0.812), 'speaker': 'SPEAKER_02'}, {'word': 'I', 'start': np.float64(901.045), 'end': np.float64(901.105), 'score': np.float64(0.982), 'speaker': 'SPEAKER_02'}, {'word': 'get', 'start': np.float64(901.145), 'end': np.float64(901.246), 'score': np.float64(0.685), 'speaker': 'SPEAKER_02'}, {'word': 'the', 'start': np.float64(901.286), 'end': np.float64(901.446), 'score': np.float64(0.594), 'speaker': 'SPEAKER_02'}, {'word': 'more', 'start': np.float64(901.486), 'end': np.float64(901.686), 'score': np.float64(0.702), 'speaker': 'SPEAKER_02'}, {'word': 'clearly', 'start': np.float64(901.706), 'end': np.float64(902.147), 'score': np.float64(0.805), 'speaker': 'SPEAKER_02'}, {'word': 'I', 'start': np.float64(902.207), 'end': np.float64(902.267), 'score': np.float64(0.862), 'speaker': 'SPEAKER_02'}, {'word': 'see', 'start': np.float64(902.388), 'end': np.float64(902.568), 'score': np.float64(0.959), 'speaker': 'SPEAKER_02'}, {'word': 'you', 'start': np.float64(902.628), 'end': np.float64(902.768), 'score': np.float64(0.872), 'speaker': 'SPEAKER_02'}, {'word': 'and', 'start': np.float64(902.808), 'end': np.float64(902.869), 'score': np.float64(0.333), 'speaker': 'SPEAKER_02'}, {'word': 'I', 'start': np.float64(903.77), 'end': np.float64(903.83), 'score': np.float64(0.957), 'speaker': 'SPEAKER_02'}, {'word': 'feel', 'start': np.float64(903.971), 'end': np.float64(904.291), 'score': np.float64(0.87), 'speaker': 'SPEAKER_02'}, {'word': 'so', 'start': np.float64(904.512), 'end': np.float64(904.812), 'score': np.float64(0.893), 'speaker': 'SPEAKER_02'}, {'word': 'grateful', 'start': np.float64(905.233), 'end': np.float64(905.834), 'score': np.float64(0.766), 'speaker': 'SPEAKER_02'}, {'word': 'and', 'start': np.float64(906.114), 'end': np.float64(906.195), 'score': np.float64(0.889), 'speaker': 'SPEAKER_02'}, {'word': 'almost', 'start': np.float64(906.235), 'end': np.float64(906.475), 'score': np.float64(0.8), 'speaker': 'SPEAKER_02'}, {'word': 'like', 'start': np.float64(906.515), 'end': np.float64(906.676), 'score': np.float64(0.862), 'speaker': 'SPEAKER_02'}, {'word': 'not', 'start': np.float64(906.756), 'end': np.float64(906.936), 'score': np.float64(0.717), 'speaker': 'SPEAKER_02'}, {'word': 'indebted', 'start': np.float64(907.016), 'end': np.float64(907.497), 'score': np.float64(0.848), 'speaker': 'SPEAKER_02'}, {'word': 'because', 'start': np.float64(907.537), 'end': np.float64(907.717), 'score': np.float64(0.429), 'speaker': 'SPEAKER_02'}, {'word': ""that's"", 'start': np.float64(907.737), 'end': np.float64(907.858), 'score': np.float64(0.314), 'speaker': 'SPEAKER_02'}, {'word': 'like', 'start': np.float64(907.878), 'end': np.float64(907.998), 'score': np.float64(0.884), 'speaker': 'SPEAKER_02'}, {'word': 'the', 'start': np.float64(908.038), 'end': np.float64(908.098), 'score': np.float64(0.993), 'speaker': 'SPEAKER_02'}, {'word': 'wrong', 'start': np.float64(908.138), 'end': np.float64(908.359), 'score': np.float64(0.806), 'speaker': 'SPEAKER_02'}, {'word': 'word', 'start': np.float64(908.379), 'end': np.float64(908.559), 'score': np.float64(0.864), 'speaker': 'SPEAKER_02'}, {'word': 'but', 'start': np.float64(908.599), 'end': np.float64(908.719), 'score': np.float64(0.933), 'speaker': 'SPEAKER_02'}, {'word': 'something', 'start': np.float64(908.779), 'end': np.float64(909.1), 'score': np.float64(0.818), 'speaker': 'SPEAKER_02'}, {'word': 'like', 'start': np.float64(909.16), 'end': np.float64(909.32), 'score': np.float64(0.836), 'speaker': 'SPEAKER_02'}, {'word': 'that', 'start': np.float64(909.36), 'end': np.float64(909.581), 'score': np.float64(0.733), 'speaker': 'SPEAKER_02'}, {'word': 'to', 'start': np.float64(909.621), 'end': np.float64(910.262), 'score': np.float64(0.96), 'speaker': 'SPEAKER_02'}, {'word': 'you', 'start': np.float64(910.302), 'end': np.float64(910.422), 'score': np.float64(0.897), 'speaker': 'SPEAKER_02'}, {'word': 'and', 'start': np.float64(910.503), 'end': np.float64(910.563), 'score': np.float64(0.466), 'speaker': 'SPEAKER_02'}, {'word': 'dad', 'start': np.float64(910.583), 'end': np.float64(910.903), 'score': np.float64(0.925), 'speaker': 'SPEAKER_02'}, {'word': 'for', 'start': np.float64(910.983), 'end': np.float64(911.124), 'score': np.float64(0.916), 'speaker': 'SPEAKER_02'}, {'word': 'just', 'start': np.float64(911.164), 'end': np.float64(911.344), 'score': np.float64(0.982), 'speaker': 'SPEAKER_02'}, {'word': 'all', 'start': np.float64(911.685), 'end': np.float64(911.805), 'score': np.float64(0.783), 'speaker': 'SPEAKER_02'}, {'word': ""you've"", 'start': np.float64(911.865), 'end': np.float64(912.065), 'score': np.float64(0.745), 'speaker': 'SPEAKER_02'}, {'word': 'done', 'start': np.float64(912.126), 'end': np.float64(912.346), 'score': np.float64(0.793), 'speaker': 'SPEAKER_02'}, {'word': 'for', 'start': np.float64(912.446), 'end': np.float64(912.586), 'score': np.float64(0.836), 'speaker': 'SPEAKER_02'}, {'word': 'me.', 'start': np.float64(912.667), 'end': np.float64(912.787), 'score': np.float64(0.999), 'speaker': 'SPEAKER_02'}]",SPEAKER_02
913.047,915.412,So I always want to go above and beyond for you and dad.,"[{'word': 'So', 'start': np.float64(913.047), 'end': np.float64(913.167), 'score': np.float64(0.997), 'speaker': 'SPEAKER_02'}, {'word': 'I', 'start': np.float64(913.228), 'end': np.float64(913.328), 'score': np.float64(0.724), 'speaker': 'SPEAKER_02'}, {'word': 'always', 'start': np.float64(913.488), 'end': np.float64(913.749), 'score': np.float64(0.57), 'speaker': 'SPEAKER_02'}, {'word': 'want', 'start': np.float64(913.809), 'end': np.float64(913.949), 'score': np.float64(0.641), 'speaker': 'SPEAKER_02'}, {'word': 'to', 'start': np.float64(913.969), 'end': np.float64(914.009), 'score': np.float64(0.68), 'speaker': 'SPEAKER_02'}, {'word': 'go', 'start': np.float64(914.049), 'end': np.float64(914.149), 'score': np.float64(0.782), 'speaker': 'SPEAKER_02'}, {'word': 'above', 'start': np.float64(914.209), 'end': np.float64(914.41), 'score': np.float64(0.93), 'speaker': 'SPEAKER_02'}, {'word': 'and', 'start': np.float64(914.47), 'end': np.float64(914.55), 'score': np.float64(0.595), 'speaker': 'SPEAKER_02'}, {'word': 'beyond', 'start': np.float64(914.61), 'end': np.float64(914.891), 'score': np.float64(0.914), 'speaker': 'SPEAKER_02'}, {'word': 'for', 'start': np.float64(914.931), 'end': np.float64(915.011), 'score': np.float64(0.991), 'speaker': 'SPEAKER_02'}, {'word': 'you', 'start': np.float64(915.031), 'end': np.float64(915.131), 'score': np.float64(0.828), 'speaker': 'SPEAKER_02'}, {'word': 'and', 'start': np.float64(915.171), 'end': np.float64(915.231), 'score': np.float64(0.798), 'speaker': 'SPEAKER_02'}, {'word': 'dad.', 'start': np.float64(915.251), 'end': np.float64(915.412), 'score': np.float64(0.561), 'speaker': 'SPEAKER_02'}]",SPEAKER_02
915.432,917.275,It has nothing to do with your age.,"[{'word': 'It', 'start': np.float64(915.432), 'end': np.float64(915.472), 'score': np.float64(0.89), 'speaker': 'SPEAKER_02'}, {'word': 'has', 'start': np.float64(915.512), 'end': np.float64(915.612), 'score': np.float64(0.759), 'speaker': 'SPEAKER_02'}, {'word': 'nothing', 'start': np.float64(915.652), 'end': np.float64(916.193), 'score': np.float64(0.863), 'speaker': 'SPEAKER_02'}, {'word': 'to', 'start': np.float64(916.233), 'end': np.float64(916.293), 'score': np.float64(0.746), 'speaker': 'SPEAKER_02'}, {'word': 'do', 'start': np.float64(916.313), 'end': np.float64(916.373), 'score': np.float64(0.752), 'speaker': 'SPEAKER_02'}, {'word': 'with', 'start': np.float64(916.413), 'end': np.float64(916.494), 'score': np.float64(1.0), 'speaker': 'SPEAKER_02'}, {'word': 'your', 'start': np.float64(916.534), 'end': np.float64(916.634), 'score': np.float64(0.926), 'speaker': 'SPEAKER_02'}, {'word': 'age.', 'start': np.float64(916.714), 'end': np.float64(917.275), 'score': np.float64(0.897), 'speaker': 'SPEAKER_02'}]",SPEAKER_02
917.626,919.147," Trust me, I don't view you like that yet.","[{'word': 'Trust', 'start': np.float64(917.626), 'end': np.float64(918.006), 'score': np.float64(0.782), 'speaker': 'SPEAKER_01'}, {'word': 'me,', 'start': np.float64(918.046), 'end': np.float64(918.126), 'score': np.float64(0.919), 'speaker': 'SPEAKER_02'}, {'word': 'I', 'start': np.float64(918.187), 'end': np.float64(918.227), 'score': np.float64(0.37), 'speaker': 'SPEAKER_02'}, {'word': ""don't"", 'start': np.float64(918.247), 'end': np.float64(918.367), 'score': np.float64(0.747), 'speaker': 'SPEAKER_02'}, {'word': 'view', 'start': np.float64(918.407), 'end': np.float64(918.527), 'score': np.float64(0.871), 'speaker': 'SPEAKER_02'}, {'word': 'you', 'start': np.float64(918.547), 'end': np.float64(918.647), 'score': np.float64(0.752), 'speaker': 'SPEAKER_02'}, {'word': 'like', 'start': np.float64(918.687), 'end': np.float64(918.787), 'score': np.float64(0.731), 'speaker': 'SPEAKER_02'}, {'word': 'that', 'start': np.float64(918.827), 'end': np.float64(918.927), 'score': np.float64(0.844), 'speaker': 'SPEAKER_02'}, {'word': 'yet.', 'start': np.float64(918.967), 'end': np.float64(919.147), 'score': np.float64(0.964), 'speaker': 'SPEAKER_02'}]",SPEAKER_02
919.247,923.712,"Once you get 80, 90, and I start bathing you, then you can be like, oh my God, she's bathing me.","[{'word': 'Once', 'start': np.float64(919.247), 'end': np.float64(919.368), 'score': np.float64(0.936), 'speaker': 'SPEAKER_02'}, {'word': 'you', 'start': np.float64(919.388), 'end': np.float64(919.488), 'score': np.float64(0.447), 'speaker': 'SPEAKER_02'}, {'word': 'get', 'start': np.float64(919.528), 'end': np.float64(919.628), 'score': np.float64(0.821), 'speaker': 'SPEAKER_02'}, {'word': '80,', 'start': np.float64(919.648), 'end': np.float64(919.708), 'score': np.float64(0.637), 'speaker': 'SPEAKER_02'}, {'word': '90,', 'start': np.float64(919.728), 'end': np.float64(920.248), 'score': np.float64(0.818), 'speaker': 'SPEAKER_02'}, {'word': 'and', 'start': np.float64(920.328), 'end': np.float64(920.389), 'score': np.float64(0.731), 'speaker': 'SPEAKER_01'}, {'word': 'I', 'start': np.float64(920.469), 'end': np.float64(920.529), 'score': np.float64(0.932), 'speaker': 'SPEAKER_01'}, {'word': 'start', 'start': np.float64(920.549), 'end': np.float64(920.709), 'score': np.float64(0.507), 'speaker': 'SPEAKER_01'}, {'word': 'bathing', 'start': np.float64(920.809), 'end': np.float64(921.229), 'score': np.float64(0.811), 'speaker': 'SPEAKER_02'}, {'word': 'you,', 'start': np.float64(921.269), 'end': np.float64(921.449), 'score': np.float64(0.968), 'speaker': 'SPEAKER_02'}, {'word': 'then', 'start': np.float64(921.49), 'end': np.float64(921.67), 'score': np.float64(0.912), 'speaker': 'SPEAKER_02'}, {'word': 'you', 'start': np.float64(921.71), 'end': np.float64(922.17), 'score': np.float64(0.936), 'speaker': 'SPEAKER_02'}, {'word': 'can', 'start': np.float64(922.21), 'end': np.float64(922.31), 'score': np.float64(0.975), 'speaker': 'SPEAKER_02'}, {'word': 'be', 'start': np.float64(922.35), 'end': np.float64(922.41), 'score': np.float64(0.932), 'speaker': 'SPEAKER_02'}, {'word': 'like,', 'start': np.float64(922.53), 'end': np.float64(922.631), 'score': np.float64(0.053), 'speaker': 'SPEAKER_02'}, {'word': 'oh', 'start': np.float64(922.651), 'end': np.float64(922.691), 'score': np.float64(0.376), 'speaker': 'SPEAKER_02'}, {'word': 'my', 'start': np.float64(922.711), 'end': np.float64(922.771), 'score': np.float64(0.629), 'speaker': 'SPEAKER_01'}, {'word': 'God,', 'start': np.float64(922.811), 'end': np.float64(922.971), 'score': np.float64(0.394), 'speaker': 'SPEAKER_01'}, {'word': ""she's"", 'start': np.float64(922.991), 'end': np.float64(923.171), 'score': np.float64(0.509), 'speaker': 'SPEAKER_02'}, {'word': 'bathing', 'start': np.float64(923.211), 'end': np.float64(923.571), 'score': np.float64(0.862), 'speaker': 'SPEAKER_02'}, {'word': 'me.', 'start': np.float64(923.651), 'end': np.float64(923.712), 'score': np.float64(0.469), 'speaker': 'SPEAKER_02'}]",SPEAKER_02
923.732,925.453,Like I can't bathe myself anymore.,"[{'word': 'Like', 'start': np.float64(923.732), 'end': np.float64(923.872), 'score': np.float64(0.89), 'speaker': 'SPEAKER_02'}, {'word': 'I', 'start': np.float64(924.052), 'end': np.float64(924.112), 'score': np.float64(0.833), 'speaker': 'SPEAKER_02'}, {'word': ""can't"", 'start': np.float64(924.212), 'end': np.float64(925.013), 'score': np.float64(0.537), 'speaker': 'SPEAKER_02'}, {'word': 'bathe', 'start': np.float64(925.033), 'end': np.float64(925.133), 'score': np.float64(0.005), 'speaker': 'SPEAKER_01'}, {'word': 'myself', 'start': np.float64(925.153), 'end': np.float64(925.273), 'score': np.float64(0.006), 'speaker': 'SPEAKER_01'}, {'word': 'anymore.', 'start': np.float64(925.293), 'end': np.float64(925.453), 'score': np.float64(0.018), 'speaker': 'SPEAKER_01'}]",SPEAKER_02
925.473,926.934,Is that ever really gonna happen?,"[{'word': 'Is', 'start': np.float64(925.473), 'end': np.float64(925.533), 'score': np.float64(0.58), 'speaker': 'SPEAKER_01'}, {'word': 'that', 'start': np.float64(925.553), 'end': np.float64(925.693), 'score': np.float64(0.816), 'speaker': 'SPEAKER_01'}, {'word': 'ever', 'start': np.float64(925.753), 'end': np.float64(925.954), 'score': np.float64(0.848), 'speaker': 'SPEAKER_01'}, {'word': 'really', 'start': np.float64(925.994), 'end': np.float64(926.214), 'score': np.float64(0.872), 'speaker': 'SPEAKER_01'}, {'word': 'gonna', 'start': np.float64(926.254), 'end': np.float64(926.434), 'score': np.float64(0.558), 'speaker': 'SPEAKER_01'}, {'word': 'happen?', 'start': np.float64(926.474), 'end': np.float64(926.934), 'score': np.float64(0.937), 'speaker': 'SPEAKER_01'}]",SPEAKER_01
927.755,930.278,"I don't think so, but if it does, I will bathe you.","[{'word': 'I', 'start': np.float64(927.755), 'end': np.float64(928.015), 'score': np.float64(0.87), 'speaker': 'SPEAKER_01'}, {'word': ""don't"", 'start': np.float64(928.056), 'end': np.float64(928.196), 'score': np.float64(0.958), 'speaker': 'SPEAKER_01'}, {'word': 'think', 'start': np.float64(928.236), 'end': np.float64(928.396), 'score': np.float64(0.913), 'speaker': 'SPEAKER_01'}, {'word': 'so,', 'start': np.float64(928.456), 'end': np.float64(928.596), 'score': np.float64(0.92), 'speaker': 'SPEAKER_01'}, {'word': 'but', 'start': np.float64(928.636), 'end': np.float64(928.716), 'score': np.float64(0.963), 'speaker': 'SPEAKER_01'}, {'word': 'if', 'start': np.float64(928.756), 'end': np.float64(928.816), 'score': np.float64(0.884), 'speaker': 'SPEAKER_01'}, {'word': 'it', 'start': np.float64(928.876), 'end': np.float64(928.916), 'score': np.float64(0.581), 'speaker': 'SPEAKER_01'}, {'word': 'does,', 'start': np.float64(928.956), 'end': np.float64(929.417), 'score': np.float64(0.572), 'speaker': 'SPEAKER_01'}, {'word': 'I', 'start': np.float64(929.437), 'end': np.float64(929.497), 'score': np.float64(0.99), 'speaker': 'SPEAKER_01'}, {'word': 'will', 'start': np.float64(929.557), 'end': np.float64(929.797), 'score': np.float64(0.93), 'speaker': 'SPEAKER_01'}, {'word': 'bathe', 'start': np.float64(929.897), 'end': np.float64(930.157), 'score': np.float64(0.316), 'speaker': 'SPEAKER_01'}, {'word': 'you.', 'start': np.float64(930.177), 'end': np.float64(930.278), 'score': np.float64(0.543), 'speaker': 'SPEAKER_01'}]",SPEAKER_01
930.418,930.718,I know.,"[{'word': 'I', 'start': np.float64(930.418), 'end': np.float64(930.478), 'score': np.float64(0.993), 'speaker': 'SPEAKER_01'}, {'word': 'know.', 'start': np.float64(930.518), 'end': np.float64(930.718), 'score': np.float64(0.893), 'speaker': 'SPEAKER_01'}]",SPEAKER_01
930.758,935.642,You'll be the only one that will be allowed to do that.,"[{'word': ""You'll"", 'start': np.float64(930.758), 'end': np.float64(931.539), 'score': np.float64(0.852), 'speaker': 'SPEAKER_01'}, {'word': 'be', 'start': np.float64(931.579), 'end': np.float64(931.619), 'score': np.float64(0.73), 'speaker': 'SPEAKER_01'}, {'word': 'the', 'start': np.float64(931.659), 'end': np.float64(931.739), 'score': np.float64(0.81), 'speaker': 'SPEAKER_01'}, {'word': 'only', 'start': np.float64(931.799), 'end': np.float64(931.939), 'score': np.float64(0.876), 'speaker': 'SPEAKER_01'}, {'word': 'one', 'start': np.float64(932.019), 'end': np.float64(932.079), 'score': np.float64(0.947), 'speaker': 'SPEAKER_01'}, {'word': 'that', 'start': np.float64(932.119), 'end': np.float64(932.219), 'score': np.float64(0.923), 'speaker': 'SPEAKER_01'}, {'word': 'will', 'start': np.float64(932.319), 'end': np.float64(932.48), 'score': np.float64(0.936), 'speaker': 'SPEAKER_01'}, {'word': 'be', 'start': np.float64(932.54), 'end': np.float64(932.68), 'score': np.float64(0.846), 'speaker': 'SPEAKER_01'}, {'word': 'allowed', 'start': np.float64(933.12), 'end': np.float64(933.44), 'score': np.float64(0.312), 'speaker': 'SPEAKER_01'}, {'word': 'to', 'start': np.float64(933.48), 'end': np.float64(933.681), 'score': np.float64(0.61), 'speaker': 'SPEAKER_01'}, {'word': 'do', 'start': np.float64(933.741), 'end': np.float64(934.001), 'score': np.float64(0.49), 'speaker': 'SPEAKER_01'}, {'word': 'that.', 'start': np.float64(934.021), 'end': np.float64(935.642), 'score': np.float64(0.503), 'speaker': 'SPEAKER_01'}]",SPEAKER_01
935.662,937.364,"Okay, here's my last.","[{'word': 'Okay,', 'start': np.float64(935.662), 'end': np.float64(936.243), 'score': np.float64(0.855), 'speaker': 'SPEAKER_01'}, {'word': ""here's"", 'start': np.float64(936.323), 'end': np.float64(936.523), 'score': np.float64(0.78), 'speaker': 'SPEAKER_01'}, {'word': 'my', 'start': np.float64(936.623), 'end': np.float64(936.783), 'score': np.float64(0.934), 'speaker': 'SPEAKER_01'}, {'word': 'last.', 'start': np.float64(936.844), 'end': np.float64(937.364), 'score': np.float64(0.894), 'speaker': 'SPEAKER_01'}]",SPEAKER_01
937.904,941.728,"Okay, in what ways do you feel, oh, I love this question.","[{'word': 'Okay,', 'start': np.float64(937.904), 'end': np.float64(938.265), 'score': np.float64(0.72), 'speaker': 'SPEAKER_01'}, {'word': 'in', 'start': np.float64(938.325), 'end': np.float64(938.385), 'score': np.float64(0.913), 'speaker': 'SPEAKER_01'}, {'word': 'what', 'start': np.float64(938.465), 'end': np.float64(938.605), 'score': np.float64(0.848), 'speaker': 'SPEAKER_01'}, {'word': 'ways', 'start': np.float64(938.685), 'end': np.float64(939.006), 'score': np.float64(0.85), 'speaker': 'SPEAKER_01'}, {'word': 'do', 'start': np.float64(939.086), 'end': np.float64(939.186), 'score': np.float64(0.992), 'speaker': 'SPEAKER_01'}, {'word': 'you', 'start': np.float64(939.226), 'end': np.float64(939.386), 'score': np.float64(0.75), 'speaker': 'SPEAKER_01'}, {'word': 'feel,', 'start': np.float64(939.526), 'end': np.float64(939.886), 'score': np.float64(0.943), 'speaker': 'SPEAKER_01'}, {'word': 'oh,', 'start': np.float64(939.906), 'end': np.float64(939.966), 'score': np.float64(0.666), 'speaker': 'SPEAKER_01'}, {'word': 'I', 'start': np.float64(940.907), 'end': np.float64(940.967), 'score': np.float64(0.913), 'speaker': 'SPEAKER_01'}, {'word': 'love', 'start': np.float64(941.027), 'end': np.float64(941.208), 'score': np.float64(0.649), 'speaker': 'SPEAKER_01'}, {'word': 'this', 'start': np.float64(941.248), 'end': np.float64(941.368), 'score': np.float64(0.852), 'speaker': 'SPEAKER_01'}, {'word': 'question.', 'start': np.float64(941.408), 'end': np.float64(941.728), 'score': np.float64(0.839), 'speaker': 'SPEAKER_01'}]",SPEAKER_01
941.768,945.051,In what ways do you feel you are the continuation of me?,"[{'word': 'In', 'start': np.float64(941.768), 'end': np.float64(941.848), 'score': np.float64(0.842), 'speaker': 'SPEAKER_01'}, {'word': 'what', 'start': np.float64(941.908), 'end': np.float64(942.028), 'score': np.float64(0.957), 'speaker': 'SPEAKER_01'}, {'word': 'ways', 'start': np.float64(942.068), 'end': np.float64(942.309), 'score': np.float64(0.759), 'speaker': 'SPEAKER_01'}, {'word': 'do', 'start': np.float64(942.349), 'end': np.float64(942.389), 'score': np.float64(0.367), 'speaker': 'SPEAKER_01'}, {'word': 'you', 'start': np.float64(942.449), 'end': np.float64(942.569), 'score': np.float64(0.871), 'speaker': 'SPEAKER_01'}, {'word': 'feel', 'start': np.float64(942.629), 'end': np.float64(942.829), 'score': np.float64(0.972), 'speaker': 'SPEAKER_01'}, {'word': 'you', 'start': np.float64(942.869), 'end': np.float64(943.029), 'score': np.float64(0.809), 'speaker': 'SPEAKER_01'}, {'word': 'are', 'start': np.float64(943.109), 'end': np.float64(943.189), 'score': np.float64(0.899), 'speaker': 'SPEAKER_01'}, {'word': 'the', 'start': np.float64(943.249), 'end': np.float64(943.309), 'score': np.float64(0.927), 'speaker': 'SPEAKER_01'}, {'word': 'continuation', 'start': np.float64(943.369), 'end': np.float64(944.29), 'score': np.float64(0.879), 'speaker': 'SPEAKER_01'}, {'word': 'of', 'start': np.float64(944.37), 'end': np.float64(944.41), 'score': np.float64(0.911), 'speaker': 'SPEAKER_01'}, {'word': 'me?', 'start': np.float64(944.551), 'end': np.float64(945.051), 'score': np.float64(0.873), 'speaker': 'SPEAKER_01'}]",SPEAKER_01
945.318,946.7," Oh, I love that.","[{'word': 'Oh,', 'start': np.float64(945.318), 'end': np.float64(945.558), 'score': np.float64(0.938), 'speaker': 'SPEAKER_01'}, {'word': 'I', 'start': np.float64(945.658), 'end': np.float64(945.678), 'score': np.float64(0.0), 'speaker': 'SPEAKER_01'}, {'word': 'love', 'start': np.float64(945.698), 'end': np.float64(945.959), 'score': np.float64(0.905), 'speaker': 'SPEAKER_01'}, {'word': 'that.', 'start': np.float64(945.999), 'end': np.float64(946.7), 'score': np.float64(0.886), 'speaker': 'SPEAKER_01'}]",SPEAKER_01
946.74,949.382,That's a great question.,"[{'word': ""That's"", 'start': np.float64(946.74), 'end': np.float64(948.121), 'score': np.float64(0.18), 'speaker': 'SPEAKER_01'}, {'word': 'a', 'start': np.float64(948.141), 'end': np.float64(948.241), 'score': np.float64(0.844), 'speaker': 'SPEAKER_02'}, {'word': 'great', 'start': np.float64(948.341), 'end': np.float64(948.662), 'score': np.float64(0.795), 'speaker': 'SPEAKER_02'}, {'word': 'question.', 'start': np.float64(948.742), 'end': np.float64(949.382), 'score': np.float64(0.647), 'speaker': 'SPEAKER_01'}]",SPEAKER_02
951.565,953.487,I hope to be the continuation of you.,"[{'word': 'I', 'start': np.float64(951.565), 'end': np.float64(951.625), 'score': np.float64(0.98), 'speaker': 'SPEAKER_02'}, {'word': 'hope', 'start': np.float64(951.665), 'end': np.float64(951.985), 'score': np.float64(0.917), 'speaker': 'SPEAKER_02'}, {'word': 'to', 'start': np.float64(952.045), 'end': np.float64(952.105), 'score': np.float64(0.905), 'speaker': 'SPEAKER_02'}, {'word': 'be', 'start': np.float64(952.165), 'end': np.float64(952.246), 'score': np.float64(0.984), 'speaker': 'SPEAKER_02'}, {'word': 'the', 'start': np.float64(952.286), 'end': np.float64(952.366), 'score': np.float64(0.828), 'speaker': 'SPEAKER_02'}, {'word': 'continuation', 'start': np.float64(952.426), 'end': np.float64(953.147), 'score': np.float64(0.787), 'speaker': 'SPEAKER_02'}, {'word': 'of', 'start': np.float64(953.207), 'end': np.float64(953.247), 'score': np.float64(1.0), 'speaker': 'SPEAKER_02'}, {'word': 'you.', 'start': np.float64(953.307), 'end': np.float64(953.487), 'score': np.float64(0.801), 'speaker': 'SPEAKER_02'}]",SPEAKER_02
953.547,958.612,Like I feel honored and privileged to be the continuation of you.,"[{'word': 'Like', 'start': np.float64(953.547), 'end': np.float64(954.468), 'score': np.float64(0.96), 'speaker': 'SPEAKER_02'}, {'word': 'I', 'start': np.float64(954.548), 'end': np.float64(954.608), 'score': np.float64(0.997), 'speaker': 'SPEAKER_02'}, {'word': 'feel', 'start': np.float64(954.708), 'end': np.float64(954.948), 'score': np.float64(0.887), 'speaker': 'SPEAKER_02'}, {'word': 'honored', 'start': np.float64(954.989), 'end': np.float64(955.589), 'score': np.float64(0.839), 'speaker': 'SPEAKER_02'}, {'word': 'and', 'start': np.float64(955.809), 'end': np.float64(955.889), 'score': np.float64(0.95), 'speaker': 'SPEAKER_02'}, {'word': 'privileged', 'start': np.float64(955.99), 'end': np.float64(956.65), 'score': np.float64(0.73), 'speaker': 'SPEAKER_02'}, {'word': 'to', 'start': np.float64(957.131), 'end': np.float64(957.211), 'score': np.float64(0.904), 'speaker': 'SPEAKER_02'}, {'word': 'be', 'start': np.float64(957.251), 'end': np.float64(957.351), 'score': np.float64(0.992), 'speaker': 'SPEAKER_02'}, {'word': 'the', 'start': np.float64(957.391), 'end': np.float64(957.491), 'score': np.float64(0.772), 'speaker': 'SPEAKER_02'}, {'word': 'continuation', 'start': np.float64(957.551), 'end': np.float64(958.292), 'score': np.float64(0.848), 'speaker': 'SPEAKER_02'}, {'word': 'of', 'start': np.float64(958.352), 'end': np.float64(958.392), 'score': np.float64(1.0), 'speaker': 'SPEAKER_02'}, {'word': 'you.', 'start': np.float64(958.452), 'end': np.float64(958.612), 'score': np.float64(0.922), 'speaker': 'SPEAKER_02'}]",SPEAKER_02
958.632,967.222,"I feel like just the way I view you, the way I see you, your beauty and power in this world, if we had more people like you in this world, our world would be a better place.","[{'word': 'I', 'start': np.float64(958.632), 'end': np.float64(958.652), 'score': np.float64(1.0), 'speaker': 'SPEAKER_02'}, {'word': 'feel', 'start': np.float64(959.013), 'end': np.float64(959.193), 'score': np.float64(0.881), 'speaker': 'SPEAKER_02'}, {'word': 'like', 'start': np.float64(959.233), 'end': np.float64(959.453), 'score': np.float64(0.697), 'speaker': 'SPEAKER_02'}, {'word': 'just', 'start': np.float64(959.854), 'end': np.float64(960.014), 'score': np.float64(0.964), 'speaker': 'SPEAKER_02'}, {'word': 'the', 'start': np.float64(960.054), 'end': np.float64(960.154), 'score': np.float64(0.828), 'speaker': 'SPEAKER_02'}, {'word': 'way', 'start': np.float64(960.194), 'end': np.float64(960.334), 'score': np.float64(0.894), 'speaker': 'SPEAKER_02'}, {'word': 'I', 'start': np.float64(960.414), 'end': np.float64(960.495), 'score': np.float64(0.887), 'speaker': 'SPEAKER_02'}, {'word': 'view', 'start': np.float64(960.595), 'end': np.float64(960.815), 'score': np.float64(0.844), 'speaker': 'SPEAKER_02'}, {'word': 'you,', 'start': np.float64(960.875), 'end': np.float64(960.995), 'score': np.float64(0.85), 'speaker': 'SPEAKER_02'}, {'word': 'the', 'start': np.float64(961.055), 'end': np.float64(961.155), 'score': np.float64(0.666), 'speaker': 'SPEAKER_02'}, {'word': 'way', 'start': np.float64(961.195), 'end': np.float64(961.295), 'score': np.float64(0.998), 'speaker': 'SPEAKER_02'}, {'word': 'I', 'start': np.float64(961.355), 'end': np.float64(961.416), 'score': np.float64(0.98), 'speaker': 'SPEAKER_02'}, {'word': 'see', 'start': np.float64(961.536), 'end': np.float64(961.756), 'score': np.float64(0.795), 'speaker': 'SPEAKER_02'}, {'word': 'you,', 'start': np.float64(961.816), 'end': np.float64(962.016), 'score': np.float64(0.857), 'speaker': 'SPEAKER_02'}, {'word': 'your', 'start': np.float64(962.056), 'end': np.float64(962.276), 'score': np.float64(0.768), 'speaker': 'SPEAKER_02'}, {'word': 'beauty', 'start': np.float64(962.337), 'end': np.float64(962.657), 'score': np.float64(0.792), 'speaker': 'SPEAKER_02'}, {'word': 'and', 'start': np.float64(962.717), 'end': np.float64(962.797), 'score': np.float64(0.842), 'speaker': 'SPEAKER_02'}, {'word': 'power', 'start': np.float64(962.837), 'end': np.float64(963.157), 'score': np.float64(0.88), 'speaker': 'SPEAKER_02'}, {'word': 'in', 'start': np.float64(963.217), 'end': np.float64(963.258), 'score': np.float64(0.978), 'speaker': 'SPEAKER_02'}, {'word': 'this', 'start': np.float64(963.318), 'end': np.float64(963.458), 'score': np.float64(0.755), 'speaker': 'SPEAKER_02'}, {'word': 'world,', 'start': np.float64(963.518), 'end': np.float64(963.818), 'score': np.float64(0.717), 'speaker': 'SPEAKER_02'}, {'word': 'if', 'start': np.float64(963.878), 'end': np.float64(964.078), 'score': np.float64(0.84), 'speaker': 'SPEAKER_02'}, {'word': 'we', 'start': np.float64(964.138), 'end': np.float64(964.259), 'score': np.float64(0.98), 'speaker': 'SPEAKER_02'}, {'word': 'had', 'start': np.float64(964.279), 'end': np.float64(964.419), 'score': np.float64(0.833), 'speaker': 'SPEAKER_02'}, {'word': 'more', 'start': np.float64(964.459), 'end': np.float64(964.659), 'score': np.float64(0.579), 'speaker': 'SPEAKER_02'}, {'word': 'people', 'start': np.float64(964.719), 'end': np.float64(964.979), 'score': np.float64(0.859), 'speaker': 'SPEAKER_02'}, {'word': 'like', 'start': np.float64(965.039), 'end': np.float64(965.2), 'score': np.float64(0.808), 'speaker': 'SPEAKER_02'}, {'word': 'you', 'start': np.float64(965.22), 'end': np.float64(965.34), 'score': np.float64(0.705), 'speaker': 'SPEAKER_02'}, {'word': 'in', 'start': np.float64(965.38), 'end': np.float64(965.42), 'score': np.float64(0.972), 'speaker': 'SPEAKER_02'}, {'word': 'this', 'start': np.float64(965.46), 'end': np.float64(965.62), 'score': np.float64(0.635), 'speaker': 'SPEAKER_02'}, {'word': 'world,', 'start': np.float64(965.66), 'end': np.float64(965.86), 'score': np.float64(0.829), 'speaker': 'SPEAKER_02'}, {'word': 'our', 'start': np.float64(965.98), 'end': np.float64(966.081), 'score': np.float64(0.812), 'speaker': 'SPEAKER_02'}, {'word': 'world', 'start': np.float64(966.121), 'end': np.float64(966.301), 'score': np.float64(0.758), 'speaker': 'SPEAKER_02'}, {'word': 'would', 'start': np.float64(966.341), 'end': np.float64(966.461), 'score': np.float64(0.384), 'speaker': 'SPEAKER_02'}, {'word': 'be', 'start': np.float64(966.481), 'end': np.float64(966.521), 'score': np.float64(0.951), 'speaker': 'SPEAKER_02'}, {'word': 'a', 'start': np.float64(966.561), 'end': np.float64(966.601), 'score': np.float64(0.5), 'speaker': 'SPEAKER_02'}, {'word': 'better', 'start': np.float64(966.621), 'end': np.float64(966.821), 'score': np.float64(0.994), 'speaker': 'SPEAKER_02'}, {'word': 'place.', 'start': np.float64(966.861), 'end': np.float64(967.222), 'score': np.float64(0.87), 'speaker': 'SPEAKER_02'}]",SPEAKER_02
968.463,972.928,"And I hope to carry on your optimism and your love and your,","[{'word': 'And', 'start': np.float64(968.463), 'end': np.float64(968.563), 'score': np.float64(0.956), 'speaker': 'SPEAKER_01'}, {'word': 'I', 'start': np.float64(968.603), 'end': np.float64(968.643), 'score': np.float64(0.606), 'speaker': 'SPEAKER_01'}, {'word': 'hope', 'start': np.float64(968.784), 'end': np.float64(969.004), 'score': np.float64(0.956), 'speaker': 'SPEAKER_02'}, {'word': 'to', 'start': np.float64(969.084), 'end': np.float64(969.324), 'score': np.float64(0.926), 'speaker': 'SPEAKER_02'}, {'word': 'carry', 'start': np.float64(969.364), 'end': np.float64(970.045), 'score': np.float64(0.885), 'speaker': 'SPEAKER_02'}, {'word': 'on', 'start': np.float64(970.205), 'end': np.float64(970.305), 'score': np.float64(0.812), 'speaker': 'SPEAKER_01'}, {'word': 'your', 'start': np.float64(970.345), 'end': np.float64(970.605), 'score': np.float64(0.749), 'speaker': 'SPEAKER_02'}, {'word': 'optimism', 'start': np.float64(970.626), 'end': np.float64(971.647), 'score': np.float64(0.887), 'speaker': 'SPEAKER_02'}, {'word': 'and', 'start': np.float64(971.707), 'end': np.float64(971.787), 'score': np.float64(0.918), 'speaker': 'SPEAKER_02'}, {'word': 'your', 'start': np.float64(971.827), 'end': np.float64(971.967), 'score': np.float64(0.953), 'speaker': 'SPEAKER_02'}, {'word': 'love', 'start': np.float64(972.067), 'end': np.float64(972.387), 'score': np.float64(0.842), 'speaker': 'SPEAKER_02'}, {'word': 'and', 'start': np.float64(972.447), 'end': np.float64(972.528), 'score': np.float64(0.833), 'speaker': 'SPEAKER_02'}, {'word': 'your,', 'start': np.float64(972.568), 'end': np.float64(972.928), 'score': np.float64(0.841), 'speaker': 'SPEAKER_02'}]",SPEAKER_02
973.972,985.787," vivacious energy, your enthusiasm for life and living life to the fullest and being so open-minded to where life can take you and trying new things and being an adventurer.","[{'word': 'vivacious', 'start': np.float64(973.972), 'end': np.float64(974.634), 'score': np.float64(0.862), 'speaker': 'SPEAKER_02'}, {'word': 'energy,', 'start': np.float64(974.734), 'end': np.float64(975.216), 'score': np.float64(0.723), 'speaker': 'SPEAKER_02'}, {'word': 'your', 'start': np.float64(975.236), 'end': np.float64(975.737), 'score': np.float64(0.67), 'speaker': 'SPEAKER_02'}, {'word': 'enthusiasm', 'start': np.float64(976.339), 'end': np.float64(977.242), 'score': np.float64(0.878), 'speaker': 'SPEAKER_02'}, {'word': 'for', 'start': np.float64(977.302), 'end': np.float64(977.422), 'score': np.float64(0.953), 'speaker': 'SPEAKER_02'}, {'word': 'life', 'start': np.float64(977.523), 'end': np.float64(977.843), 'score': np.float64(0.712), 'speaker': 'SPEAKER_02'}, {'word': 'and', 'start': np.float64(977.964), 'end': np.float64(978.044), 'score': np.float64(0.878), 'speaker': 'SPEAKER_02'}, {'word': 'living', 'start': np.float64(978.124), 'end': np.float64(978.365), 'score': np.float64(0.954), 'speaker': 'SPEAKER_02'}, {'word': 'life', 'start': np.float64(978.445), 'end': np.float64(978.626), 'score': np.float64(0.959), 'speaker': 'SPEAKER_02'}, {'word': 'to', 'start': np.float64(978.666), 'end': np.float64(978.746), 'score': np.float64(0.992), 'speaker': 'SPEAKER_02'}, {'word': 'the', 'start': np.float64(978.786), 'end': np.float64(978.846), 'score': np.float64(0.996), 'speaker': 'SPEAKER_02'}, {'word': 'fullest', 'start': np.float64(978.927), 'end': np.float64(979.388), 'score': np.float64(0.933), 'speaker': 'SPEAKER_02'}, {'word': 'and', 'start': np.float64(979.528), 'end': np.float64(979.629), 'score': np.float64(0.908), 'speaker': 'SPEAKER_02'}, {'word': 'being', 'start': np.float64(979.689), 'end': np.float64(979.97), 'score': np.float64(0.788), 'speaker': 'SPEAKER_02'}, {'word': 'so', 'start': np.float64(980.01), 'end': np.float64(980.05), 'score': np.float64(0.499), 'speaker': 'SPEAKER_02'}, {'word': 'open-minded', 'start': np.float64(980.732), 'end': np.float64(981.575), 'score': np.float64(0.831), 'speaker': 'SPEAKER_02'}, {'word': 'to', 'start': np.float64(981.695), 'end': np.float64(981.936), 'score': np.float64(0.994), 'speaker': 'SPEAKER_02'}, {'word': 'where', 'start': np.float64(981.996), 'end': np.float64(982.317), 'score': np.float64(0.797), 'speaker': 'SPEAKER_02'}, {'word': 'life', 'start': np.float64(982.377), 'end': np.float64(982.537), 'score': np.float64(0.746), 'speaker': 'SPEAKER_02'}, {'word': 'can', 'start': np.float64(982.578), 'end': np.float64(982.718), 'score': np.float64(0.983), 'speaker': 'SPEAKER_02'}, {'word': 'take', 'start': np.float64(982.738), 'end': np.float64(982.939), 'score': np.float64(0.67), 'speaker': 'SPEAKER_02'}, {'word': 'you', 'start': np.float64(982.979), 'end': np.float64(983.099), 'score': np.float64(0.779), 'speaker': 'SPEAKER_02'}, {'word': 'and', 'start': np.float64(983.139), 'end': np.float64(983.219), 'score': np.float64(0.893), 'speaker': 'SPEAKER_02'}, {'word': 'trying', 'start': np.float64(983.26), 'end': np.float64(983.581), 'score': np.float64(0.785), 'speaker': 'SPEAKER_02'}, {'word': 'new', 'start': np.float64(983.641), 'end': np.float64(983.781), 'score': np.float64(0.918), 'speaker': 'SPEAKER_02'}, {'word': 'things', 'start': np.float64(983.821), 'end': np.float64(984.182), 'score': np.float64(0.778), 'speaker': 'SPEAKER_02'}, {'word': 'and', 'start': np.float64(984.242), 'end': np.float64(984.343), 'score': np.float64(0.873), 'speaker': 'SPEAKER_02'}, {'word': 'being', 'start': np.float64(984.383), 'end': np.float64(984.583), 'score': np.float64(0.81), 'speaker': 'SPEAKER_02'}, {'word': 'an', 'start': np.float64(984.644), 'end': np.float64(984.684), 'score': np.float64(0.956), 'speaker': 'SPEAKER_02'}, {'word': 'adventurer.', 'start': np.float64(984.764), 'end': np.float64(985.787), 'score': np.float64(0.887), 'speaker': 'SPEAKER_02'}]",SPEAKER_02
986.881,989.004, And I feel so proud to be your daughter.,"[{'word': 'And', 'start': np.float64(986.881), 'end': np.float64(987.362), 'score': np.float64(0.78), 'speaker': 'SPEAKER_02'}, {'word': 'I', 'start': np.float64(987.382), 'end': np.float64(987.402), 'score': np.float64(1.0), 'speaker': 'SPEAKER_02'}, {'word': 'feel', 'start': np.float64(987.682), 'end': np.float64(987.842), 'score': np.float64(0.771), 'speaker': 'SPEAKER_02'}, {'word': 'so', 'start': np.float64(987.902), 'end': np.float64(988.063), 'score': np.float64(0.851), 'speaker': 'SPEAKER_02'}, {'word': 'proud', 'start': np.float64(988.123), 'end': np.float64(988.303), 'score': np.float64(0.985), 'speaker': 'SPEAKER_02'}, {'word': 'to', 'start': np.float64(988.343), 'end': np.float64(988.403), 'score': np.float64(0.893), 'speaker': 'SPEAKER_02'}, {'word': 'be', 'start': np.float64(988.443), 'end': np.float64(988.503), 'score': np.float64(0.803), 'speaker': 'SPEAKER_02'}, {'word': 'your', 'start': np.float64(988.543), 'end': np.float64(988.643), 'score': np.float64(0.91), 'speaker': 'SPEAKER_02'}, {'word': 'daughter.', 'start': np.float64(988.683), 'end': np.float64(989.004), 'score': np.float64(0.912), 'speaker': 'SPEAKER_02'}]",SPEAKER_02
989.024,991.767,I feel so lucky that you're my mom.,"[{'word': 'I', 'start': np.float64(989.024), 'end': np.float64(989.044), 'score': np.float64(0.999), 'speaker': 'SPEAKER_02'}, {'word': 'feel', 'start': np.float64(989.585), 'end': np.float64(989.765), 'score': np.float64(0.791), 'speaker': 'SPEAKER_02'}, {'word': 'so', 'start': np.float64(990.005), 'end': np.float64(990.306), 'score': np.float64(0.966), 'speaker': 'SPEAKER_02'}, {'word': 'lucky', 'start': np.float64(990.346), 'end': np.float64(990.826), 'score': np.float64(0.773), 'speaker': 'SPEAKER_02'}, {'word': 'that', 'start': np.float64(990.866), 'end': np.float64(990.966), 'score': np.float64(0.996), 'speaker': 'SPEAKER_02'}, {'word': ""you're"", 'start': np.float64(990.986), 'end': np.float64(991.187), 'score': np.float64(0.733), 'speaker': 'SPEAKER_02'}, {'word': 'my', 'start': np.float64(991.247), 'end': np.float64(991.367), 'score': np.float64(0.944), 'speaker': 'SPEAKER_02'}, {'word': 'mom.', 'start': np.float64(991.407), 'end': np.float64(991.767), 'score': np.float64(0.926), 'speaker': 'SPEAKER_02'}]",SPEAKER_02
991.787,994.091,I feel like it's not fair.,"[{'word': 'I', 'start': np.float64(991.787), 'end': np.float64(992.488), 'score': np.float64(0.965), 'speaker': 'SPEAKER_02'}, {'word': 'feel', 'start': np.float64(992.548), 'end': np.float64(992.729), 'score': np.float64(0.833), 'speaker': 'SPEAKER_02'}, {'word': 'like', 'start': np.float64(992.769), 'end': np.float64(992.989), 'score': np.float64(0.608), 'speaker': 'SPEAKER_02'}, {'word': ""it's"", 'start': np.float64(993.43), 'end': np.float64(993.55), 'score': np.float64(0.865), 'speaker': 'SPEAKER_02'}, {'word': 'not', 'start': np.float64(993.59), 'end': np.float64(993.73), 'score': np.float64(0.903), 'speaker': 'SPEAKER_02'}, {'word': 'fair.', 'start': np.float64(993.79), 'end': np.float64(994.091), 'score': np.float64(0.859), 'speaker': 'SPEAKER_02'}]",SPEAKER_02
994.131,998.456,"Like, I feel like, why can't everyone have a gay carbonary?","[{'word': 'Like,', 'start': np.float64(994.131), 'end': np.float64(994.731), 'score': np.float64(0.181), 'speaker': 'SPEAKER_02'}, {'word': 'I', 'start': np.float64(994.751), 'end': np.float64(994.811), 'score': np.float64(0.999), 'speaker': 'SPEAKER_02'}, {'word': 'feel', 'start': np.float64(994.852), 'end': np.float64(995.052), 'score': np.float64(0.763), 'speaker': 'SPEAKER_02'}, {'word': 'like,', 'start': np.float64(995.092), 'end': np.float64(995.292), 'score': np.float64(0.849), 'speaker': 'SPEAKER_02'}, {'word': 'why', 'start': np.float64(995.833), 'end': np.float64(995.973), 'score': np.float64(0.851), 'speaker': 'SPEAKER_02'}, {'word': ""can't"", 'start': np.float64(996.013), 'end': np.float64(996.193), 'score': np.float64(0.776), 'speaker': 'SPEAKER_02'}, {'word': 'everyone', 'start': np.float64(996.253), 'end': np.float64(996.574), 'score': np.float64(0.839), 'speaker': 'SPEAKER_02'}, {'word': 'have', 'start': np.float64(996.614), 'end': np.float64(996.834), 'score': np.float64(0.649), 'speaker': 'SPEAKER_02'}, {'word': 'a', 'start': np.float64(996.854), 'end': np.float64(996.874), 'score': np.float64(0.998), 'speaker': 'SPEAKER_02'}, {'word': 'gay', 'start': np.float64(997.735), 'end': np.float64(997.896), 'score': np.float64(0.721), 'speaker': 'SPEAKER_02'}, {'word': 'carbonary?', 'start': np.float64(997.936), 'end': np.float64(998.456), 'score': np.float64(0.901), 'speaker': 'SPEAKER_02'}]",SPEAKER_02
998.817,999.538,"Like, it's not fair.","[{'word': 'Like,', 'start': np.float64(998.817), 'end': np.float64(998.917), 'score': np.float64(0.237), 'speaker': 'SPEAKER_01'}, {'word': ""it's"", 'start': np.float64(998.937), 'end': np.float64(999.057), 'score': np.float64(0.65), 'speaker': 'SPEAKER_02'}, {'word': 'not', 'start': np.float64(999.097), 'end': np.float64(999.237), 'score': np.float64(0.696), 'speaker': 'SPEAKER_02'}, {'word': 'fair.', 'start': np.float64(999.277), 'end': np.float64(999.538), 'score': np.float64(0.864), 'speaker': 'SPEAKER_02'}]",SPEAKER_02
999.558,1001.6,"I feel that too, for you.","[{'word': 'I', 'start': np.float64(999.558), 'end': np.float64(999.578), 'score': np.float64(0.999), 'speaker': 'SPEAKER_02'}, {'word': 'feel', 'start': np.float64(1000.118), 'end': np.float64(1000.279), 'score': np.float64(0.912), 'speaker': 'SPEAKER_02'}, {'word': 'that', 'start': np.float64(1000.299), 'end': np.float64(1000.459), 'score': np.float64(0.8), 'speaker': 'SPEAKER_02'}, {'word': 'too,', 'start': np.float64(1000.519), 'end': np.float64(1000.779), 'score': np.float64(0.986), 'speaker': 'SPEAKER_02'}, {'word': 'for', 'start': np.float64(1001.24), 'end': np.float64(1001.36), 'score': np.float64(0.411), 'speaker': 'SPEAKER_02'}, {'word': 'you.', 'start': np.float64(1001.42), 'end': np.float64(1001.6), 'score': np.float64(0.833), 'speaker': 'SPEAKER_02'}]",SPEAKER_02
1001.961,1006.827,"And I just, yeah, I feel honored to carry on your legacy.","[{'word': 'And', 'start': np.float64(1001.961), 'end': np.float64(1002.061), 'score': np.float64(0.961), 'speaker': 'SPEAKER_02'}, {'word': 'I', 'start': np.float64(1002.101), 'end': np.float64(1002.181), 'score': np.float64(0.974), 'speaker': 'SPEAKER_02'}, {'word': 'just,', 'start': np.float64(1002.241), 'end': np.float64(1002.802), 'score': np.float64(0.93), 'speaker': 'SPEAKER_02'}, {'word': 'yeah,', 'start': np.float64(1002.822), 'end': np.float64(1002.962), 'score': np.float64(0.628), 'speaker': 'SPEAKER_02'}, {'word': 'I', 'start': np.float64(1004.144), 'end': np.float64(1004.204), 'score': np.float64(0.994), 'speaker': 'SPEAKER_02'}, {'word': 'feel', 'start': np.float64(1004.264), 'end': np.float64(1004.424), 'score': np.float64(0.757), 'speaker': 'SPEAKER_02'}, {'word': 'honored', 'start': np.float64(1004.464), 'end': np.float64(1004.825), 'score': np.float64(0.798), 'speaker': 'SPEAKER_02'}, {'word': 'to', 'start': np.float64(1004.885), 'end': np.float64(1005.125), 'score': np.float64(0.561), 'speaker': 'SPEAKER_02'}, {'word': 'carry', 'start': np.float64(1005.185), 'end': np.float64(1005.966), 'score': np.float64(0.882), 'speaker': 'SPEAKER_02'}, {'word': 'on', 'start': np.float64(1006.066), 'end': np.float64(1006.146), 'score': np.float64(0.979), 'speaker': 'SPEAKER_02'}, {'word': 'your', 'start': np.float64(1006.186), 'end': np.float64(1006.327), 'score': np.float64(0.58), 'speaker': 'SPEAKER_02'}, {'word': 'legacy.', 'start': np.float64(1006.367), 'end': np.float64(1006.827), 'score': np.float64(0.91), 'speaker': 'SPEAKER_02'}]",SPEAKER_02
1006.867,1008.369,I really do.,"[{'word': 'I', 'start': np.float64(1006.867), 'end': np.float64(1007.829), 'score': np.float64(0.953), 'speaker': 'SPEAKER_02'}, {'word': 'really', 'start': np.float64(1007.889), 'end': np.float64(1008.109), 'score': np.float64(0.876), 'speaker': 'SPEAKER_02'}, {'word': 'do.', 'start': np.float64(1008.169), 'end': np.float64(1008.369), 'score': np.float64(0.996), 'speaker': 'SPEAKER_02'}]",SPEAKER_02
1008.409,1010.112,And I'm gonna make you proud always.,"[{'word': 'And', 'start': np.float64(1008.409), 'end': np.float64(1008.83), 'score': np.float64(0.911), 'speaker': 'SPEAKER_02'}, {'word': ""I'm"", 'start': np.float64(1008.87), 'end': np.float64(1008.97), 'score': np.float64(0.915), 'speaker': 'SPEAKER_02'}, {'word': 'gonna', 'start': np.float64(1008.99), 'end': np.float64(1009.15), 'score': np.float64(0.207), 'speaker': 'SPEAKER_02'}, {'word': 'make', 'start': np.float64(1009.17), 'end': np.float64(1009.291), 'score': np.float64(0.596), 'speaker': 'SPEAKER_02'}, {'word': 'you', 'start': np.float64(1009.331), 'end': np.float64(1009.431), 'score': np.float64(0.932), 'speaker': 'SPEAKER_02'}, {'word': 'proud', 'start': np.float64(1009.471), 'end': np.float64(1009.711), 'score': np.float64(0.929), 'speaker': 'SPEAKER_02'}, {'word': 'always.', 'start': np.float64(1009.751), 'end': np.float64(1010.112), 'score': np.float64(0.873), 'speaker': 'SPEAKER_02'}]",SPEAKER_02
1010.412,1011.133,That's awesome.,"[{'word': ""That's"", 'start': np.float64(1010.412), 'end': np.float64(1010.953), 'score': np.float64(0.42), 'speaker': 'SPEAKER_02'}, {'word': 'awesome.', 'start': np.float64(1010.973), 'end': np.float64(1011.133), 'score': np.float64(0.125), 'speaker': 'SPEAKER_02'}]",SPEAKER_02
1011.788,1012.309, Love that.,"[{'word': 'Love', 'start': np.float64(1011.788), 'end': np.float64(1012.068), 'score': np.float64(0.88), 'speaker': 'SPEAKER_02'}, {'word': 'that.', 'start': np.float64(1012.108), 'end': np.float64(1012.309), 'score': np.float64(0.853), 'speaker': 'SPEAKER_02'}]",SPEAKER_02
1012.849,1013.35,I love you.,"[{'word': 'I', 'start': np.float64(1012.849), 'end': np.float64(1012.929), 'score': np.float64(0.925), 'speaker': 'SPEAKER_02'}, {'word': 'love', 'start': np.float64(1012.969), 'end': np.float64(1013.149), 'score': np.float64(0.852), 'speaker': 'SPEAKER_02'}, {'word': 'you.', 'start': np.float64(1013.189), 'end': np.float64(1013.35), 'score': np.float64(0.777), 'speaker': 'SPEAKER_02'}]",SPEAKER_02
1013.41,1014.491,Love you so much.,"[{'word': 'Love', 'start': np.float64(1013.41), 'end': np.float64(1013.65), 'score': np.float64(0.907), 'speaker': 'SPEAKER_02'}, {'word': 'you', 'start': np.float64(1013.69), 'end': np.float64(1013.93), 'score': np.float64(0.784), 'speaker': 'SPEAKER_02'}, {'word': 'so', 'start': np.float64(1013.99), 'end': np.float64(1014.171), 'score': np.float64(0.914), 'speaker': 'SPEAKER_02'}, {'word': 'much.', 'start': np.float64(1014.231), 'end': np.float64(1014.491), 'score': np.float64(0.84), 'speaker': 'SPEAKER_02'}]",SPEAKER_02
1014.951,1016.213,You're my favorite person in the world.,"[{'word': ""You're"", 'start': np.float64(1014.951), 'end': np.float64(1015.071), 'score': np.float64(0.006), 'speaker': 'SPEAKER_02'}, {'word': 'my', 'start': np.float64(1015.091), 'end': np.float64(1015.152), 'score': np.float64(0.934), 'speaker': 'SPEAKER_02'}, {'word': 'favorite', 'start': np.float64(1015.212), 'end': np.float64(1015.492), 'score': np.float64(0.825), 'speaker': 'SPEAKER_02'}, {'word': 'person', 'start': np.float64(1015.512), 'end': np.float64(1015.792), 'score': np.float64(0.913), 'speaker': 'SPEAKER_02'}, {'word': 'in', 'start': np.float64(1015.832), 'end': np.float64(1015.892), 'score': np.float64(0.662), 'speaker': 'SPEAKER_02'}, {'word': 'the', 'start': np.float64(1015.912), 'end': np.float64(1015.972), 'score': np.float64(0.898), 'speaker': 'SPEAKER_02'}, {'word': 'world.', 'start': np.float64(1016.012), 'end': np.float64(1016.213), 'score': np.float64(0.861), 'speaker': 'SPEAKER_02'}]",SPEAKER_02
1016.253,1017.114,Don't tell her dad.,"[{'word': ""Don't"", 'start': np.float64(1016.253), 'end': np.float64(1016.413), 'score': np.float64(0.698), 'speaker': 'SPEAKER_02'}, {'word': 'tell', 'start': np.float64(1016.433), 'end': np.float64(1016.673), 'score': np.float64(0.566), 'speaker': 'SPEAKER_02'}, {'word': 'her', 'start': np.float64(1016.773), 'end': np.float64(1016.873), 'score': np.float64(0.483), 'speaker': 'SPEAKER_02'}, {'word': 'dad.', 'start': np.float64(1016.893), 'end': np.float64(1017.114), 'score': np.float64(0.975), 'speaker': 'SPEAKER_02'}]",SPEAKER_02
1017.414,1019.676,I know.,"[{'word': 'I', 'start': np.float64(1017.414), 'end': np.float64(1017.474), 'score': np.float64(0.894), 'speaker': 'SPEAKER_01'}, {'word': 'know.', 'start': np.float64(1017.514), 'end': np.float64(1019.676), 'score': np.float64(0.775), 'speaker': 'SPEAKER_01'}]",SPEAKER_01
1019.977,1020.717,I know.,"[{'word': 'I', 'start': np.float64(1019.977), 'end': np.float64(1019.997), 'score': np.float64(0.028), 'speaker': 'SPEAKER_01'}, {'word': 'know.', 'start': np.float64(1020.017), 'end': np.float64(1020.717), 'score': np.float64(0.746), 'speaker': 'SPEAKER_01'}]",SPEAKER_01
1020.757,1024.782,You're my favorite too.,"[{'word': ""You're"", 'start': np.float64(1020.757), 'end': np.float64(1020.918), 'score': np.float64(0.316), 'speaker': 'SPEAKER_01'}, {'word': 'my', 'start': np.float64(1020.938), 'end': np.float64(1021.058), 'score': np.float64(0.926), 'speaker': 'SPEAKER_01'}, {'word': 'favorite', 'start': np.float64(1021.098), 'end': np.float64(1021.658), 'score': np.float64(0.625), 'speaker': 'SPEAKER_01'}, {'word': 'too.', 'start': np.float64(1021.678), 'end': np.float64(1024.782), 'score': np.float64(0.439), 'speaker': 'SPEAKER_00'}]",SPEAKER_01
1024.802,1035.433,"If you enjoyed that conversation in the end, visit theskindeep.com slash shop where you'll find more of our products to create the space to explore the relationships that are most important to you.","[{'word': 'If', 'start': np.float64(1024.802), 'end': np.float64(1024.862), 'score': np.float64(0.99), 'speaker': 'SPEAKER_00'}, {'word': 'you', 'start': np.float64(1024.902), 'end': np.float64(1025.022), 'score': np.float64(0.944), 'speaker': 'SPEAKER_00'}, {'word': 'enjoyed', 'start': np.float64(1025.042), 'end': np.float64(1025.302), 'score': np.float64(0.745), 'speaker': 'SPEAKER_00'}, {'word': 'that', 'start': np.float64(1025.322), 'end': np.float64(1025.442), 'score': np.float64(0.839), 'speaker': 'SPEAKER_00'}, {'word': 'conversation', 'start': np.float64(1025.503), 'end': np.float64(1026.023), 'score': np.float64(0.969), 'speaker': 'SPEAKER_00'}, {'word': 'in', 'start': np.float64(1026.083), 'end': np.float64(1026.123), 'score': np.float64(0.861), 'speaker': 'SPEAKER_00'}, {'word': 'the', 'start': np.float64(1026.143), 'end': np.float64(1026.243), 'score': np.float64(0.688), 'speaker': 'SPEAKER_00'}, {'word': 'end,', 'start': np.float64(1026.323), 'end': np.float64(1026.464), 'score': np.float64(0.74), 'speaker': 'SPEAKER_00'}, {'word': 'visit', 'start': np.float64(1026.804), 'end': np.float64(1027.004), 'score': np.float64(0.761), 'speaker': 'SPEAKER_00'}, {'word': 'theskindeep.com', 'start': np.float64(1027.024), 'end': np.float64(1028.125), 'score': np.float64(0.616), 'speaker': 'SPEAKER_00'}, {'word': 'slash', 'start': np.float64(1028.145), 'end': np.float64(1028.426), 'score': np.float64(0.787), 'speaker': 'SPEAKER_00'}, {'word': 'shop', 'start': np.float64(1028.446), 'end': np.float64(1028.706), 'score': np.float64(0.885), 'speaker': 'SPEAKER_00'}, {'word': 'where', 'start': np.float64(1029.226), 'end': np.float64(1029.367), 'score': np.float64(0.262), 'speaker': 'SPEAKER_00'}, {'word': ""you'll"", 'start': np.float64(1029.407), 'end': np.float64(1029.527), 'score': np.float64(0.498), 'speaker': 'SPEAKER_00'}, {'word': 'find', 'start': np.float64(1029.547), 'end': np.float64(1029.727), 'score': np.float64(0.74), 'speaker': 'SPEAKER_00'}, {'word': 'more', 'start': np.float64(1029.767), 'end': np.float64(1030.007), 'score': np.float64(0.67), 'speaker': 'SPEAKER_00'}, {'word': 'of', 'start': np.float64(1030.067), 'end': np.float64(1030.107), 'score': np.float64(0.996), 'speaker': 'SPEAKER_00'}, {'word': 'our', 'start': np.float64(1030.167), 'end': np.float64(1030.268), 'score': np.float64(0.849), 'speaker': 'SPEAKER_00'}, {'word': 'products', 'start': np.float64(1030.328), 'end': np.float64(1030.728), 'score': np.float64(0.827), 'speaker': 'SPEAKER_00'}, {'word': 'to', 'start': np.float64(1031.569), 'end': np.float64(1031.609), 'score': np.float64(0.147), 'speaker': 'SPEAKER_00'}, {'word': 'create', 'start': np.float64(1031.629), 'end': np.float64(1031.809), 'score': np.float64(0.771), 'speaker': 'SPEAKER_00'}, {'word': 'the', 'start': np.float64(1031.849), 'end': np.float64(1031.929), 'score': np.float64(0.896), 'speaker': 'SPEAKER_00'}, {'word': 'space', 'start': np.float64(1031.949), 'end': np.float64(1032.27), 'score': np.float64(0.867), 'speaker': 'SPEAKER_00'}, {'word': 'to', 'start': np.float64(1032.31), 'end': np.float64(1032.39), 'score': np.float64(0.994), 'speaker': 'SPEAKER_00'}, {'word': 'explore', 'start': np.float64(1032.45), 'end': np.float64(1032.85), 'score': np.float64(0.82), 'speaker': 'SPEAKER_00'}, {'word': 'the', 'start': np.float64(1032.89), 'end': np.float64(1033.611), 'score': np.float64(0.931), 'speaker': 'SPEAKER_00'}, {'word': 'relationships', 'start': np.float64(1033.651), 'end': np.float64(1034.072), 'score': np.float64(0.683), 'speaker': 'SPEAKER_00'}, {'word': 'that', 'start': np.float64(1034.092), 'end': np.float64(1034.192), 'score': np.float64(0.795), 'speaker': 'SPEAKER_00'}, {'word': 'are', 'start': np.float64(1034.232), 'end': np.float64(1034.312), 'score': np.float64(0.853), 'speaker': 'SPEAKER_00'}, {'word': 'most', 'start': np.float64(1034.352), 'end': np.float64(1034.532), 'score': np.float64(0.9), 'speaker': 'SPEAKER_00'}, {'word': 'important', 'start': np.float64(1034.592), 'end': np.float64(1034.932), 'score': np.float64(0.765), 'speaker': 'SPEAKER_00'}, {'word': 'to', 'start': np.float64(1034.953), 'end': np.float64(1034.993), 'score': np.float64(0.062), 'speaker': 'SPEAKER_00'}, {'word': 'you.', 'start': np.float64(1035.013), 'end': np.float64(1035.433), 'score': np.float64(0.869), 'speaker': 'SPEAKER_00'}]",SPEAKER_00
