embedding_index,start_time,end_time,speaker
0,0.0,0.08,SPEAKER_00
1,0.08,0.16,SPEAKER_00
2,0.16,0.24,SPEAKER_00
3,0.24,0.32,SPEAKER_00
4,0.32,0.4,SPEAKER_01
5,0.4,0.48000000000000004,SPEAKER_01
6,0.48,0.5599999999999999,SPEAKER_01
7,0.56,0.64,SPEAKER_01
8,0.64,0.72,SPEAKER_01
9,0.72,0.7999999999999999,SPEAKER_01
10,0.8,0.88,SPEAKER_01
11,0.88,0.96,SPEAKER_01
12,0.96,1.04,SPEAKER_01
13,1.04,1.12,SPEAKER_01
14,1.12,1.2000000000000002,SPEAKER_01
15,1.2,1.28,SPEAKER_01
16,1.28,1.36,SPEAKER_01
17,1.36,1.4400000000000002,SPEAKER_01
18,1.44,1.52,SPEAKER_01
19,1.52,1.6,SPEAKER_01
20,1.6,1.6800000000000002,SPEAKER_01
21,1.68,1.76,SPEAKER_01
22,1.76,1.84,SPEAKER_01
23,1.84,1.9200000000000002,SPEAKER_01
24,1.92,2.0,SPEAKER_01
25,2.0,2.08,SPEAKER_01
26,2.08,2.16,SPEAKER_01
27,2.16,2.24,SPEAKER_01
28,2.24,2.3200000000000003,SPEAKER_01
29,2.32,2.4,SPEAKER_01
30,2.4,2.48,SPEAKER_01
31,2.48,2.56,SPEAKER_01
32,2.56,2.64,SPEAKER_01
33,2.64,2.72,SPEAKER_01
34,2.72,2.8000000000000003,SPEAKER_01
35,2.8,2.88,SPEAKER_01
36,2.88,2.96,SPEAKER_01
37,2.96,3.04,SPEAKER_01
38,3.04,3.12,SPEAKER_01
39,3.12,3.2,SPEAKER_01
40,3.2,3.2800000000000002,SPEAKER_01
41,3.28,3.36,SPEAKER_01
42,3.36,3.44,SPEAKER_01
43,3.44,3.52,SPEAKER_01
44,3.52,3.6,SPEAKER_01
45,3.6,3.68,SPEAKER_01
46,3.68,3.7600000000000002,SPEAKER_01
47,3.76,3.84,SPEAKER_01
48,3.84,3.92,SPEAKER_01
49,3.92,4.0,SPEAKER_01
50,4.0,4.08,SPEAKER_01
51,4.08,4.16,SPEAKER_01
52,4.16,4.24,SPEAKER_01
53,4.24,4.32,SPEAKER_01
54,4.32,4.4,SPEAKER_01
55,4.4,4.48,SPEAKER_01
56,4.48,4.5600000000000005,SPEAKER_01
57,4.56,4.64,SPEAKER_01
58,4.64,4.72,SPEAKER_01
59,4.72,4.8,SPEAKER_01
60,4.8,4.88,SPEAKER_01
61,4.88,4.96,SPEAKER_01
62,4.96,5.04,SPEAKER_01
63,5.04,5.12,SPEAKER_01
64,5.12,5.2,SPEAKER_01
65,5.2,5.28,SPEAKER_01
66,5.28,5.36,SPEAKER_01
67,5.36,5.44,SPEAKER_01
68,5.44,5.5200000000000005,SPEAKER_01
69,5.52,5.6,SPEAKER_01
70,5.6,5.68,SPEAKER_01
71,5.68,5.76,SPEAKER_01
72,5.76,5.84,SPEAKER_01
73,5.84,5.92,SPEAKER_01
74,5.92,6.0,SPEAKER_01
75,6.0,6.08,SPEAKER_01
76,6.08,6.16,SPEAKER_01
77,6.16,6.24,SPEAKER_01
78,6.24,6.32,SPEAKER_01
79,6.32,6.4,SPEAKER_01
80,6.4,6.48,SPEAKER_01
81,6.48,6.5600000000000005,SPEAKER_01
82,6.56,6.64,SPEAKER_01
83,6.64,6.72,SPEAKER_01
84,6.72,6.8,SPEAKER_01
85,6.8,6.88,SPEAKER_01
86,6.88,6.96,SPEAKER_01
87,6.96,7.04,SPEAKER_01
88,7.04,7.12,SPEAKER_01
89,7.12,7.2,SPEAKER_01
90,7.2,7.28,SPEAKER_01
91,7.28,7.36,SPEAKER_01
92,7.36,7.44,SPEAKER_01
93,7.44,7.5200000000000005,SPEAKER_01
94,7.52,7.6,SPEAKER_01
95,7.6,7.68,SPEAKER_01
96,7.68,7.76,SPEAKER_01
97,7.76,7.84,SPEAKER_01
98,7.84,7.92,SPEAKER_01
99,7.92,8.0,SPEAKER_01
100,8.0,8.08,SPEAKER_01
101,8.08,8.16,SPEAKER_01
102,8.16,8.24,SPEAKER_01
103,8.24,8.32,SPEAKER_01
104,8.32,8.4,SPEAKER_01
105,8.4,8.48,SPEAKER_01
106,8.48,8.56,SPEAKER_01
107,8.56,8.64,SPEAKER_01
108,8.64,8.72,SPEAKER_01
109,8.72,8.8,SPEAKER_01
110,8.8,8.88,SPEAKER_01
111,8.88,8.96,SPEAKER_01
112,8.96,9.040000000000001,SPEAKER_01
113,9.04,9.12,SPEAKER_01
114,9.12,9.2,SPEAKER_01
115,9.2,9.28,SPEAKER_01
116,9.28,9.36,SPEAKER_01
117,9.36,9.44,SPEAKER_01
118,9.44,9.52,SPEAKER_01
119,9.52,9.6,SPEAKER_01
120,9.6,9.68,SPEAKER_01
121,9.68,9.76,SPEAKER_01
122,9.76,9.84,SPEAKER_01
123,9.84,9.92,SPEAKER_01
124,9.92,10.0,SPEAKER_01
125,10.0,10.08,SPEAKER_01
126,10.08,10.16,SPEAKER_01
127,10.16,10.24,SPEAKER_01
128,10.24,10.32,SPEAKER_01
129,10.32,10.4,SPEAKER_01
130,10.4,10.48,SPEAKER_01
131,10.48,10.56,SPEAKER_01
132,10.56,10.64,SPEAKER_01
133,10.64,10.72,SPEAKER_01
134,10.72,10.8,SPEAKER_01
135,10.8,10.88,SPEAKER_01
136,10.88,10.96,SPEAKER_01
137,10.96,11.040000000000001,SPEAKER_01
138,11.04,11.12,SPEAKER_01
139,11.12,11.2,SPEAKER_01
140,11.2,11.28,SPEAKER_01
141,11.28,11.36,SPEAKER_01
142,11.36,11.44,SPEAKER_01
143,11.44,11.52,SPEAKER_01
144,11.52,11.6,SPEAKER_01
145,11.6,11.68,SPEAKER_01
146,11.68,11.76,SPEAKER_01
147,11.76,11.84,SPEAKER_01
148,11.84,11.92,SPEAKER_01
149,11.92,12.0,SPEAKER_01
150,12.0,12.08,SPEAKER_01
151,12.08,12.16,SPEAKER_01
152,12.16,12.24,SPEAKER_01
153,12.24,12.32,SPEAKER_01
154,12.32,12.4,SPEAKER_01
155,12.4,12.48,SPEAKER_01
156,12.48,12.56,SPEAKER_01
157,12.56,12.64,SPEAKER_01
158,12.64,12.72,SPEAKER_01
159,12.72,12.8,SPEAKER_01
160,12.8,12.88,SPEAKER_01
161,12.88,12.96,SPEAKER_01
162,12.96,13.040000000000001,SPEAKER_01
163,13.04,13.12,SPEAKER_01
164,13.12,13.2,SPEAKER_01
165,13.2,13.28,SPEAKER_01
166,13.28,13.36,SPEAKER_01
167,13.36,13.44,SPEAKER_01
168,13.44,13.52,SPEAKER_01
169,13.52,13.6,SPEAKER_01
170,13.6,13.68,SPEAKER_01
171,13.68,13.76,SPEAKER_01
172,13.76,13.84,SPEAKER_01
173,13.84,13.92,SPEAKER_01
174,13.92,14.0,SPEAKER_01
175,14.0,14.08,SPEAKER_01
176,14.08,14.16,SPEAKER_01
177,14.16,14.24,SPEAKER_01
178,14.24,14.32,SPEAKER_01
179,14.32,14.4,SPEAKER_01
180,14.4,14.48,SPEAKER_01
181,14.48,14.56,SPEAKER_01
182,14.56,14.64,SPEAKER_01
183,14.64,14.72,SPEAKER_01
184,14.72,14.8,SPEAKER_01
185,14.8,14.88,SPEAKER_01
186,14.88,14.96,SPEAKER_01
187,14.96,15.040000000000001,SPEAKER_01
188,15.04,15.12,SPEAKER_01
189,15.12,15.2,SPEAKER_01
190,15.2,15.28,SPEAKER_01
191,15.28,15.36,SPEAKER_01
192,15.36,15.44,SPEAKER_01
193,15.44,15.52,SPEAKER_01
194,15.52,15.6,SPEAKER_01
195,15.6,15.68,SPEAKER_01
196,15.68,15.76,SPEAKER_01
197,15.76,15.84,SPEAKER_01
198,15.84,15.92,SPEAKER_01
199,15.92,16.0,SPEAKER_00
200,16.0,16.08,SPEAKER_01
201,16.08,16.159999999999997,SPEAKER_01
202,16.16,16.24,SPEAKER_00
203,16.24,16.319999999999997,SPEAKER_01
204,16.32,16.4,SPEAKER_01
205,16.4,16.479999999999997,SPEAKER_01
206,16.48,16.56,SPEAKER_01
207,16.56,16.639999999999997,SPEAKER_01
208,16.64,16.72,SPEAKER_01
209,16.72,16.799999999999997,SPEAKER_01
210,16.8,16.88,SPEAKER_01
211,16.88,16.959999999999997,SPEAKER_01
212,16.96,17.04,SPEAKER_01
213,17.04,17.119999999999997,SPEAKER_01
214,17.12,17.2,SPEAKER_01
215,17.2,17.279999999999998,SPEAKER_01
216,17.28,17.36,SPEAKER_01
217,17.36,17.439999999999998,SPEAKER_01
218,17.44,17.52,SPEAKER_01
219,17.52,17.599999999999998,SPEAKER_01
220,17.6,17.68,SPEAKER_01
221,17.68,17.759999999999998,SPEAKER_01
222,17.76,17.84,SPEAKER_01
223,17.84,17.919999999999998,SPEAKER_01
224,17.92,18.0,SPEAKER_01
225,18.0,18.08,SPEAKER_01
226,18.08,18.159999999999997,SPEAKER_01
227,18.16,18.24,SPEAKER_01
228,18.24,18.319999999999997,SPEAKER_01
229,18.32,18.4,SPEAKER_01
230,18.4,18.479999999999997,SPEAKER_01
231,18.48,18.56,SPEAKER_01
232,18.56,18.639999999999997,SPEAKER_01
233,18.64,18.72,SPEAKER_01
234,18.72,18.799999999999997,SPEAKER_01
235,18.8,18.88,SPEAKER_01
236,18.88,18.959999999999997,SPEAKER_01
237,18.96,19.04,SPEAKER_01
238,19.04,19.119999999999997,SPEAKER_01
239,19.12,19.2,SPEAKER_01
240,19.2,19.279999999999998,SPEAKER_01
241,19.28,19.36,SPEAKER_01
242,19.36,19.439999999999998,SPEAKER_01
243,19.44,19.52,SPEAKER_01
244,19.52,19.599999999999998,SPEAKER_01
245,19.6,19.68,SPEAKER_01
246,19.68,19.759999999999998,SPEAKER_01
247,19.76,19.84,SPEAKER_01
248,19.84,19.919999999999998,SPEAKER_01
249,19.92,20.0,SPEAKER_01
250,20.0,20.08,SPEAKER_01
251,20.08,20.159999999999997,SPEAKER_01
252,20.16,20.24,SPEAKER_01
253,20.24,20.319999999999997,SPEAKER_01
254,20.32,20.4,SPEAKER_01
255,20.4,20.479999999999997,SPEAKER_01
256,20.48,20.56,SPEAKER_01
257,20.56,20.639999999999997,SPEAKER_01
258,20.64,20.72,SPEAKER_01
259,20.72,20.799999999999997,SPEAKER_01
260,20.8,20.88,SPEAKER_01
261,20.88,20.959999999999997,SPEAKER_01
262,20.96,21.04,SPEAKER_01
263,21.04,21.119999999999997,SPEAKER_01
264,21.12,21.2,SPEAKER_01
265,21.2,21.279999999999998,SPEAKER_01
266,21.28,21.36,SPEAKER_01
267,21.36,21.439999999999998,SPEAKER_01
268,21.44,21.52,SPEAKER_01
269,21.52,21.599999999999998,SPEAKER_01
270,21.6,21.68,SPEAKER_01
271,21.68,21.759999999999998,SPEAKER_01
272,21.76,21.84,SPEAKER_01
273,21.84,21.919999999999998,SPEAKER_01
274,21.92,22.0,SPEAKER_01
275,22.0,22.08,SPEAKER_01
276,22.08,22.159999999999997,SPEAKER_01
277,22.16,22.24,SPEAKER_01
278,22.24,22.319999999999997,SPEAKER_01
279,22.32,22.4,SPEAKER_01
280,22.4,22.479999999999997,SPEAKER_01
281,22.48,22.56,SPEAKER_01
282,22.56,22.639999999999997,SPEAKER_01
283,22.64,22.72,SPEAKER_01
284,22.72,22.799999999999997,SPEAKER_01
285,22.8,22.88,SPEAKER_01
286,22.88,22.959999999999997,SPEAKER_01
287,22.96,23.04,SPEAKER_01
288,23.04,23.119999999999997,SPEAKER_01
289,23.12,23.2,SPEAKER_01
290,23.2,23.279999999999998,SPEAKER_01
291,23.28,23.36,SPEAKER_01
292,23.36,23.439999999999998,SPEAKER_01
293,23.44,23.52,SPEAKER_01
294,23.52,23.599999999999998,SPEAKER_01
295,23.6,23.68,SPEAKER_01
296,23.68,23.759999999999998,SPEAKER_01
297,23.76,23.84,SPEAKER_01
298,23.84,23.919999999999998,SPEAKER_01
299,23.92,24.0,SPEAKER_01
300,24.0,24.08,SPEAKER_01
301,24.08,24.159999999999997,SPEAKER_01
302,24.16,24.24,SPEAKER_01
303,24.24,24.319999999999997,SPEAKER_01
304,24.32,24.4,SPEAKER_01
305,24.4,24.479999999999997,SPEAKER_01
306,24.48,24.56,SPEAKER_01
307,24.56,24.639999999999997,SPEAKER_01
308,24.64,24.72,SPEAKER_01
309,24.72,24.799999999999997,SPEAKER_01
310,24.8,24.88,SPEAKER_01
311,24.88,24.959999999999997,SPEAKER_01
312,24.96,25.04,SPEAKER_01
313,25.04,25.119999999999997,SPEAKER_01
314,25.12,25.2,SPEAKER_01
315,25.2,25.279999999999998,SPEAKER_01
316,25.28,25.36,SPEAKER_01
317,25.36,25.439999999999998,SPEAKER_01
318,25.44,25.52,SPEAKER_01
319,25.52,25.599999999999998,SPEAKER_01
320,25.6,25.68,SPEAKER_01
321,25.68,25.759999999999998,SPEAKER_01
322,25.76,25.84,SPEAKER_01
323,25.84,25.919999999999998,SPEAKER_01
324,25.92,26.0,SPEAKER_01
325,26.0,26.08,SPEAKER_01
326,26.08,26.159999999999997,SPEAKER_01
327,26.16,26.24,SPEAKER_01
328,26.24,26.319999999999997,SPEAKER_01
329,26.32,26.4,SPEAKER_01
330,26.4,26.479999999999997,SPEAKER_01
331,26.48,26.56,SPEAKER_01
332,26.56,26.639999999999997,SPEAKER_01
333,26.64,26.72,SPEAKER_01
334,26.72,26.799999999999997,SPEAKER_01
335,26.8,26.88,SPEAKER_01
336,26.88,26.959999999999997,SPEAKER_01
337,26.96,27.04,SPEAKER_01
338,27.04,27.119999999999997,SPEAKER_01
339,27.12,27.2,SPEAKER_01
340,27.2,27.279999999999998,SPEAKER_01
341,27.28,27.36,SPEAKER_01
342,27.36,27.439999999999998,SPEAKER_01
343,27.44,27.52,SPEAKER_01
344,27.52,27.599999999999998,SPEAKER_01
345,27.6,27.68,SPEAKER_01
346,27.68,27.759999999999998,SPEAKER_01
347,27.76,27.84,SPEAKER_01
348,27.84,27.919999999999998,SPEAKER_01
349,27.92,28.0,SPEAKER_01
350,28.0,28.08,SPEAKER_01
351,28.08,28.159999999999997,SPEAKER_01
352,28.16,28.24,SPEAKER_01
353,28.24,28.319999999999997,SPEAKER_01
354,28.32,28.4,SPEAKER_01
355,28.4,28.479999999999997,SPEAKER_01
356,28.48,28.56,SPEAKER_01
357,28.56,28.639999999999997,SPEAKER_01
358,28.64,28.72,SPEAKER_01
359,28.72,28.799999999999997,SPEAKER_01
360,28.8,28.88,SPEAKER_01
361,28.88,28.959999999999997,SPEAKER_01
362,28.96,29.04,SPEAKER_01
363,29.04,29.119999999999997,SPEAKER_01
364,29.12,29.2,SPEAKER_01
365,29.2,29.279999999999998,SPEAKER_01
366,29.28,29.36,SPEAKER_01
367,29.36,29.439999999999998,SPEAKER_01
368,29.44,29.52,SPEAKER_01
369,29.52,29.599999999999998,SPEAKER_01
370,29.6,29.68,SPEAKER_01
371,29.68,29.759999999999998,SPEAKER_01
372,29.76,29.84,SPEAKER_01
373,29.84,29.919999999999998,SPEAKER_01
374,29.92,30.0,SPEAKER_01
375,30.0,30.08,SPEAKER_01
376,30.08,30.159999999999997,SPEAKER_01
377,30.16,30.24,SPEAKER_01
378,30.24,30.319999999999997,SPEAKER_01
379,30.32,30.4,SPEAKER_01
380,30.4,30.479999999999997,SPEAKER_01
381,30.48,30.56,SPEAKER_01
382,30.56,30.639999999999997,SPEAKER_01
383,30.64,30.72,SPEAKER_01
384,30.72,30.799999999999997,SPEAKER_01
385,30.8,30.88,SPEAKER_01
386,30.88,30.959999999999997,SPEAKER_01
387,30.96,31.04,SPEAKER_01
388,31.04,31.119999999999997,SPEAKER_01
389,31.12,31.2,SPEAKER_01
390,31.2,31.279999999999998,SPEAKER_01
391,31.28,31.36,SPEAKER_01
392,31.36,31.439999999999998,SPEAKER_01
393,31.44,31.52,SPEAKER_01
394,31.52,31.599999999999998,SPEAKER_01
395,31.6,31.68,SPEAKER_01
396,31.68,31.759999999999998,SPEAKER_01
397,31.76,31.84,SPEAKER_01
398,31.84,31.919999999999998,SPEAKER_01
399,31.92,32.0,SPEAKER_01
400,32.0,32.08,SPEAKER_01
401,32.08,32.16,SPEAKER_01
402,32.16,32.239999999999995,SPEAKER_01
403,32.24,32.32,SPEAKER_01
404,32.32,32.4,SPEAKER_01
405,32.4,32.48,SPEAKER_01
406,32.48,32.559999999999995,SPEAKER_01
407,32.56,32.64,SPEAKER_01
408,32.64,32.72,SPEAKER_01
409,32.72,32.8,SPEAKER_01
410,32.8,32.879999999999995,SPEAKER_01
411,32.88,32.96,SPEAKER_01
412,32.96,33.04,SPEAKER_01
413,33.04,33.12,SPEAKER_01
414,33.12,33.199999999999996,SPEAKER_01
415,33.2,33.28,SPEAKER_01
416,33.28,33.36,SPEAKER_01
417,33.36,33.44,SPEAKER_01
418,33.44,33.519999999999996,SPEAKER_01
419,33.52,33.6,SPEAKER_01
420,33.6,33.68,SPEAKER_01
421,33.68,33.76,SPEAKER_01
422,33.76,33.839999999999996,SPEAKER_01
423,33.84,33.92,SPEAKER_01
424,33.92,34.0,SPEAKER_01
425,34.0,34.08,SPEAKER_01
426,34.08,34.16,SPEAKER_01
427,34.16,34.239999999999995,SPEAKER_01
428,34.24,34.32,SPEAKER_01
429,34.32,34.4,SPEAKER_01
430,34.4,34.48,SPEAKER_01
431,34.48,34.559999999999995,SPEAKER_01
432,34.56,34.64,SPEAKER_01
433,34.64,34.72,SPEAKER_01
434,34.72,34.8,SPEAKER_01
435,34.8,34.879999999999995,SPEAKER_01
436,34.88,34.96,SPEAKER_01
437,34.96,35.04,SPEAKER_01
438,35.04,35.12,SPEAKER_01
439,35.12,35.199999999999996,SPEAKER_00
440,35.2,35.28,SPEAKER_00
441,35.28,35.36,SPEAKER_00
442,35.36,35.44,SPEAKER_00
443,35.44,35.519999999999996,SPEAKER_00
444,35.52,35.6,SPEAKER_00
445,35.6,35.68,SPEAKER_00
446,35.68,35.76,SPEAKER_00
447,35.76,35.839999999999996,SPEAKER_00
448,35.84,35.92,SPEAKER_00
449,35.92,36.0,SPEAKER_00
450,36.0,36.08,SPEAKER_00
451,36.08,36.16,SPEAKER_00
452,36.16,36.239999999999995,SPEAKER_00
453,36.24,36.32,SPEAKER_00
454,36.32,36.4,SPEAKER_00
455,36.4,36.48,SPEAKER_00
456,36.48,36.559999999999995,SPEAKER_00
457,36.56,36.64,SPEAKER_00
458,36.64,36.72,SPEAKER_00
459,36.72,36.8,SPEAKER_00
460,36.8,36.879999999999995,SPEAKER_00
461,36.88,36.96,SPEAKER_00
462,36.96,37.04,SPEAKER_00
463,37.04,37.12,SPEAKER_00
464,37.12,37.199999999999996,SPEAKER_00
465,37.2,37.28,SPEAKER_00
466,37.28,37.36,SPEAKER_00
467,37.36,37.44,SPEAKER_00
468,37.44,37.519999999999996,SPEAKER_00
469,37.52,37.6,SPEAKER_00
470,37.6,37.68,SPEAKER_00
471,37.68,37.76,SPEAKER_00
472,37.76,37.839999999999996,SPEAKER_00
473,37.84,37.92,SPEAKER_00
474,37.92,38.0,SPEAKER_00
475,38.0,38.08,SPEAKER_00
476,38.08,38.16,SPEAKER_00
477,38.16,38.239999999999995,SPEAKER_00
478,38.24,38.32,SPEAKER_00
479,38.32,38.4,SPEAKER_00
480,38.4,38.48,SPEAKER_00
481,38.48,38.559999999999995,SPEAKER_00
482,38.56,38.64,SPEAKER_00
483,38.64,38.72,SPEAKER_00
484,38.72,38.8,SPEAKER_00
485,38.8,38.879999999999995,SPEAKER_00
486,38.88,38.96,SPEAKER_00
487,38.96,39.04,SPEAKER_00
488,39.04,39.12,SPEAKER_00
489,39.12,39.199999999999996,SPEAKER_00
490,39.2,39.28,SPEAKER_00
491,39.28,39.36,SPEAKER_00
492,39.36,39.44,SPEAKER_00
493,39.44,39.519999999999996,SPEAKER_00
494,39.52,39.6,SPEAKER_00
495,39.6,39.68,SPEAKER_00
496,39.68,39.76,SPEAKER_00
497,39.76,39.839999999999996,SPEAKER_00
498,39.84,39.92,SPEAKER_00
499,39.92,40.0,SPEAKER_00
500,40.0,40.08,SPEAKER_00
501,40.08,40.16,SPEAKER_00
502,40.16,40.239999999999995,SPEAKER_00
503,40.24,40.32,SPEAKER_00
504,40.32,40.4,SPEAKER_00
505,40.4,40.48,SPEAKER_00
506,40.48,40.559999999999995,SPEAKER_00
507,40.56,40.64,SPEAKER_00
508,40.64,40.72,SPEAKER_00
509,40.72,40.8,SPEAKER_00
510,40.8,40.879999999999995,SPEAKER_00
511,40.88,40.96,SPEAKER_00
512,40.96,41.04,SPEAKER_00
513,41.04,41.12,SPEAKER_00
514,41.12,41.199999999999996,SPEAKER_00
515,41.2,41.28,SPEAKER_00
516,41.28,41.36,SPEAKER_00
517,41.36,41.44,SPEAKER_00
518,41.44,41.519999999999996,SPEAKER_00
519,41.52,41.6,SPEAKER_00
520,41.6,41.68,SPEAKER_00
521,41.68,41.76,SPEAKER_00
522,41.76,41.839999999999996,SPEAKER_00
523,41.84,41.92,SPEAKER_00
524,41.92,42.0,SPEAKER_00
525,42.0,42.08,SPEAKER_00
526,42.08,42.16,SPEAKER_00
527,42.16,42.239999999999995,SPEAKER_00
528,42.24,42.32,SPEAKER_00
529,42.32,42.4,SPEAKER_00
530,42.4,42.48,SPEAKER_00
531,42.48,42.559999999999995,SPEAKER_00
532,42.56,42.64,SPEAKER_00
533,42.64,42.72,SPEAKER_00
534,42.72,42.8,SPEAKER_00
535,42.8,42.879999999999995,SPEAKER_00
536,42.88,42.96,SPEAKER_00
537,42.96,43.04,SPEAKER_00
538,43.04,43.12,SPEAKER_00
539,43.12,43.199999999999996,SPEAKER_00
540,43.2,43.28,SPEAKER_00
541,43.28,43.36,SPEAKER_00
542,43.36,43.44,SPEAKER_00
543,43.44,43.519999999999996,SPEAKER_00
544,43.52,43.6,SPEAKER_00
545,43.6,43.68,SPEAKER_00
546,43.68,43.76,SPEAKER_00
547,43.76,43.839999999999996,SPEAKER_00
548,43.84,43.92,SPEAKER_00
549,43.92,44.0,SPEAKER_00
550,44.0,44.08,SPEAKER_00
551,44.08,44.16,SPEAKER_00
552,44.16,44.239999999999995,SPEAKER_00
553,44.24,44.32,SPEAKER_00
554,44.32,44.4,SPEAKER_00
555,44.4,44.48,SPEAKER_00
556,44.48,44.559999999999995,SPEAKER_00
557,44.56,44.64,SPEAKER_00
558,44.64,44.72,SPEAKER_00
559,44.72,44.8,SPEAKER_00
560,44.8,44.879999999999995,SPEAKER_00
561,44.88,44.96,SPEAKER_00
562,44.96,45.04,SPEAKER_00
563,45.04,45.12,SPEAKER_00
564,45.12,45.199999999999996,SPEAKER_00
565,45.2,45.28,SPEAKER_00
566,45.28,45.36,SPEAKER_00
567,45.36,45.44,SPEAKER_00
568,45.44,45.519999999999996,SPEAKER_00
569,45.52,45.6,SPEAKER_00
570,45.6,45.68,SPEAKER_00
571,45.68,45.76,SPEAKER_00
572,45.76,45.839999999999996,SPEAKER_00
573,45.84,45.92,SPEAKER_00
574,45.92,46.0,SPEAKER_00
575,46.0,46.08,SPEAKER_00
576,46.08,46.16,SPEAKER_00
577,46.16,46.239999999999995,SPEAKER_00
578,46.24,46.32,SPEAKER_00
579,46.32,46.4,SPEAKER_00
580,46.4,46.48,SPEAKER_00
581,46.48,46.559999999999995,SPEAKER_00
582,46.56,46.64,SPEAKER_00
583,46.64,46.72,SPEAKER_00
584,46.72,46.8,SPEAKER_00
585,46.8,46.879999999999995,SPEAKER_00
586,46.88,46.96,SPEAKER_00
587,46.96,47.04,SPEAKER_00
588,47.04,47.12,SPEAKER_00
589,47.12,47.199999999999996,SPEAKER_00
590,47.2,47.28,SPEAKER_00
591,47.28,47.36,SPEAKER_00
592,47.36,47.44,SPEAKER_00
593,47.44,47.519999999999996,SPEAKER_00
594,47.52,47.6,SPEAKER_00
595,47.6,47.68,SPEAKER_00
596,47.68,47.76,SPEAKER_00
597,47.76,47.839999999999996,SPEAKER_00
598,47.84,47.92,SPEAKER_00
599,47.92,48.0,SPEAKER_00
600,48.0,48.08,SPEAKER_00
601,48.08,48.16,SPEAKER_00
602,48.16,48.239999999999995,SPEAKER_00
603,48.24,48.32,SPEAKER_00
604,48.32,48.4,SPEAKER_00
605,48.4,48.48,SPEAKER_00
606,48.48,48.559999999999995,SPEAKER_00
607,48.56,48.64,SPEAKER_00
608,48.64,48.72,SPEAKER_00
609,48.72,48.8,SPEAKER_00
610,48.8,48.879999999999995,SPEAKER_00
611,48.88,48.96,SPEAKER_00
612,48.96,49.04,SPEAKER_00
613,49.04,49.12,SPEAKER_00
614,49.12,49.199999999999996,SPEAKER_00
615,49.2,49.28,SPEAKER_00
616,49.28,49.36,SPEAKER_00
617,49.36,49.44,SPEAKER_00
618,49.44,49.519999999999996,SPEAKER_00
619,49.52,49.6,SPEAKER_00
620,49.6,49.68,SPEAKER_00
621,49.68,49.76,SPEAKER_00
622,49.76,49.839999999999996,SPEAKER_00
623,49.84,49.92,SPEAKER_00
624,49.92,50.0,SPEAKER_00
625,50.0,50.08,SPEAKER_00
626,50.08,50.16,SPEAKER_00
627,50.16,50.239999999999995,SPEAKER_00
628,50.24,50.32,SPEAKER_00
629,50.32,50.4,SPEAKER_00
630,50.4,50.48,SPEAKER_00
631,50.48,50.559999999999995,SPEAKER_00
632,50.56,50.64,SPEAKER_00
633,50.64,50.72,SPEAKER_00
634,50.72,50.8,SPEAKER_00
635,50.8,50.879999999999995,SPEAKER_00
636,50.88,50.96,SPEAKER_00
637,50.96,51.04,SPEAKER_00
638,51.04,51.12,SPEAKER_00
639,51.12,51.199999999999996,SPEAKER_00
640,51.2,51.28,SPEAKER_00
641,51.28,51.36,SPEAKER_00
642,51.36,51.44,SPEAKER_00
643,51.44,51.519999999999996,SPEAKER_00
644,51.52,51.6,SPEAKER_00
645,51.6,51.68,SPEAKER_00
646,51.68,51.76,SPEAKER_00
647,51.76,51.839999999999996,SPEAKER_00
648,51.84,51.92,SPEAKER_00
649,51.92,52.0,SPEAKER_00
650,52.0,52.08,SPEAKER_00
651,52.08,52.16,SPEAKER_00
652,52.16,52.239999999999995,SPEAKER_00
653,52.24,52.32,SPEAKER_00
654,52.32,52.4,SPEAKER_00
655,52.4,52.48,SPEAKER_00
656,52.48,52.559999999999995,SPEAKER_00
657,52.56,52.64,SPEAKER_00
658,52.64,52.72,SPEAKER_00
659,52.72,52.8,SPEAKER_00
660,52.8,52.879999999999995,SPEAKER_00
661,52.88,52.96,SPEAKER_00
662,52.96,53.04,SPEAKER_00
663,53.04,53.12,SPEAKER_00
664,53.12,53.199999999999996,SPEAKER_00
665,53.2,53.28,SPEAKER_00
666,53.28,53.36,SPEAKER_00
667,53.36,53.44,SPEAKER_00
668,53.44,53.519999999999996,SPEAKER_00
669,53.52,53.6,SPEAKER_00
670,53.6,53.68,SPEAKER_00
671,53.68,53.76,SPEAKER_00
672,53.76,53.839999999999996,SPEAKER_00
673,53.84,53.92,SPEAKER_00
674,53.92,54.0,SPEAKER_00
675,54.0,54.08,SPEAKER_00
676,54.08,54.16,SPEAKER_00
677,54.16,54.239999999999995,SPEAKER_00
678,54.24,54.32,SPEAKER_00
679,54.32,54.4,SPEAKER_00
680,54.4,54.48,SPEAKER_00
681,54.48,54.559999999999995,SPEAKER_00
682,54.56,54.64,SPEAKER_00
683,54.64,54.72,SPEAKER_00
684,54.72,54.8,SPEAKER_00
685,54.8,54.879999999999995,SPEAKER_00
686,54.88,54.96,SPEAKER_00
687,54.96,55.04,SPEAKER_00
688,55.04,55.12,SPEAKER_00
689,55.12,55.199999999999996,SPEAKER_00
690,55.2,55.28,SPEAKER_00
691,55.28,55.36,SPEAKER_00
692,55.36,55.44,SPEAKER_00
693,55.44,55.519999999999996,SPEAKER_00
694,55.52,55.6,SPEAKER_00
695,55.6,55.68,SPEAKER_00
696,55.68,55.76,SPEAKER_00
697,55.76,55.839999999999996,SPEAKER_00
698,55.84,55.92,SPEAKER_00
699,55.92,56.0,SPEAKER_00
700,56.0,56.08,SPEAKER_00
701,56.08,56.16,SPEAKER_00
702,56.16,56.239999999999995,SPEAKER_00
703,56.24,56.32,SPEAKER_00
704,56.32,56.4,SPEAKER_00
705,56.4,56.48,SPEAKER_00
706,56.48,56.559999999999995,SPEAKER_00
707,56.56,56.64,SPEAKER_00
708,56.64,56.72,SPEAKER_00
709,56.72,56.8,SPEAKER_00
710,56.8,56.879999999999995,SPEAKER_00
711,56.88,56.96,SPEAKER_00
712,56.96,57.04,SPEAKER_00
713,57.04,57.12,SPEAKER_00
714,57.12,57.199999999999996,SPEAKER_00
715,57.2,57.28,SPEAKER_00
716,57.28,57.36,SPEAKER_00
717,57.36,57.44,SPEAKER_00
718,57.44,57.519999999999996,SPEAKER_00
719,57.52,57.6,SPEAKER_00
720,57.6,57.68,SPEAKER_00
721,57.68,57.76,SPEAKER_00
722,57.76,57.839999999999996,SPEAKER_00
723,57.84,57.92,SPEAKER_00
724,57.92,58.0,SPEAKER_00
725,58.0,58.08,SPEAKER_00
726,58.08,58.16,SPEAKER_00
727,58.16,58.239999999999995,SPEAKER_00
728,58.24,58.32,SPEAKER_00
729,58.32,58.4,SPEAKER_00
730,58.4,58.48,SPEAKER_00
731,58.48,58.559999999999995,SPEAKER_00
732,58.56,58.64,SPEAKER_00
733,58.64,58.72,SPEAKER_00
734,58.72,58.8,SPEAKER_00
735,58.8,58.879999999999995,SPEAKER_00
736,58.88,58.96,SPEAKER_00
737,58.96,59.04,SPEAKER_00
738,59.04,59.12,SPEAKER_00
739,59.12,59.199999999999996,SPEAKER_00
740,59.2,59.28,SPEAKER_00
741,59.28,59.36,SPEAKER_00
742,59.36,59.44,SPEAKER_00
743,59.44,59.519999999999996,SPEAKER_00
744,59.52,59.6,SPEAKER_00
745,59.6,59.68,SPEAKER_00
746,59.68,59.76,SPEAKER_00
747,59.76,59.839999999999996,SPEAKER_00
748,59.84,59.92,SPEAKER_00
749,59.92,60.0,SPEAKER_00
750,60.0,60.08,SPEAKER_00
751,60.08,60.16,SPEAKER_00
752,60.16,60.239999999999995,SPEAKER_00
753,60.24,60.32,SPEAKER_00
754,60.32,60.4,SPEAKER_00
755,60.4,60.48,SPEAKER_00
756,60.48,60.559999999999995,SPEAKER_00
757,60.56,60.64,SPEAKER_00
758,60.64,60.72,SPEAKER_00
759,60.72,60.8,SPEAKER_00
760,60.8,60.879999999999995,SPEAKER_00
761,60.88,60.96,SPEAKER_00
762,60.96,61.04,SPEAKER_00
763,61.04,61.12,SPEAKER_00
764,61.12,61.199999999999996,SPEAKER_00
765,61.2,61.28,SPEAKER_00
766,61.28,61.36,SPEAKER_00
767,61.36,61.44,SPEAKER_00
768,61.44,61.519999999999996,SPEAKER_00
769,61.52,61.6,SPEAKER_00
770,61.6,61.68,SPEAKER_00
771,61.68,61.76,SPEAKER_00
772,61.76,61.839999999999996,SPEAKER_00
773,61.84,61.92,SPEAKER_00
774,61.92,62.0,SPEAKER_00
775,62.0,62.08,SPEAKER_00
776,62.08,62.16,SPEAKER_00
777,62.16,62.239999999999995,SPEAKER_00
778,62.24,62.32,SPEAKER_00
779,62.32,62.4,SPEAKER_00
780,62.4,62.48,SPEAKER_00
781,62.48,62.559999999999995,SPEAKER_00
782,62.56,62.64,SPEAKER_00
783,62.64,62.72,SPEAKER_00
784,62.72,62.8,SPEAKER_00
785,62.8,62.879999999999995,SPEAKER_00
786,62.88,62.96,SPEAKER_00
787,62.96,63.04,SPEAKER_00
788,63.04,63.12,SPEAKER_00
789,63.12,63.199999999999996,SPEAKER_00
790,63.2,63.28,SPEAKER_00
791,63.28,63.36,SPEAKER_00
792,63.36,63.44,SPEAKER_00
793,63.44,63.519999999999996,SPEAKER_00
794,63.52,63.6,SPEAKER_00
795,63.6,63.68,SPEAKER_00
796,63.68,63.76,SPEAKER_00
797,63.76,63.839999999999996,SPEAKER_00
798,63.84,63.92,SPEAKER_00
799,63.92,64.0,SPEAKER_00
800,64.0,64.08,SPEAKER_00
801,64.08,64.16,SPEAKER_00
802,64.16,64.24,SPEAKER_00
803,64.24,64.32,SPEAKER_00
804,64.32,64.39999999999999,SPEAKER_00
805,64.4,64.48,SPEAKER_00
806,64.48,64.56,SPEAKER_00
807,64.56,64.64,SPEAKER_00
808,64.64,64.72,SPEAKER_00
809,64.72,64.8,SPEAKER_00
810,64.8,64.88,SPEAKER_00
811,64.88,64.96,SPEAKER_00
812,64.96,65.03999999999999,SPEAKER_00
813,65.04,65.12,SPEAKER_00
814,65.12,65.2,SPEAKER_00
815,65.2,65.28,SPEAKER_00
816,65.28,65.36,SPEAKER_00
817,65.36,65.44,SPEAKER_00
818,65.44,65.52,SPEAKER_00
819,65.52,65.6,SPEAKER_00
820,65.6,65.67999999999999,SPEAKER_00
821,65.68,65.76,SPEAKER_00
822,65.76,65.84,SPEAKER_00
823,65.84,65.92,SPEAKER_00
824,65.92,66.0,SPEAKER_00
825,66.0,66.08,SPEAKER_00
826,66.08,66.16,SPEAKER_00
827,66.16,66.24,SPEAKER_00
828,66.24,66.32,SPEAKER_00
829,66.32,66.39999999999999,SPEAKER_00
830,66.4,66.48,SPEAKER_00
831,66.48,66.56,SPEAKER_00
832,66.56,66.64,SPEAKER_00
833,66.64,66.72,SPEAKER_00
834,66.72,66.8,SPEAKER_00
835,66.8,66.88,SPEAKER_00
836,66.88,66.96,SPEAKER_00
837,66.96,67.03999999999999,SPEAKER_00
838,67.04,67.12,SPEAKER_00
839,67.12,67.2,SPEAKER_00
840,67.2,67.28,SPEAKER_00
841,67.28,67.36,SPEAKER_00
842,67.36,67.44,SPEAKER_00
843,67.44,67.52,SPEAKER_00
844,67.52,67.6,SPEAKER_00
845,67.6,67.67999999999999,SPEAKER_00
846,67.68,67.76,SPEAKER_00
847,67.76,67.84,SPEAKER_00
848,67.84,67.92,SPEAKER_00
849,67.92,68.0,SPEAKER_00
850,68.0,68.08,SPEAKER_00
851,68.08,68.16,SPEAKER_00
852,68.16,68.24,SPEAKER_00
853,68.24,68.32,SPEAKER_00
854,68.32,68.39999999999999,SPEAKER_00
855,68.4,68.48,SPEAKER_00
856,68.48,68.56,SPEAKER_00
857,68.56,68.64,SPEAKER_00
858,68.64,68.72,SPEAKER_00
859,68.72,68.8,SPEAKER_00
860,68.8,68.88,SPEAKER_00
861,68.88,68.96,SPEAKER_00
862,68.96,69.03999999999999,SPEAKER_00
863,69.04,69.12,SPEAKER_00
864,69.12,69.2,SPEAKER_00
865,69.2,69.28,SPEAKER_00
866,69.28,69.36,SPEAKER_00
867,69.36,69.44,SPEAKER_00
868,69.44,69.52,SPEAKER_00
869,69.52,69.6,SPEAKER_00
870,69.6,69.67999999999999,SPEAKER_00
871,69.68,69.76,SPEAKER_00
872,69.76,69.84,SPEAKER_00
873,69.84,69.92,SPEAKER_00
874,69.92,70.0,SPEAKER_00
875,70.0,70.08,SPEAKER_00
876,70.08,70.16,SPEAKER_00
877,70.16,70.24,SPEAKER_00
878,70.24,70.32,SPEAKER_00
879,70.32,70.39999999999999,SPEAKER_00
880,70.4,70.48,SPEAKER_00
881,70.48,70.56,SPEAKER_00
882,70.56,70.64,SPEAKER_00
883,70.64,70.72,SPEAKER_00
884,70.72,70.8,SPEAKER_00
885,70.8,70.88,SPEAKER_00
886,70.88,70.96,SPEAKER_00
887,70.96,71.03999999999999,SPEAKER_00
888,71.04,71.12,SPEAKER_00
889,71.12,71.2,SPEAKER_00
890,71.2,71.28,SPEAKER_00
891,71.28,71.36,SPEAKER_00
892,71.36,71.44,SPEAKER_00
893,71.44,71.52,SPEAKER_00
894,71.52,71.6,SPEAKER_00
895,71.6,71.67999999999999,SPEAKER_00
896,71.68,71.76,SPEAKER_00
897,71.76,71.84,SPEAKER_00
898,71.84,71.92,SPEAKER_00
899,71.92,72.0,SPEAKER_00
900,72.0,72.08,SPEAKER_00
901,72.08,72.16,SPEAKER_00
902,72.16,72.24,SPEAKER_00
903,72.24,72.32,SPEAKER_00
904,72.32,72.39999999999999,SPEAKER_00
905,72.4,72.48,SPEAKER_00
906,72.48,72.56,SPEAKER_00
907,72.56,72.64,SPEAKER_00
908,72.64,72.72,SPEAKER_00
909,72.72,72.8,SPEAKER_00
910,72.8,72.88,SPEAKER_00
911,72.88,72.96,SPEAKER_00
912,72.96,73.03999999999999,SPEAKER_00
913,73.04,73.12,SPEAKER_00
914,73.12,73.2,SPEAKER_00
915,73.2,73.28,SPEAKER_00
916,73.28,73.36,SPEAKER_00
917,73.36,73.44,SPEAKER_00
918,73.44,73.52,SPEAKER_00
919,73.52,73.6,SPEAKER_00
920,73.6,73.67999999999999,SPEAKER_00
921,73.68,73.76,SPEAKER_00
922,73.76,73.84,SPEAKER_00
923,73.84,73.92,SPEAKER_00
924,73.92,74.0,SPEAKER_00
925,74.0,74.08,SPEAKER_00
926,74.08,74.16,SPEAKER_00
927,74.16,74.24,SPEAKER_00
928,74.24,74.32,SPEAKER_00
929,74.32,74.39999999999999,SPEAKER_00
930,74.4,74.48,SPEAKER_00
931,74.48,74.56,SPEAKER_00
932,74.56,74.64,SPEAKER_00
933,74.64,74.72,SPEAKER_00
934,74.72,74.8,SPEAKER_00
935,74.8,74.88,SPEAKER_00
936,74.88,74.96,SPEAKER_00
937,74.96,75.03999999999999,SPEAKER_00
938,75.04,75.12,SPEAKER_00
939,75.12,75.2,SPEAKER_00
940,75.2,75.28,SPEAKER_00
941,75.28,75.36,SPEAKER_00
942,75.36,75.44,SPEAKER_00
943,75.44,75.52,SPEAKER_00
944,75.52,75.6,SPEAKER_00
945,75.6,75.67999999999999,SPEAKER_00
946,75.68,75.76,SPEAKER_00
947,75.76,75.84,SPEAKER_00
948,75.84,75.92,SPEAKER_00
949,75.92,76.0,SPEAKER_00
950,76.0,76.08,SPEAKER_00
951,76.08,76.16,SPEAKER_00
952,76.16,76.24,SPEAKER_00
953,76.24,76.32,SPEAKER_00
954,76.32,76.39999999999999,SPEAKER_00
955,76.4,76.48,SPEAKER_00
956,76.48,76.56,SPEAKER_00
957,76.56,76.64,SPEAKER_00
958,76.64,76.72,SPEAKER_00
959,76.72,76.8,SPEAKER_00
960,76.8,76.88,SPEAKER_00
961,76.88,76.96,SPEAKER_00
962,76.96,77.03999999999999,SPEAKER_00
963,77.04,77.12,SPEAKER_00
964,77.12,77.2,SPEAKER_00
965,77.2,77.28,SPEAKER_00
966,77.28,77.36,SPEAKER_00
967,77.36,77.44,SPEAKER_00
968,77.44,77.52,SPEAKER_00
969,77.52,77.6,SPEAKER_00
970,77.6,77.67999999999999,SPEAKER_00
971,77.68,77.76,SPEAKER_00
972,77.76,77.84,SPEAKER_00
973,77.84,77.92,SPEAKER_00
974,77.92,78.0,SPEAKER_00
975,78.0,78.08,SPEAKER_00
976,78.08,78.16,SPEAKER_00
977,78.16,78.24,SPEAKER_00
978,78.24,78.32,SPEAKER_00
979,78.32,78.39999999999999,SPEAKER_00
980,78.4,78.48,SPEAKER_00
981,78.48,78.56,SPEAKER_00
982,78.56,78.64,SPEAKER_00
983,78.64,78.72,SPEAKER_00
984,78.72,78.8,SPEAKER_00
985,78.8,78.88,SPEAKER_00
986,78.88,78.96,SPEAKER_00
987,78.96,79.03999999999999,SPEAKER_00
988,79.04,79.12,SPEAKER_00
989,79.12,79.2,SPEAKER_00
990,79.2,79.28,SPEAKER_00
991,79.28,79.36,SPEAKER_00
992,79.36,79.44,SPEAKER_00
993,79.44,79.52,SPEAKER_00
994,79.52,79.6,SPEAKER_00
995,79.6,79.67999999999999,SPEAKER_00
996,79.68,79.76,SPEAKER_00
997,79.76,79.84,SPEAKER_00
998,79.84,79.92,SPEAKER_00
999,79.92,80.0,SPEAKER_00
1000,80.0,80.08,SPEAKER_00
1001,80.08,80.16,SPEAKER_00
1002,80.16,80.24,SPEAKER_00
1003,80.24,80.32,SPEAKER_00
1004,80.32,80.39999999999999,SPEAKER_00
1005,80.4,80.48,SPEAKER_00
1006,80.48,80.56,SPEAKER_00
1007,80.56,80.64,SPEAKER_00
1008,80.64,80.72,SPEAKER_00
1009,80.72,80.8,SPEAKER_00
1010,80.8,80.88,SPEAKER_00
1011,80.88,80.96,SPEAKER_00
1012,80.96,81.03999999999999,SPEAKER_00
1013,81.04,81.12,SPEAKER_00
1014,81.12,81.2,SPEAKER_00
1015,81.2,81.28,SPEAKER_00
1016,81.28,81.36,SPEAKER_00
1017,81.36,81.44,SPEAKER_00
1018,81.44,81.52,SPEAKER_00
1019,81.52,81.6,SPEAKER_00
1020,81.6,81.67999999999999,SPEAKER_00
1021,81.68,81.76,SPEAKER_00
1022,81.76,81.84,SPEAKER_00
1023,81.84,81.92,SPEAKER_00
1024,81.92,82.0,SPEAKER_00
1025,82.0,82.08,SPEAKER_00
1026,82.08,82.16,SPEAKER_00
1027,82.16,82.24,SPEAKER_00
1028,82.24,82.32,SPEAKER_00
1029,82.32,82.39999999999999,SPEAKER_00
1030,82.4,82.48,SPEAKER_00
1031,82.48,82.56,SPEAKER_01
1032,82.56,82.64,SPEAKER_01
1033,82.64,82.72,SPEAKER_01
1034,82.72,82.8,SPEAKER_01
1035,82.8,82.88,SPEAKER_01
1036,82.88,82.96,SPEAKER_01
1037,82.96,83.03999999999999,SPEAKER_01
1038,83.04,83.12,SPEAKER_01
1039,83.12,83.2,SPEAKER_01
1040,83.2,83.28,SPEAKER_01
1041,83.28,83.36,SPEAKER_01
1042,83.36,83.44,SPEAKER_01
1043,83.44,83.52,SPEAKER_01
1044,83.52,83.6,SPEAKER_01
1045,83.6,83.67999999999999,SPEAKER_01
1046,83.68,83.76,SPEAKER_01
1047,83.76,83.84,SPEAKER_01
1048,83.84,83.92,SPEAKER_01
1049,83.92,84.0,SPEAKER_01
1050,84.0,84.08,SPEAKER_01
1051,84.08,84.16,SPEAKER_01
1052,84.16,84.24,SPEAKER_01
1053,84.24,84.32,SPEAKER_01
1054,84.32,84.39999999999999,SPEAKER_01
1055,84.4,84.48,SPEAKER_01
1056,84.48,84.56,SPEAKER_01
1057,84.56,84.64,SPEAKER_01
1058,84.64,84.72,SPEAKER_01
1059,84.72,84.8,SPEAKER_01
1060,84.8,84.88,SPEAKER_01
1061,84.88,84.96,SPEAKER_01
1062,84.96,85.03999999999999,SPEAKER_01
1063,85.04,85.12,SPEAKER_01
1064,85.12,85.2,SPEAKER_01
1065,85.2,85.28,SPEAKER_01
1066,85.28,85.36,SPEAKER_01
1067,85.36,85.44,SPEAKER_01
1068,85.44,85.52,SPEAKER_01
1069,85.52,85.6,SPEAKER_01
1070,85.6,85.67999999999999,SPEAKER_01
1071,85.68,85.76,SPEAKER_01
1072,85.76,85.84,SPEAKER_01
1073,85.84,85.92,SPEAKER_01
1074,85.92,86.0,SPEAKER_01
1075,86.0,86.08,SPEAKER_01
1076,86.08,86.16,SPEAKER_01
1077,86.16,86.24,SPEAKER_01
1078,86.24,86.32,SPEAKER_01
1079,86.32,86.39999999999999,SPEAKER_01
1080,86.4,86.48,SPEAKER_01
1081,86.48,86.56,SPEAKER_01
1082,86.56,86.64,SPEAKER_00
1083,86.64,86.72,SPEAKER_00
1084,86.72,86.8,SPEAKER_00
1085,86.8,86.88,SPEAKER_00
1086,86.88,86.96,SPEAKER_01
1087,86.96,87.03999999999999,SPEAKER_01
1088,87.04,87.12,SPEAKER_01
1089,87.12,87.2,SPEAKER_01
1090,87.2,87.28,SPEAKER_01
1091,87.28,87.36,SPEAKER_01
1092,87.36,87.44,SPEAKER_01
1093,87.44,87.52,SPEAKER_01
1094,87.52,87.6,SPEAKER_01
1095,87.6,87.67999999999999,SPEAKER_01
1096,87.68,87.76,SPEAKER_01
1097,87.76,87.84,SPEAKER_01
1098,87.84,87.92,SPEAKER_01
1099,87.92,88.0,SPEAKER_00
1100,88.0,88.08,SPEAKER_00
1101,88.08,88.16,SPEAKER_00
1102,88.16,88.24,SPEAKER_01
1103,88.24,88.32,SPEAKER_01
1104,88.32,88.39999999999999,SPEAKER_01
1105,88.4,88.48,SPEAKER_01
1106,88.48,88.56,SPEAKER_01
1107,88.56,88.64,SPEAKER_01
1108,88.64,88.72,SPEAKER_01
1109,88.72,88.8,SPEAKER_01
1110,88.8,88.88,SPEAKER_01
1111,88.88,88.96,SPEAKER_01
1112,88.96,89.03999999999999,SPEAKER_01
1113,89.04,89.12,SPEAKER_01
1114,89.12,89.2,SPEAKER_01
1115,89.2,89.28,SPEAKER_01
1116,89.28,89.36,SPEAKER_01
1117,89.36,89.44,SPEAKER_01
1118,89.44,89.52,SPEAKER_01
1119,89.52,89.6,SPEAKER_01
1120,89.6,89.67999999999999,SPEAKER_01
1121,89.68,89.76,SPEAKER_01
1122,89.76,89.84,SPEAKER_01
1123,89.84,89.92,SPEAKER_01
1124,89.92,90.0,SPEAKER_01
1125,90.0,90.08,SPEAKER_01
1126,90.08,90.16,SPEAKER_01
1127,90.16,90.24,SPEAKER_01
1128,90.24,90.32,SPEAKER_01
1129,90.32,90.39999999999999,SPEAKER_01
1130,90.4,90.48,SPEAKER_01
1131,90.48,90.56,SPEAKER_01
1132,90.56,90.64,SPEAKER_00
1133,90.64,90.72,SPEAKER_00
1134,90.72,90.8,SPEAKER_00
1135,90.8,90.88,SPEAKER_00
1136,90.88,90.96,SPEAKER_00
1137,90.96,91.03999999999999,SPEAKER_00
1138,91.04,91.12,SPEAKER_00
1139,91.12,91.2,SPEAKER_00
1140,91.2,91.28,SPEAKER_00
1141,91.28,91.36,SPEAKER_00
1142,91.36,91.44,SPEAKER_00
1143,91.44,91.52,SPEAKER_00
1144,91.52,91.6,SPEAKER_00
1145,91.6,91.67999999999999,SPEAKER_00
1146,91.68,91.76,SPEAKER_00
1147,91.76,91.84,SPEAKER_00
1148,91.84,91.92,SPEAKER_00
1149,91.92,92.0,SPEAKER_00
1150,92.0,92.08,SPEAKER_00
1151,92.08,92.16,SPEAKER_00
1152,92.16,92.24,SPEAKER_00
1153,92.24,92.32,SPEAKER_00
1154,92.32,92.39999999999999,SPEAKER_00
1155,92.4,92.48,SPEAKER_00
1156,92.48,92.56,SPEAKER_00
1157,92.56,92.64,SPEAKER_00
1158,92.64,92.72,SPEAKER_00
1159,92.72,92.8,SPEAKER_00
1160,92.8,92.88,SPEAKER_00
1161,92.88,92.96,SPEAKER_00
1162,92.96,93.03999999999999,SPEAKER_00
1163,93.04,93.12,SPEAKER_00
1164,93.12,93.2,SPEAKER_00
1165,93.2,93.28,SPEAKER_00
1166,93.28,93.36,SPEAKER_00
1167,93.36,93.44,SPEAKER_00
1168,93.44,93.52,SPEAKER_00
1169,93.52,93.6,SPEAKER_00
1170,93.6,93.67999999999999,SPEAKER_00
1171,93.68,93.76,SPEAKER_00
1172,93.76,93.84,SPEAKER_00
1173,93.84,93.92,SPEAKER_00
1174,93.92,94.0,SPEAKER_00
1175,94.0,94.08,SPEAKER_00
1176,94.08,94.16,SPEAKER_00
1177,94.16,94.24,SPEAKER_00
1178,94.24,94.32,SPEAKER_00
1179,94.32,94.39999999999999,SPEAKER_00
1180,94.4,94.48,SPEAKER_00
1181,94.48,94.56,SPEAKER_00
1182,94.56,94.64,SPEAKER_00
1183,94.64,94.72,SPEAKER_00
1184,94.72,94.8,SPEAKER_00
1185,94.8,94.88,SPEAKER_00
1186,94.88,94.96,SPEAKER_00
1187,94.96,95.03999999999999,SPEAKER_00
1188,95.04,95.12,SPEAKER_00
1189,95.12,95.2,SPEAKER_00
1190,95.2,95.28,SPEAKER_00
1191,95.28,95.36,SPEAKER_00
1192,95.36,95.44,SPEAKER_00
1193,95.44,95.52,SPEAKER_00
1194,95.52,95.6,SPEAKER_00
1195,95.6,95.67999999999999,SPEAKER_00
1196,95.68,95.76,SPEAKER_00
1197,95.76,95.84,SPEAKER_00
1198,95.84,95.92,SPEAKER_00
1199,95.92,96.0,SPEAKER_00
1200,96.0,96.08,SPEAKER_00
1201,96.08,96.16,SPEAKER_00
1202,96.16,96.24,SPEAKER_00
1203,96.24,96.32,SPEAKER_00
1204,96.32,96.39999999999999,SPEAKER_00
1205,96.4,96.48,SPEAKER_00
1206,96.48,96.56,SPEAKER_00
1207,96.56,96.64,SPEAKER_00
1208,96.64,96.72,SPEAKER_00
1209,96.72,96.8,SPEAKER_00
1210,96.8,96.88,SPEAKER_00
1211,96.88,96.96,SPEAKER_00
1212,96.96,97.03999999999999,SPEAKER_00
1213,97.04,97.12,SPEAKER_00
1214,97.12,97.2,SPEAKER_00
1215,97.2,97.28,SPEAKER_00
1216,97.28,97.36,SPEAKER_00
1217,97.36,97.44,SPEAKER_00
1218,97.44,97.52,SPEAKER_00
1219,97.52,97.6,SPEAKER_00
1220,97.6,97.67999999999999,SPEAKER_00
1221,97.68,97.76,SPEAKER_00
1222,97.76,97.84,SPEAKER_00
1223,97.84,97.92,SPEAKER_00
1224,97.92,98.0,SPEAKER_00
1225,98.0,98.08,SPEAKER_00
1226,98.08,98.16,SPEAKER_00
1227,98.16,98.24,SPEAKER_00
1228,98.24,98.32,SPEAKER_00
1229,98.32,98.39999999999999,SPEAKER_00
1230,98.4,98.48,SPEAKER_00
1231,98.48,98.56,SPEAKER_00
1232,98.56,98.64,SPEAKER_00
1233,98.64,98.72,SPEAKER_00
1234,98.72,98.8,SPEAKER_00
1235,98.8,98.88,SPEAKER_00
1236,98.88,98.96,SPEAKER_00
1237,98.96,99.03999999999999,SPEAKER_00
1238,99.04,99.12,SPEAKER_00
1239,99.12,99.2,SPEAKER_00
1240,99.2,99.28,SPEAKER_00
1241,99.28,99.36,SPEAKER_00
1242,99.36,99.44,SPEAKER_00
1243,99.44,99.52,SPEAKER_00
1244,99.52,99.6,SPEAKER_00
1245,99.6,99.67999999999999,SPEAKER_00
1246,99.68,99.76,SPEAKER_00
1247,99.76,99.84,SPEAKER_00
1248,99.84,99.92,SPEAKER_00
1249,99.92,100.0,SPEAKER_00
1250,100.0,100.08,SPEAKER_00
1251,100.08,100.16,SPEAKER_00
1252,100.16,100.24,SPEAKER_00
1253,100.24,100.32,SPEAKER_00
1254,100.32,100.39999999999999,SPEAKER_00
1255,100.4,100.48,SPEAKER_00
1256,100.48,100.56,SPEAKER_00
1257,100.56,100.64,SPEAKER_00
1258,100.64,100.72,SPEAKER_00
1259,100.72,100.8,SPEAKER_00
1260,100.8,100.88,SPEAKER_00
1261,100.88,100.96,SPEAKER_00
1262,100.96,101.03999999999999,SPEAKER_00
1263,101.04,101.12,SPEAKER_00
1264,101.12,101.2,SPEAKER_00
1265,101.2,101.28,SPEAKER_00
1266,101.28,101.36,SPEAKER_00
1267,101.36,101.44,SPEAKER_00
1268,101.44,101.52,SPEAKER_00
1269,101.52,101.6,SPEAKER_00
1270,101.6,101.67999999999999,SPEAKER_00
1271,101.68,101.76,SPEAKER_00
1272,101.76,101.84,SPEAKER_00
1273,101.84,101.92,SPEAKER_00
1274,101.92,102.0,SPEAKER_00
1275,102.0,102.08,SPEAKER_00
1276,102.08,102.16,SPEAKER_00
1277,102.16,102.24,SPEAKER_00
1278,102.24,102.32,SPEAKER_00
1279,102.32,102.39999999999999,SPEAKER_00
1280,102.4,102.48,SPEAKER_00
1281,102.48,102.56,SPEAKER_00
1282,102.56,102.64,SPEAKER_00
1283,102.64,102.72,SPEAKER_00
1284,102.72,102.8,SPEAKER_00
1285,102.8,102.88,SPEAKER_00
1286,102.88,102.96,SPEAKER_00
1287,102.96,103.03999999999999,SPEAKER_00
1288,103.04,103.12,SPEAKER_00
1289,103.12,103.2,SPEAKER_00
1290,103.2,103.28,SPEAKER_00
1291,103.28,103.36,SPEAKER_00
1292,103.36,103.44,SPEAKER_00
1293,103.44,103.52,SPEAKER_00
1294,103.52,103.6,SPEAKER_00
1295,103.6,103.67999999999999,SPEAKER_00
1296,103.68,103.76,SPEAKER_00
1297,103.76,103.84,SPEAKER_00
1298,103.84,103.92,SPEAKER_00
1299,103.92,104.0,SPEAKER_00
1300,104.0,104.08,SPEAKER_00
1301,104.08,104.16,SPEAKER_00
1302,104.16,104.24,SPEAKER_00
1303,104.24,104.32,SPEAKER_00
1304,104.32,104.39999999999999,SPEAKER_00
1305,104.4,104.48,SPEAKER_00
1306,104.48,104.56,SPEAKER_00
1307,104.56,104.64,SPEAKER_00
1308,104.64,104.72,SPEAKER_00
1309,104.72,104.8,SPEAKER_00
1310,104.8,104.88,SPEAKER_00
1311,104.88,104.96,SPEAKER_00
1312,104.96,105.03999999999999,SPEAKER_00
1313,105.04,105.12,SPEAKER_00
1314,105.12,105.2,SPEAKER_00
1315,105.2,105.28,SPEAKER_00
1316,105.28,105.36,SPEAKER_00
1317,105.36,105.44,SPEAKER_00
1318,105.44,105.52,SPEAKER_00
1319,105.52,105.6,SPEAKER_00
1320,105.6,105.67999999999999,SPEAKER_00
1321,105.68,105.76,SPEAKER_00
1322,105.76,105.84,SPEAKER_00
1323,105.84,105.92,SPEAKER_00
1324,105.92,106.0,SPEAKER_00
1325,106.0,106.08,SPEAKER_00
1326,106.08,106.16,SPEAKER_00
1327,106.16,106.24,SPEAKER_00
1328,106.24,106.32,SPEAKER_00
1329,106.32,106.39999999999999,SPEAKER_00
1330,106.4,106.48,SPEAKER_00
1331,106.48,106.56,SPEAKER_00
1332,106.56,106.64,SPEAKER_00
1333,106.64,106.72,SPEAKER_00
1334,106.72,106.8,SPEAKER_00
1335,106.8,106.88,SPEAKER_00
1336,106.88,106.96,SPEAKER_00
1337,106.96,107.03999999999999,SPEAKER_00
1338,107.04,107.12,SPEAKER_00
1339,107.12,107.2,SPEAKER_00
1340,107.2,107.28,SPEAKER_00
1341,107.28,107.36,SPEAKER_00
1342,107.36,107.44,SPEAKER_00
1343,107.44,107.52,SPEAKER_00
1344,107.52,107.6,SPEAKER_00
1345,107.6,107.67999999999999,SPEAKER_00
1346,107.68,107.76,SPEAKER_00
1347,107.76,107.84,SPEAKER_00
1348,107.84,107.92,SPEAKER_00
1349,107.92,108.0,SPEAKER_00
1350,108.0,108.08,SPEAKER_00
1351,108.08,108.16,SPEAKER_00
1352,108.16,108.24,SPEAKER_00
1353,108.24,108.32,SPEAKER_00
1354,108.32,108.39999999999999,SPEAKER_00
1355,108.4,108.48,SPEAKER_00
1356,108.48,108.56,SPEAKER_00
1357,108.56,108.64,SPEAKER_00
1358,108.64,108.72,SPEAKER_00
1359,108.72,108.8,SPEAKER_00
1360,108.8,108.88,SPEAKER_00
1361,108.88,108.96,SPEAKER_00
1362,108.96,109.03999999999999,SPEAKER_00
1363,109.04,109.12,SPEAKER_00
1364,109.12,109.2,SPEAKER_00
1365,109.2,109.28,SPEAKER_00
1366,109.28,109.36,SPEAKER_00
1367,109.36,109.44,SPEAKER_00
1368,109.44,109.52,SPEAKER_00
1369,109.52,109.6,SPEAKER_00
1370,109.6,109.67999999999999,SPEAKER_00
1371,109.68,109.76,SPEAKER_00
1372,109.76,109.84,SPEAKER_00
1373,109.84,109.92,SPEAKER_00
1374,109.92,110.0,SPEAKER_00
1375,110.0,110.08,SPEAKER_00
1376,110.08,110.16,SPEAKER_00
1377,110.16,110.24,SPEAKER_00
1378,110.24,110.32,SPEAKER_00
1379,110.32,110.39999999999999,SPEAKER_00
1380,110.4,110.48,SPEAKER_00
1381,110.48,110.56,SPEAKER_00
1382,110.56,110.64,SPEAKER_00
1383,110.64,110.72,SPEAKER_00
1384,110.72,110.8,SPEAKER_00
1385,110.8,110.88,SPEAKER_00
1386,110.88,110.96,SPEAKER_00
1387,110.96,111.03999999999999,SPEAKER_00
1388,111.04,111.12,SPEAKER_00
1389,111.12,111.2,SPEAKER_00
1390,111.2,111.28,SPEAKER_00
1391,111.28,111.36,SPEAKER_00
1392,111.36,111.44,SPEAKER_00
1393,111.44,111.52,SPEAKER_00
1394,111.52,111.6,SPEAKER_00
1395,111.6,111.67999999999999,SPEAKER_00
1396,111.68,111.76,SPEAKER_00
1397,111.76,111.84,SPEAKER_00
1398,111.84,111.92,SPEAKER_00
1399,111.92,112.0,SPEAKER_00
1400,112.0,112.08,SPEAKER_00
1401,112.08,112.16,SPEAKER_00
1402,112.16,112.24,SPEAKER_00
1403,112.24,112.32,SPEAKER_00
1404,112.32,112.39999999999999,SPEAKER_00
1405,112.4,112.48,SPEAKER_00
1406,112.48,112.56,SPEAKER_00
1407,112.56,112.64,SPEAKER_00
1408,112.64,112.72,SPEAKER_00
1409,112.72,112.8,SPEAKER_00
1410,112.8,112.88,SPEAKER_00
1411,112.88,112.96,SPEAKER_00
1412,112.96,113.03999999999999,SPEAKER_00
1413,113.04,113.12,SPEAKER_00
1414,113.12,113.2,SPEAKER_00
1415,113.2,113.28,SPEAKER_00
1416,113.28,113.36,SPEAKER_00
1417,113.36,113.44,SPEAKER_00
1418,113.44,113.52,SPEAKER_00
1419,113.52,113.6,SPEAKER_00
1420,113.6,113.67999999999999,SPEAKER_00
1421,113.68,113.76,SPEAKER_00
1422,113.76,113.84,SPEAKER_00
1423,113.84,113.92,SPEAKER_00
1424,113.92,114.0,SPEAKER_00
1425,114.0,114.08,SPEAKER_00
1426,114.08,114.16,SPEAKER_00
1427,114.16,114.24,SPEAKER_00
1428,114.24,114.32,SPEAKER_00
1429,114.32,114.39999999999999,SPEAKER_00
1430,114.4,114.48,SPEAKER_00
1431,114.48,114.56,SPEAKER_00
1432,114.56,114.64,SPEAKER_00
1433,114.64,114.72,SPEAKER_00
1434,114.72,114.8,SPEAKER_00
1435,114.8,114.88,SPEAKER_00
1436,114.88,114.96,SPEAKER_00
1437,114.96,115.03999999999999,SPEAKER_00
1438,115.04,115.12,SPEAKER_00
1439,115.12,115.2,SPEAKER_00
1440,115.2,115.28,SPEAKER_00
1441,115.28,115.36,SPEAKER_00
1442,115.36,115.44,SPEAKER_00
1443,115.44,115.52,SPEAKER_00
1444,115.52,115.6,SPEAKER_00
1445,115.6,115.67999999999999,SPEAKER_00
1446,115.68,115.76,SPEAKER_00
1447,115.76,115.84,SPEAKER_00
1448,115.84,115.92,SPEAKER_00
1449,115.92,116.0,SPEAKER_00
1450,116.0,116.08,SPEAKER_00
1451,116.08,116.16,SPEAKER_00
1452,116.16,116.24,SPEAKER_00
1453,116.24,116.32,SPEAKER_00
1454,116.32,116.39999999999999,SPEAKER_00
1455,116.4,116.48,SPEAKER_00
1456,116.48,116.56,SPEAKER_00
1457,116.56,116.64,SPEAKER_00
1458,116.64,116.72,SPEAKER_00
1459,116.72,116.8,SPEAKER_00
1460,116.8,116.88,SPEAKER_00
1461,116.88,116.96,SPEAKER_00
1462,116.96,117.03999999999999,SPEAKER_00
1463,117.04,117.12,SPEAKER_00
1464,117.12,117.2,SPEAKER_00
1465,117.2,117.28,SPEAKER_00
1466,117.28,117.36,SPEAKER_00
1467,117.36,117.44,SPEAKER_00
1468,117.44,117.52,SPEAKER_00
1469,117.52,117.6,SPEAKER_00
1470,117.6,117.67999999999999,SPEAKER_00
1471,117.68,117.76,SPEAKER_00
1472,117.76,117.84,SPEAKER_00
1473,117.84,117.92,SPEAKER_00
1474,117.92,118.0,SPEAKER_00
1475,118.0,118.08,SPEAKER_00
1476,118.08,118.16,SPEAKER_00
1477,118.16,118.24,SPEAKER_00
1478,118.24,118.32,SPEAKER_00
1479,118.32,118.39999999999999,SPEAKER_00
1480,118.4,118.48,SPEAKER_00
1481,118.48,118.56,SPEAKER_00
1482,118.56,118.64,SPEAKER_00
1483,118.64,118.72,SPEAKER_00
1484,118.72,118.8,SPEAKER_00
1485,118.8,118.88,SPEAKER_00
1486,118.88,118.96,SPEAKER_00
1487,118.96,119.03999999999999,SPEAKER_00
1488,119.04,119.12,SPEAKER_00
1489,119.12,119.2,SPEAKER_00
1490,119.2,119.28,SPEAKER_00
1491,119.28,119.36,SPEAKER_00
1492,119.36,119.44,SPEAKER_00
1493,119.44,119.52,SPEAKER_00
1494,119.52,119.6,SPEAKER_00
1495,119.6,119.67999999999999,SPEAKER_00
1496,119.68,119.76,SPEAKER_00
1497,119.76,119.84,SPEAKER_00
1498,119.84,119.92,SPEAKER_00
1499,119.92,120.0,SPEAKER_00
1500,120.0,120.08,SPEAKER_00
1501,120.08,120.16,SPEAKER_00
1502,120.16,120.24,SPEAKER_00
1503,120.24,120.32,SPEAKER_00
1504,120.32,120.39999999999999,SPEAKER_00
1505,120.4,120.48,SPEAKER_00
1506,120.48,120.56,SPEAKER_00
1507,120.56,120.64,SPEAKER_00
1508,120.64,120.72,SPEAKER_00
1509,120.72,120.8,SPEAKER_00
1510,120.8,120.88,SPEAKER_00
1511,120.88,120.96,SPEAKER_00
1512,120.96,121.03999999999999,SPEAKER_00
1513,121.04,121.12,SPEAKER_00
1514,121.12,121.2,SPEAKER_00
1515,121.2,121.28,SPEAKER_00
1516,121.28,121.36,SPEAKER_00
1517,121.36,121.44,SPEAKER_00
1518,121.44,121.52,SPEAKER_00
1519,121.52,121.6,SPEAKER_00
1520,121.6,121.67999999999999,SPEAKER_00
1521,121.68,121.76,SPEAKER_00
1522,121.76,121.84,SPEAKER_00
1523,121.84,121.92,SPEAKER_00
1524,121.92,122.0,SPEAKER_00
1525,122.0,122.08,SPEAKER_00
1526,122.08,122.16,SPEAKER_00
1527,122.16,122.24,SPEAKER_00
1528,122.24,122.32,SPEAKER_00
1529,122.32,122.39999999999999,SPEAKER_00
1530,122.4,122.48,SPEAKER_00
1531,122.48,122.56,SPEAKER_00
1532,122.56,122.64,SPEAKER_00
1533,122.64,122.72,SPEAKER_00
1534,122.72,122.8,SPEAKER_00
1535,122.8,122.88,SPEAKER_00
1536,122.88,122.96,SPEAKER_00
1537,122.96,123.03999999999999,SPEAKER_00
1538,123.04,123.12,SPEAKER_00
1539,123.12,123.2,SPEAKER_00
1540,123.2,123.28,SPEAKER_00
1541,123.28,123.36,SPEAKER_00
1542,123.36,123.44,SPEAKER_00
1543,123.44,123.52,SPEAKER_00
1544,123.52,123.6,SPEAKER_00
1545,123.6,123.67999999999999,SPEAKER_00
1546,123.68,123.76,SPEAKER_00
1547,123.76,123.84,SPEAKER_00
1548,123.84,123.92,SPEAKER_00
1549,123.92,124.0,SPEAKER_00
1550,124.0,124.08,SPEAKER_00
1551,124.08,124.16,SPEAKER_00
1552,124.16,124.24,SPEAKER_00
1553,124.24,124.32,SPEAKER_00
1554,124.32,124.39999999999999,SPEAKER_00
1555,124.4,124.48,SPEAKER_00
1556,124.48,124.56,SPEAKER_00
1557,124.56,124.64,SPEAKER_00
1558,124.64,124.72,SPEAKER_00
1559,124.72,124.8,SPEAKER_00
1560,124.8,124.88,SPEAKER_00
1561,124.88,124.96,SPEAKER_00
1562,124.96,125.03999999999999,SPEAKER_00
1563,125.04,125.12,SPEAKER_00
1564,125.12,125.2,SPEAKER_00
1565,125.2,125.28,SPEAKER_00
1566,125.28,125.36,SPEAKER_00
1567,125.36,125.44,SPEAKER_00
1568,125.44,125.52,SPEAKER_00
1569,125.52,125.6,SPEAKER_00
1570,125.6,125.67999999999999,SPEAKER_00
1571,125.68,125.76,SPEAKER_00
1572,125.76,125.84,SPEAKER_00
1573,125.84,125.92,SPEAKER_00
1574,125.92,126.0,SPEAKER_00
1575,126.0,126.08,SPEAKER_00
1576,126.08,126.16,SPEAKER_00
1577,126.16,126.24,SPEAKER_00
1578,126.24,126.32,SPEAKER_00
1579,126.32,126.39999999999999,SPEAKER_00
1580,126.4,126.48,SPEAKER_00
1581,126.48,126.56,SPEAKER_00
1582,126.56,126.64,SPEAKER_00
1583,126.64,126.72,SPEAKER_00
1584,126.72,126.8,SPEAKER_00
1585,126.8,126.88,SPEAKER_00
1586,126.88,126.96,SPEAKER_00
1587,126.96,127.03999999999999,SPEAKER_00
1588,127.04,127.12,SPEAKER_00
1589,127.12,127.2,SPEAKER_00
1590,127.2,127.28,SPEAKER_00
1591,127.28,127.36,SPEAKER_00
1592,127.36,127.44,SPEAKER_00
1593,127.44,127.52,SPEAKER_00
1594,127.52,127.6,SPEAKER_00
1595,127.6,127.67999999999999,SPEAKER_00
1596,127.68,127.76,SPEAKER_00
1597,127.76,127.84,SPEAKER_00
1598,127.84,127.92,SPEAKER_00
1599,127.92,128.0,SPEAKER_00
1600,128.0,128.08,SPEAKER_00
1601,128.08,128.16000000000003,SPEAKER_00
1602,128.16,128.24,SPEAKER_00
1603,128.24,128.32000000000002,SPEAKER_00
1604,128.32,128.4,SPEAKER_00
1605,128.4,128.48000000000002,SPEAKER_00
1606,128.48,128.56,SPEAKER_00
1607,128.56,128.64000000000001,SPEAKER_00
1608,128.64,128.72,SPEAKER_00
1609,128.72,128.8,SPEAKER_00
1610,128.8,128.88000000000002,SPEAKER_00
1611,128.88,128.96,SPEAKER_00
1612,128.96,129.04000000000002,SPEAKER_00
1613,129.04,129.12,SPEAKER_00
1614,129.12,129.20000000000002,SPEAKER_00
1615,129.2,129.28,SPEAKER_00
1616,129.28,129.36,SPEAKER_00
1617,129.36,129.44000000000003,SPEAKER_00
1618,129.44,129.52,SPEAKER_00
1619,129.52,129.60000000000002,SPEAKER_00
1620,129.6,129.68,SPEAKER_00
1621,129.68,129.76000000000002,SPEAKER_00
1622,129.76,129.84,SPEAKER_00
1623,129.84,129.92000000000002,SPEAKER_00
1624,129.92,130.0,SPEAKER_00
1625,130.0,130.08,SPEAKER_00
1626,130.08,130.16000000000003,SPEAKER_00
1627,130.16,130.24,SPEAKER_00
1628,130.24,130.32000000000002,SPEAKER_00
1629,130.32,130.4,SPEAKER_00
1630,130.4,130.48000000000002,SPEAKER_00
1631,130.48,130.56,SPEAKER_00
1632,130.56,130.64000000000001,SPEAKER_00
1633,130.64,130.72,SPEAKER_00
1634,130.72,130.8,SPEAKER_00
1635,130.8,130.88000000000002,SPEAKER_00
1636,130.88,130.96,SPEAKER_00
1637,130.96,131.04000000000002,SPEAKER_00
1638,131.04,131.12,SPEAKER_00
1639,131.12,131.20000000000002,SPEAKER_00
1640,131.2,131.28,SPEAKER_00
1641,131.28,131.36,SPEAKER_00
1642,131.36,131.44000000000003,SPEAKER_00
1643,131.44,131.52,SPEAKER_00
1644,131.52,131.60000000000002,SPEAKER_00
1645,131.6,131.68,SPEAKER_00
1646,131.68,131.76000000000002,SPEAKER_00
1647,131.76,131.84,SPEAKER_00
1648,131.84,131.92000000000002,SPEAKER_00
1649,131.92,132.0,SPEAKER_00
1650,132.0,132.08,SPEAKER_00
1651,132.08,132.16000000000003,SPEAKER_00
1652,132.16,132.24,SPEAKER_00
1653,132.24,132.32000000000002,SPEAKER_00
1654,132.32,132.4,SPEAKER_00
1655,132.4,132.48000000000002,SPEAKER_00
1656,132.48,132.56,SPEAKER_00
1657,132.56,132.64000000000001,SPEAKER_00
1658,132.64,132.72,SPEAKER_00
1659,132.72,132.8,SPEAKER_00
1660,132.8,132.88000000000002,SPEAKER_00
1661,132.88,132.96,SPEAKER_00
1662,132.96,133.04000000000002,SPEAKER_00
1663,133.04,133.12,SPEAKER_00
1664,133.12,133.20000000000002,SPEAKER_00
1665,133.2,133.28,SPEAKER_00
1666,133.28,133.36,SPEAKER_00
1667,133.36,133.44000000000003,SPEAKER_00
1668,133.44,133.52,SPEAKER_00
1669,133.52,133.60000000000002,SPEAKER_00
1670,133.6,133.68,SPEAKER_00
1671,133.68,133.76000000000002,SPEAKER_00
1672,133.76,133.84,SPEAKER_00
1673,133.84,133.92000000000002,SPEAKER_00
1674,133.92,134.0,SPEAKER_00
1675,134.0,134.08,SPEAKER_00
1676,134.08,134.16000000000003,SPEAKER_00
1677,134.16,134.24,SPEAKER_00
1678,134.24,134.32000000000002,SPEAKER_00
1679,134.32,134.4,SPEAKER_00
1680,134.4,134.48000000000002,SPEAKER_00
1681,134.48,134.56,SPEAKER_00
1682,134.56,134.64000000000001,SPEAKER_00
1683,134.64,134.72,SPEAKER_00
1684,134.72,134.8,SPEAKER_00
1685,134.8,134.88000000000002,SPEAKER_00
1686,134.88,134.96,SPEAKER_00
1687,134.96,135.04000000000002,SPEAKER_00
1688,135.04,135.12,SPEAKER_00
1689,135.12,135.20000000000002,SPEAKER_00
1690,135.2,135.28,SPEAKER_00
1691,135.28,135.36,SPEAKER_00
1692,135.36,135.44000000000003,SPEAKER_00
1693,135.44,135.52,SPEAKER_00
1694,135.52,135.60000000000002,SPEAKER_00
1695,135.6,135.68,SPEAKER_00
1696,135.68,135.76000000000002,SPEAKER_00
1697,135.76,135.84,SPEAKER_00
1698,135.84,135.92000000000002,SPEAKER_00
1699,135.92,136.0,SPEAKER_00
1700,136.0,136.08,SPEAKER_00
1701,136.08,136.16000000000003,SPEAKER_00
1702,136.16,136.24,SPEAKER_00
1703,136.24,136.32000000000002,SPEAKER_00
1704,136.32,136.4,SPEAKER_00
1705,136.4,136.48000000000002,SPEAKER_00
1706,136.48,136.56,SPEAKER_00
1707,136.56,136.64000000000001,SPEAKER_00
1708,136.64,136.72,SPEAKER_00
1709,136.72,136.8,SPEAKER_00
1710,136.8,136.88000000000002,SPEAKER_00
1711,136.88,136.96,SPEAKER_00
1712,136.96,137.04000000000002,SPEAKER_00
1713,137.04,137.12,SPEAKER_00
1714,137.12,137.20000000000002,SPEAKER_00
1715,137.2,137.28,SPEAKER_00
1716,137.28,137.36,SPEAKER_00
1717,137.36,137.44000000000003,SPEAKER_00
1718,137.44,137.52,SPEAKER_00
1719,137.52,137.60000000000002,SPEAKER_00
1720,137.6,137.68,SPEAKER_00
1721,137.68,137.76000000000002,SPEAKER_00
1722,137.76,137.84,SPEAKER_00
1723,137.84,137.92000000000002,SPEAKER_00
1724,137.92,138.0,SPEAKER_00
1725,138.0,138.08,SPEAKER_00
1726,138.08,138.16000000000003,SPEAKER_00
1727,138.16,138.24,SPEAKER_00
1728,138.24,138.32000000000002,SPEAKER_00
1729,138.32,138.4,SPEAKER_00
1730,138.4,138.48000000000002,SPEAKER_00
1731,138.48,138.56,SPEAKER_00
1732,138.56,138.64000000000001,SPEAKER_00
1733,138.64,138.72,SPEAKER_00
1734,138.72,138.8,SPEAKER_00
1735,138.8,138.88000000000002,SPEAKER_00
1736,138.88,138.96,SPEAKER_00
1737,138.96,139.04000000000002,SPEAKER_00
1738,139.04,139.12,SPEAKER_00
1739,139.12,139.20000000000002,SPEAKER_00
1740,139.2,139.28,SPEAKER_00
1741,139.28,139.36,SPEAKER_00
1742,139.36,139.44000000000003,SPEAKER_00
1743,139.44,139.52,SPEAKER_00
1744,139.52,139.60000000000002,SPEAKER_00
1745,139.6,139.68,SPEAKER_00
1746,139.68,139.76000000000002,SPEAKER_00
1747,139.76,139.84,SPEAKER_00
1748,139.84,139.92000000000002,SPEAKER_00
1749,139.92,140.0,SPEAKER_00
1750,140.0,140.08,SPEAKER_00
1751,140.08,140.16000000000003,SPEAKER_00
1752,140.16,140.24,SPEAKER_00
1753,140.24,140.32000000000002,SPEAKER_00
1754,140.32,140.4,SPEAKER_00
1755,140.4,140.48000000000002,SPEAKER_00
1756,140.48,140.56,SPEAKER_00
1757,140.56,140.64000000000001,SPEAKER_00
1758,140.64,140.72,SPEAKER_00
1759,140.72,140.8,SPEAKER_00
1760,140.8,140.88000000000002,SPEAKER_00
1761,140.88,140.96,SPEAKER_00
1762,140.96,141.04000000000002,SPEAKER_00
1763,141.04,141.12,SPEAKER_00
1764,141.12,141.20000000000002,SPEAKER_00
1765,141.2,141.28,SPEAKER_00
1766,141.28,141.36,SPEAKER_00
1767,141.36,141.44000000000003,SPEAKER_00
1768,141.44,141.52,SPEAKER_00
1769,141.52,141.60000000000002,SPEAKER_00
1770,141.6,141.68,SPEAKER_00
1771,141.68,141.76000000000002,SPEAKER_00
1772,141.76,141.84,SPEAKER_00
1773,141.84,141.92000000000002,SPEAKER_00
1774,141.92,142.0,SPEAKER_00
1775,142.0,142.08,SPEAKER_00
1776,142.08,142.16000000000003,SPEAKER_00
1777,142.16,142.24,SPEAKER_00
1778,142.24,142.32000000000002,SPEAKER_00
1779,142.32,142.4,SPEAKER_00
1780,142.4,142.48000000000002,SPEAKER_00
1781,142.48,142.56,SPEAKER_00
1782,142.56,142.64000000000001,SPEAKER_00
1783,142.64,142.72,SPEAKER_00
1784,142.72,142.8,SPEAKER_00
1785,142.8,142.88000000000002,SPEAKER_00
1786,142.88,142.96,SPEAKER_00
1787,142.96,143.04000000000002,SPEAKER_00
1788,143.04,143.12,SPEAKER_00
1789,143.12,143.20000000000002,SPEAKER_00
1790,143.2,143.28,SPEAKER_00
1791,143.28,143.36,SPEAKER_00
1792,143.36,143.44000000000003,SPEAKER_00
1793,143.44,143.52,SPEAKER_00
1794,143.52,143.60000000000002,SPEAKER_00
1795,143.6,143.68,SPEAKER_00
1796,143.68,143.76000000000002,SPEAKER_00
1797,143.76,143.84,SPEAKER_00
1798,143.84,143.92000000000002,SPEAKER_00
1799,143.92,144.0,SPEAKER_00
1800,144.0,144.08,SPEAKER_00
1801,144.08,144.16000000000003,SPEAKER_00
1802,144.16,144.24,SPEAKER_00
1803,144.24,144.32000000000002,SPEAKER_00
1804,144.32,144.4,SPEAKER_00
1805,144.4,144.48000000000002,SPEAKER_00
1806,144.48,144.56,SPEAKER_00
1807,144.56,144.64000000000001,SPEAKER_00
1808,144.64,144.72,SPEAKER_00
1809,144.72,144.8,SPEAKER_00
1810,144.8,144.88000000000002,SPEAKER_00
1811,144.88,144.96,SPEAKER_00
1812,144.96,145.04000000000002,SPEAKER_00
1813,145.04,145.12,SPEAKER_00
1814,145.12,145.20000000000002,SPEAKER_00
1815,145.2,145.28,SPEAKER_00
1816,145.28,145.36,SPEAKER_00
1817,145.36,145.44000000000003,SPEAKER_00
1818,145.44,145.52,SPEAKER_00
1819,145.52,145.60000000000002,SPEAKER_00
1820,145.6,145.68,SPEAKER_00
1821,145.68,145.76000000000002,SPEAKER_00
1822,145.76,145.84,SPEAKER_00
1823,145.84,145.92000000000002,SPEAKER_00
1824,145.92,146.0,SPEAKER_00
1825,146.0,146.08,SPEAKER_00
1826,146.08,146.16000000000003,SPEAKER_00
1827,146.16,146.24,SPEAKER_00
1828,146.24,146.32000000000002,SPEAKER_00
1829,146.32,146.4,SPEAKER_00
1830,146.4,146.48000000000002,SPEAKER_00
1831,146.48,146.56,SPEAKER_00
1832,146.56,146.64000000000001,SPEAKER_00
1833,146.64,146.72,SPEAKER_00
1834,146.72,146.8,SPEAKER_00
1835,146.8,146.88000000000002,SPEAKER_00
1836,146.88,146.96,SPEAKER_00
1837,146.96,147.04000000000002,SPEAKER_00
1838,147.04,147.12,SPEAKER_00
1839,147.12,147.20000000000002,SPEAKER_00
1840,147.2,147.28,SPEAKER_00
1841,147.28,147.36,SPEAKER_00
1842,147.36,147.44000000000003,SPEAKER_00
1843,147.44,147.52,SPEAKER_00
1844,147.52,147.60000000000002,SPEAKER_00
1845,147.6,147.68,SPEAKER_00
1846,147.68,147.76000000000002,SPEAKER_00
1847,147.76,147.84,SPEAKER_00
1848,147.84,147.92000000000002,SPEAKER_00
1849,147.92,148.0,SPEAKER_00
1850,148.0,148.08,SPEAKER_00
1851,148.08,148.16000000000003,SPEAKER_00
1852,148.16,148.24,SPEAKER_00
1853,148.24,148.32000000000002,SPEAKER_00
1854,148.32,148.4,SPEAKER_00
1855,148.4,148.48000000000002,SPEAKER_00
1856,148.48,148.56,SPEAKER_00
1857,148.56,148.64000000000001,SPEAKER_00
1858,148.64,148.72,SPEAKER_00
1859,148.72,148.8,SPEAKER_00
1860,148.8,148.88000000000002,SPEAKER_00
1861,148.88,148.96,SPEAKER_00
1862,148.96,149.04000000000002,SPEAKER_00
1863,149.04,149.12,SPEAKER_00
1864,149.12,149.20000000000002,SPEAKER_00
1865,149.2,149.28,SPEAKER_00
1866,149.28,149.36,SPEAKER_00
1867,149.36,149.44000000000003,SPEAKER_00
1868,149.44,149.52,SPEAKER_00
1869,149.52,149.60000000000002,SPEAKER_00
1870,149.6,149.68,SPEAKER_00
1871,149.68,149.76000000000002,SPEAKER_00
1872,149.76,149.84,SPEAKER_00
1873,149.84,149.92000000000002,SPEAKER_00
1874,149.92,150.0,SPEAKER_00
1875,150.0,150.08,SPEAKER_00
1876,150.08,150.16000000000003,SPEAKER_00
1877,150.16,150.24,SPEAKER_00
1878,150.24,150.32000000000002,SPEAKER_00
1879,150.32,150.4,SPEAKER_00
1880,150.4,150.48000000000002,SPEAKER_00
1881,150.48,150.56,SPEAKER_00
1882,150.56,150.64000000000001,SPEAKER_00
1883,150.64,150.72,SPEAKER_00
1884,150.72,150.8,SPEAKER_00
1885,150.8,150.88000000000002,SPEAKER_00
1886,150.88,150.96,SPEAKER_00
1887,150.96,151.04000000000002,SPEAKER_00
1888,151.04,151.12,SPEAKER_00
1889,151.12,151.20000000000002,SPEAKER_00
1890,151.2,151.28,SPEAKER_00
1891,151.28,151.36,SPEAKER_00
1892,151.36,151.44000000000003,SPEAKER_00
1893,151.44,151.52,SPEAKER_00
1894,151.52,151.60000000000002,SPEAKER_00
1895,151.6,151.68,SPEAKER_00
1896,151.68,151.76000000000002,SPEAKER_00
1897,151.76,151.84,SPEAKER_00
1898,151.84,151.92000000000002,SPEAKER_00
1899,151.92,152.0,SPEAKER_00
1900,152.0,152.08,SPEAKER_00
1901,152.08,152.16000000000003,SPEAKER_00
1902,152.16,152.24,SPEAKER_00
1903,152.24,152.32000000000002,SPEAKER_00
1904,152.32,152.4,SPEAKER_00
1905,152.4,152.48000000000002,SPEAKER_00
1906,152.48,152.56,SPEAKER_00
1907,152.56,152.64000000000001,SPEAKER_00
1908,152.64,152.72,SPEAKER_00
1909,152.72,152.8,SPEAKER_00
1910,152.8,152.88000000000002,SPEAKER_00
1911,152.88,152.96,SPEAKER_00
1912,152.96,153.04000000000002,SPEAKER_00
1913,153.04,153.12,SPEAKER_00
1914,153.12,153.20000000000002,SPEAKER_00
1915,153.2,153.28,SPEAKER_00
1916,153.28,153.36,SPEAKER_00
1917,153.36,153.44000000000003,SPEAKER_00
1918,153.44,153.52,SPEAKER_00
1919,153.52,153.60000000000002,SPEAKER_00
1920,153.6,153.68,SPEAKER_00
1921,153.68,153.76000000000002,SPEAKER_00
1922,153.76,153.84,SPEAKER_00
1923,153.84,153.92000000000002,SPEAKER_00
1924,153.92,154.0,SPEAKER_00
1925,154.0,154.08,SPEAKER_00
1926,154.08,154.16000000000003,SPEAKER_00
1927,154.16,154.24,SPEAKER_00
1928,154.24,154.32000000000002,SPEAKER_00
1929,154.32,154.4,SPEAKER_00
1930,154.4,154.48000000000002,SPEAKER_00
1931,154.48,154.56,SPEAKER_00
1932,154.56,154.64000000000001,SPEAKER_00
1933,154.64,154.72,SPEAKER_00
1934,154.72,154.8,SPEAKER_00
1935,154.8,154.88000000000002,SPEAKER_00
1936,154.88,154.96,SPEAKER_00
1937,154.96,155.04000000000002,SPEAKER_00
1938,155.04,155.12,SPEAKER_00
1939,155.12,155.20000000000002,SPEAKER_00
1940,155.2,155.28,SPEAKER_00
1941,155.28,155.36,SPEAKER_00
1942,155.36,155.44000000000003,SPEAKER_00
1943,155.44,155.52,SPEAKER_00
1944,155.52,155.60000000000002,SPEAKER_00
1945,155.6,155.68,SPEAKER_00
1946,155.68,155.76000000000002,SPEAKER_00
1947,155.76,155.84,SPEAKER_00
1948,155.84,155.92000000000002,SPEAKER_00
1949,155.92,156.0,SPEAKER_00
1950,156.0,156.08,SPEAKER_00
1951,156.08,156.16000000000003,SPEAKER_00
1952,156.16,156.24,SPEAKER_00
1953,156.24,156.32000000000002,SPEAKER_00
1954,156.32,156.4,SPEAKER_00
1955,156.4,156.48000000000002,SPEAKER_00
1956,156.48,156.56,SPEAKER_00
1957,156.56,156.64000000000001,SPEAKER_00
1958,156.64,156.72,SPEAKER_00
1959,156.72,156.8,SPEAKER_00
1960,156.8,156.88000000000002,SPEAKER_00
1961,156.88,156.96,SPEAKER_00
1962,156.96,157.04000000000002,SPEAKER_00
1963,157.04,157.12,SPEAKER_00
1964,157.12,157.20000000000002,SPEAKER_00
1965,157.2,157.28,SPEAKER_00
1966,157.28,157.36,SPEAKER_00
1967,157.36,157.44000000000003,SPEAKER_00
1968,157.44,157.52,SPEAKER_00
1969,157.52,157.60000000000002,SPEAKER_00
1970,157.6,157.68,SPEAKER_00
1971,157.68,157.76000000000002,SPEAKER_00
1972,157.76,157.84,SPEAKER_00
1973,157.84,157.92000000000002,SPEAKER_00
1974,157.92,158.0,SPEAKER_00
1975,158.0,158.08,SPEAKER_00
1976,158.08,158.16000000000003,SPEAKER_00
1977,158.16,158.24,SPEAKER_00
1978,158.24,158.32000000000002,SPEAKER_00
1979,158.32,158.4,SPEAKER_00
1980,158.4,158.48000000000002,SPEAKER_00
1981,158.48,158.56,SPEAKER_00
1982,158.56,158.64000000000001,SPEAKER_00
1983,158.64,158.72,SPEAKER_00
1984,158.72,158.8,SPEAKER_00
1985,158.8,158.88000000000002,SPEAKER_00
1986,158.88,158.96,SPEAKER_00
1987,158.96,159.04000000000002,SPEAKER_00
1988,159.04,159.12,SPEAKER_00
1989,159.12,159.20000000000002,SPEAKER_00
1990,159.2,159.28,SPEAKER_00
1991,159.28,159.36,SPEAKER_00
1992,159.36,159.44000000000003,SPEAKER_00
1993,159.44,159.52,SPEAKER_00
1994,159.52,159.60000000000002,SPEAKER_00
1995,159.6,159.68,SPEAKER_00
1996,159.68,159.76000000000002,SPEAKER_00
1997,159.76,159.84,SPEAKER_00
1998,159.84,159.92000000000002,SPEAKER_00
1999,159.92,160.0,SPEAKER_00
2000,160.0,160.08,SPEAKER_00
2001,160.08,160.16000000000003,SPEAKER_00
2002,160.16,160.24,SPEAKER_00
2003,160.24,160.32000000000002,SPEAKER_00
2004,160.32,160.4,SPEAKER_00
2005,160.4,160.48000000000002,SPEAKER_00
2006,160.48,160.56,SPEAKER_00
2007,160.56,160.64000000000001,SPEAKER_00
2008,160.64,160.72,SPEAKER_00
2009,160.72,160.8,SPEAKER_00
2010,160.8,160.88000000000002,SPEAKER_00
2011,160.88,160.96,SPEAKER_00
2012,160.96,161.04000000000002,SPEAKER_00
2013,161.04,161.12,SPEAKER_00
2014,161.12,161.20000000000002,SPEAKER_00
2015,161.2,161.28,SPEAKER_00
2016,161.28,161.36,SPEAKER_00
2017,161.36,161.44000000000003,SPEAKER_00
2018,161.44,161.52,SPEAKER_00
2019,161.52,161.60000000000002,SPEAKER_00
2020,161.6,161.68,SPEAKER_00
2021,161.68,161.76000000000002,SPEAKER_00
2022,161.76,161.84,SPEAKER_00
2023,161.84,161.92000000000002,SPEAKER_00
2024,161.92,162.0,SPEAKER_01
2025,162.0,162.08,SPEAKER_00
2026,162.08,162.16000000000003,SPEAKER_00
2027,162.16,162.24,SPEAKER_00
2028,162.24,162.32000000000002,SPEAKER_00
2029,162.32,162.4,SPEAKER_00
2030,162.4,162.48000000000002,SPEAKER_00
2031,162.48,162.56,SPEAKER_00
2032,162.56,162.64000000000001,SPEAKER_00
2033,162.64,162.72,SPEAKER_00
2034,162.72,162.8,SPEAKER_00
2035,162.8,162.88000000000002,SPEAKER_00
2036,162.88,162.96,SPEAKER_00
2037,162.96,163.04000000000002,SPEAKER_00
2038,163.04,163.12,SPEAKER_00
2039,163.12,163.20000000000002,SPEAKER_00
2040,163.2,163.28,SPEAKER_00
2041,163.28,163.36,SPEAKER_00
2042,163.36,163.44000000000003,SPEAKER_00
2043,163.44,163.52,SPEAKER_00
2044,163.52,163.60000000000002,SPEAKER_00
2045,163.6,163.68,SPEAKER_00
2046,163.68,163.76000000000002,SPEAKER_00
2047,163.76,163.84,SPEAKER_00
2048,163.84,163.92000000000002,SPEAKER_00
2049,163.92,164.0,SPEAKER_00
2050,164.0,164.08,SPEAKER_00
2051,164.08,164.16000000000003,SPEAKER_00
2052,164.16,164.24,SPEAKER_00
2053,164.24,164.32000000000002,SPEAKER_00
2054,164.32,164.4,SPEAKER_00
2055,164.4,164.48000000000002,SPEAKER_00
2056,164.48,164.56,SPEAKER_00
2057,164.56,164.64000000000001,SPEAKER_00
2058,164.64,164.72,SPEAKER_00
2059,164.72,164.8,SPEAKER_00
2060,164.8,164.88000000000002,SPEAKER_00
2061,164.88,164.96,SPEAKER_00
2062,164.96,165.04000000000002,SPEAKER_00
2063,165.04,165.12,SPEAKER_00
2064,165.12,165.20000000000002,SPEAKER_00
2065,165.2,165.28,SPEAKER_00
2066,165.28,165.36,SPEAKER_00
2067,165.36,165.44000000000003,SPEAKER_00
2068,165.44,165.52,SPEAKER_00
2069,165.52,165.60000000000002,SPEAKER_00
2070,165.6,165.68,SPEAKER_00
2071,165.68,165.76000000000002,SPEAKER_00
2072,165.76,165.84,SPEAKER_00
2073,165.84,165.92000000000002,SPEAKER_00
2074,165.92,166.0,SPEAKER_00
2075,166.0,166.08,SPEAKER_00
2076,166.08,166.16000000000003,SPEAKER_00
2077,166.16,166.24,SPEAKER_00
2078,166.24,166.32000000000002,SPEAKER_00
2079,166.32,166.4,SPEAKER_00
2080,166.4,166.48000000000002,SPEAKER_00
2081,166.48,166.56,SPEAKER_00
2082,166.56,166.64000000000001,SPEAKER_00
2083,166.64,166.72,SPEAKER_00
2084,166.72,166.8,SPEAKER_00
2085,166.8,166.88000000000002,SPEAKER_00
2086,166.88,166.96,SPEAKER_00
2087,166.96,167.04000000000002,SPEAKER_00
2088,167.04,167.12,SPEAKER_00
2089,167.12,167.20000000000002,SPEAKER_00
2090,167.2,167.28,SPEAKER_00
2091,167.28,167.36,SPEAKER_00
2092,167.36,167.44000000000003,SPEAKER_00
2093,167.44,167.52,SPEAKER_00
2094,167.52,167.60000000000002,SPEAKER_00
2095,167.6,167.68,SPEAKER_00
2096,167.68,167.76000000000002,SPEAKER_00
2097,167.76,167.84,SPEAKER_00
2098,167.84,167.92000000000002,SPEAKER_00
2099,167.92,168.0,SPEAKER_00
2100,168.0,168.08,SPEAKER_00
2101,168.08,168.16000000000003,SPEAKER_01
2102,168.16,168.24,SPEAKER_01
2103,168.24,168.32000000000002,SPEAKER_01
2104,168.32,168.4,SPEAKER_01
2105,168.4,168.48000000000002,SPEAKER_01
2106,168.48,168.56,SPEAKER_01
2107,168.56,168.64000000000001,SPEAKER_01
2108,168.64,168.72,SPEAKER_01
2109,168.72,168.8,SPEAKER_01
2110,168.8,168.88000000000002,SPEAKER_01
2111,168.88,168.96,SPEAKER_01
2112,168.96,169.04000000000002,SPEAKER_01
2113,169.04,169.12,SPEAKER_01
2114,169.12,169.20000000000002,SPEAKER_01
2115,169.2,169.28,SPEAKER_01
2116,169.28,169.36,SPEAKER_01
2117,169.36,169.44000000000003,SPEAKER_01
2118,169.44,169.52,SPEAKER_01
2119,169.52,169.60000000000002,SPEAKER_01
2120,169.6,169.68,SPEAKER_01
2121,169.68,169.76000000000002,SPEAKER_01
2122,169.76,169.84,SPEAKER_01
2123,169.84,169.92000000000002,SPEAKER_01
2124,169.92,170.0,SPEAKER_01
2125,170.0,170.08,SPEAKER_01
2126,170.08,170.16000000000003,SPEAKER_01
2127,170.16,170.24,SPEAKER_01
2128,170.24,170.32000000000002,SPEAKER_01
2129,170.32,170.4,SPEAKER_01
2130,170.4,170.48000000000002,SPEAKER_01
2131,170.48,170.56,SPEAKER_01
2132,170.56,170.64000000000001,SPEAKER_01
2133,170.64,170.72,SPEAKER_01
2134,170.72,170.8,SPEAKER_01
2135,170.8,170.88000000000002,SPEAKER_01
2136,170.88,170.96,SPEAKER_01
2137,170.96,171.04000000000002,SPEAKER_01
2138,171.04,171.12,SPEAKER_01
2139,171.12,171.20000000000002,SPEAKER_01
2140,171.2,171.28,SPEAKER_01
2141,171.28,171.36,SPEAKER_01
2142,171.36,171.44000000000003,SPEAKER_01
2143,171.44,171.52,SPEAKER_01
2144,171.52,171.60000000000002,SPEAKER_01
2145,171.6,171.68,SPEAKER_01
2146,171.68,171.76000000000002,SPEAKER_01
2147,171.76,171.84,SPEAKER_01
2148,171.84,171.92000000000002,SPEAKER_01
2149,171.92,172.0,SPEAKER_01
2150,172.0,172.08,SPEAKER_01
2151,172.08,172.16000000000003,SPEAKER_01
2152,172.16,172.24,SPEAKER_01
2153,172.24,172.32000000000002,SPEAKER_01
2154,172.32,172.4,SPEAKER_01
2155,172.4,172.48000000000002,SPEAKER_01
2156,172.48,172.56,SPEAKER_01
2157,172.56,172.64000000000001,SPEAKER_01
2158,172.64,172.72,SPEAKER_01
2159,172.72,172.8,SPEAKER_01
2160,172.8,172.88000000000002,SPEAKER_01
2161,172.88,172.96,SPEAKER_01
2162,172.96,173.04000000000002,SPEAKER_01
2163,173.04,173.12,SPEAKER_01
2164,173.12,173.20000000000002,SPEAKER_01
2165,173.2,173.28,SPEAKER_01
2166,173.28,173.36,SPEAKER_01
2167,173.36,173.44000000000003,SPEAKER_01
2168,173.44,173.52,SPEAKER_01
2169,173.52,173.60000000000002,SPEAKER_01
2170,173.6,173.68,SPEAKER_01
2171,173.68,173.76000000000002,SPEAKER_01
2172,173.76,173.84,SPEAKER_01
2173,173.84,173.92000000000002,SPEAKER_01
2174,173.92,174.0,SPEAKER_01
2175,174.0,174.08,SPEAKER_01
2176,174.08,174.16000000000003,SPEAKER_01
2177,174.16,174.24,SPEAKER_01
2178,174.24,174.32000000000002,SPEAKER_01
2179,174.32,174.4,SPEAKER_01
2180,174.4,174.48000000000002,SPEAKER_01
2181,174.48,174.56,SPEAKER_01
2182,174.56,174.64000000000001,SPEAKER_01
2183,174.64,174.72,SPEAKER_01
2184,174.72,174.8,SPEAKER_01
2185,174.8,174.88000000000002,SPEAKER_01
2186,174.88,174.96,SPEAKER_01
2187,174.96,175.04000000000002,SPEAKER_01
2188,175.04,175.12,SPEAKER_01
2189,175.12,175.20000000000002,SPEAKER_01
2190,175.2,175.28,SPEAKER_01
2191,175.28,175.36,SPEAKER_01
2192,175.36,175.44000000000003,SPEAKER_01
2193,175.44,175.52,SPEAKER_01
2194,175.52,175.60000000000002,SPEAKER_01
2195,175.6,175.68,SPEAKER_01
2196,175.68,175.76000000000002,SPEAKER_01
2197,175.76,175.84,SPEAKER_01
2198,175.84,175.92000000000002,SPEAKER_01
2199,175.92,176.0,SPEAKER_01
2200,176.0,176.08,SPEAKER_01
2201,176.08,176.16000000000003,SPEAKER_01
2202,176.16,176.24,SPEAKER_00
2203,176.24,176.32000000000002,SPEAKER_00
2204,176.32,176.4,SPEAKER_00
2205,176.4,176.48000000000002,SPEAKER_00
2206,176.48,176.56,SPEAKER_00
2207,176.56,176.64000000000001,SPEAKER_00
2208,176.64,176.72,SPEAKER_00
2209,176.72,176.8,SPEAKER_01
2210,176.8,176.88000000000002,SPEAKER_01
2211,176.88,176.96,SPEAKER_01
2212,176.96,177.04000000000002,SPEAKER_01
2213,177.04,177.12,SPEAKER_01
2214,177.12,177.20000000000002,SPEAKER_01
2215,177.2,177.28,SPEAKER_01
2216,177.28,177.36,SPEAKER_01
2217,177.36,177.44000000000003,SPEAKER_01
2218,177.44,177.52,SPEAKER_01
2219,177.52,177.60000000000002,SPEAKER_01
2220,177.6,177.68,SPEAKER_01
2221,177.68,177.76000000000002,SPEAKER_01
2222,177.76,177.84,SPEAKER_01
2223,177.84,177.92000000000002,SPEAKER_01
2224,177.92,178.0,SPEAKER_01
2225,178.0,178.08,SPEAKER_01
2226,178.08,178.16000000000003,SPEAKER_01
2227,178.16,178.24,SPEAKER_01
2228,178.24,178.32000000000002,SPEAKER_01
2229,178.32,178.4,SPEAKER_01
2230,178.4,178.48000000000002,SPEAKER_01
2231,178.48,178.56,SPEAKER_01
2232,178.56,178.64000000000001,SPEAKER_01
2233,178.64,178.72,SPEAKER_01
2234,178.72,178.8,SPEAKER_01
2235,178.8,178.88000000000002,SPEAKER_01
2236,178.88,178.96,SPEAKER_01
2237,178.96,179.04000000000002,SPEAKER_01
2238,179.04,179.12,SPEAKER_01
2239,179.12,179.20000000000002,SPEAKER_01
2240,179.2,179.28,SPEAKER_01
2241,179.28,179.36,SPEAKER_01
2242,179.36,179.44000000000003,SPEAKER_01
2243,179.44,179.52,SPEAKER_01
2244,179.52,179.60000000000002,SPEAKER_01
2245,179.6,179.68,SPEAKER_01
2246,179.68,179.76000000000002,SPEAKER_01
2247,179.76,179.84,SPEAKER_01
2248,179.84,179.92000000000002,SPEAKER_01
2249,179.92,180.0,SPEAKER_01
2250,180.0,180.08,SPEAKER_01
2251,180.08,180.16000000000003,SPEAKER_01
2252,180.16,180.24,SPEAKER_01
2253,180.24,180.32000000000002,SPEAKER_01
2254,180.32,180.4,SPEAKER_01
2255,180.4,180.48000000000002,SPEAKER_01
2256,180.48,180.56,SPEAKER_01
2257,180.56,180.64000000000001,SPEAKER_01
2258,180.64,180.72,SPEAKER_01
2259,180.72,180.8,SPEAKER_01
2260,180.8,180.88000000000002,SPEAKER_01
2261,180.88,180.96,SPEAKER_01
2262,180.96,181.04000000000002,SPEAKER_01
2263,181.04,181.12,SPEAKER_01
2264,181.12,181.20000000000002,SPEAKER_01
2265,181.2,181.28,SPEAKER_01
2266,181.28,181.36,SPEAKER_01
2267,181.36,181.44000000000003,SPEAKER_01
2268,181.44,181.52,SPEAKER_01
2269,181.52,181.60000000000002,SPEAKER_01
2270,181.6,181.68,SPEAKER_01
2271,181.68,181.76000000000002,SPEAKER_01
2272,181.76,181.84,SPEAKER_01
2273,181.84,181.92000000000002,SPEAKER_01
2274,181.92,182.0,SPEAKER_01
2275,182.0,182.08,SPEAKER_01
2276,182.08,182.16000000000003,SPEAKER_01
2277,182.16,182.24,SPEAKER_01
2278,182.24,182.32000000000002,SPEAKER_01
2279,182.32,182.4,SPEAKER_01
2280,182.4,182.48000000000002,SPEAKER_01
2281,182.48,182.56,SPEAKER_01
2282,182.56,182.64000000000001,SPEAKER_01
2283,182.64,182.72,SPEAKER_01
2284,182.72,182.8,SPEAKER_01
2285,182.8,182.88000000000002,SPEAKER_01
2286,182.88,182.96,SPEAKER_01
2287,182.96,183.04000000000002,SPEAKER_01
2288,183.04,183.12,SPEAKER_01
2289,183.12,183.20000000000002,SPEAKER_01
2290,183.2,183.28,SPEAKER_01
2291,183.28,183.36,SPEAKER_01
2292,183.36,183.44000000000003,SPEAKER_01
2293,183.44,183.52,SPEAKER_01
2294,183.52,183.60000000000002,SPEAKER_01
2295,183.6,183.68,SPEAKER_01
2296,183.68,183.76000000000002,SPEAKER_01
2297,183.76,183.84,SPEAKER_01
2298,183.84,183.92000000000002,SPEAKER_01
2299,183.92,184.0,SPEAKER_01
2300,184.0,184.08,SPEAKER_01
2301,184.08,184.16000000000003,SPEAKER_01
2302,184.16,184.24,SPEAKER_01
2303,184.24,184.32000000000002,SPEAKER_01
2304,184.32,184.4,SPEAKER_01
2305,184.4,184.48000000000002,SPEAKER_01
2306,184.48,184.56,SPEAKER_01
2307,184.56,184.64000000000001,SPEAKER_01
2308,184.64,184.72,SPEAKER_01
2309,184.72,184.8,SPEAKER_01
2310,184.8,184.88000000000002,SPEAKER_01
2311,184.88,184.96,SPEAKER_01
2312,184.96,185.04000000000002,SPEAKER_01
2313,185.04,185.12,SPEAKER_01
2314,185.12,185.20000000000002,SPEAKER_01
2315,185.2,185.28,SPEAKER_01
2316,185.28,185.36,SPEAKER_01
2317,185.36,185.44000000000003,SPEAKER_01
2318,185.44,185.52,SPEAKER_01
2319,185.52,185.60000000000002,SPEAKER_01
2320,185.6,185.68,SPEAKER_01
2321,185.68,185.76000000000002,SPEAKER_01
2322,185.76,185.84,SPEAKER_00
2323,185.84,185.92000000000002,SPEAKER_00
2324,185.92,186.0,SPEAKER_00
2325,186.0,186.08,SPEAKER_00
2326,186.08,186.16000000000003,SPEAKER_00
2327,186.16,186.24,SPEAKER_00
2328,186.24,186.32000000000002,SPEAKER_00
2329,186.32,186.4,SPEAKER_00
2330,186.4,186.48000000000002,SPEAKER_00
2331,186.48,186.56,SPEAKER_00
2332,186.56,186.64000000000001,SPEAKER_00
2333,186.64,186.72,SPEAKER_00
2334,186.72,186.8,SPEAKER_00
2335,186.8,186.88000000000002,SPEAKER_00
2336,186.88,186.96,SPEAKER_00
2337,186.96,187.04000000000002,SPEAKER_00
2338,187.04,187.12,SPEAKER_00
2339,187.12,187.20000000000002,SPEAKER_00
2340,187.2,187.28,SPEAKER_00
2341,187.28,187.36,SPEAKER_00
2342,187.36,187.44000000000003,SPEAKER_00
2343,187.44,187.52,SPEAKER_00
2344,187.52,187.60000000000002,SPEAKER_00
2345,187.6,187.68,SPEAKER_00
2346,187.68,187.76000000000002,SPEAKER_00
2347,187.76,187.84,SPEAKER_00
2348,187.84,187.92000000000002,SPEAKER_00
2349,187.92,188.0,SPEAKER_00
2350,188.0,188.08,SPEAKER_00
2351,188.08,188.16000000000003,SPEAKER_00
2352,188.16,188.24,SPEAKER_00
2353,188.24,188.32000000000002,SPEAKER_00
2354,188.32,188.4,SPEAKER_00
2355,188.4,188.48000000000002,SPEAKER_00
2356,188.48,188.56,SPEAKER_00
2357,188.56,188.64000000000001,SPEAKER_00
2358,188.64,188.72,SPEAKER_00
2359,188.72,188.8,SPEAKER_00
2360,188.8,188.88000000000002,SPEAKER_00
2361,188.88,188.96,SPEAKER_00
2362,188.96,189.04000000000002,SPEAKER_00
2363,189.04,189.12,SPEAKER_00
2364,189.12,189.20000000000002,SPEAKER_00
2365,189.2,189.28,SPEAKER_00
2366,189.28,189.36,SPEAKER_00
2367,189.36,189.44000000000003,SPEAKER_00
2368,189.44,189.52,SPEAKER_00
2369,189.52,189.60000000000002,SPEAKER_00
2370,189.6,189.68,SPEAKER_00
2371,189.68,189.76000000000002,SPEAKER_00
2372,189.76,189.84,SPEAKER_00
2373,189.84,189.92000000000002,SPEAKER_00
2374,189.92,190.0,SPEAKER_00
2375,190.0,190.08,SPEAKER_00
2376,190.08,190.16000000000003,SPEAKER_00
2377,190.16,190.24,SPEAKER_00
2378,190.24,190.32000000000002,SPEAKER_00
2379,190.32,190.4,SPEAKER_00
2380,190.4,190.48000000000002,SPEAKER_00
2381,190.48,190.56,SPEAKER_00
2382,190.56,190.64000000000001,SPEAKER_00
2383,190.64,190.72,SPEAKER_00
2384,190.72,190.8,SPEAKER_00
2385,190.8,190.88000000000002,SPEAKER_00
2386,190.88,190.96,SPEAKER_00
2387,190.96,191.04000000000002,SPEAKER_00
2388,191.04,191.12,SPEAKER_00
2389,191.12,191.20000000000002,SPEAKER_00
2390,191.2,191.28,SPEAKER_00
2391,191.28,191.36,SPEAKER_00
2392,191.36,191.44000000000003,SPEAKER_00
2393,191.44,191.52,SPEAKER_00
2394,191.52,191.60000000000002,SPEAKER_00
2395,191.6,191.68,SPEAKER_00
2396,191.68,191.76000000000002,SPEAKER_00
2397,191.76,191.84,SPEAKER_00
2398,191.84,191.92000000000002,SPEAKER_00
2399,191.92,192.0,SPEAKER_00
2400,192.0,192.08,SPEAKER_00
2401,192.08,192.16000000000003,SPEAKER_00
2402,192.16,192.24,SPEAKER_00
2403,192.24,192.32000000000002,SPEAKER_00
2404,192.32,192.4,SPEAKER_00
2405,192.4,192.48000000000002,SPEAKER_00
2406,192.48,192.56,SPEAKER_00
2407,192.56,192.64000000000001,SPEAKER_00
2408,192.64,192.72,SPEAKER_00
2409,192.72,192.8,SPEAKER_00
2410,192.8,192.88000000000002,SPEAKER_00
2411,192.88,192.96,SPEAKER_00
2412,192.96,193.04000000000002,SPEAKER_00
2413,193.04,193.12,SPEAKER_00
2414,193.12,193.20000000000002,SPEAKER_00
2415,193.2,193.28,SPEAKER_00
2416,193.28,193.36,SPEAKER_00
2417,193.36,193.44000000000003,SPEAKER_00
2418,193.44,193.52,SPEAKER_00
2419,193.52,193.60000000000002,SPEAKER_00
2420,193.6,193.68,SPEAKER_00
2421,193.68,193.76000000000002,SPEAKER_00
2422,193.76,193.84,SPEAKER_00
2423,193.84,193.92000000000002,SPEAKER_00
2424,193.92,194.0,SPEAKER_00
2425,194.0,194.08,SPEAKER_00
2426,194.08,194.16000000000003,SPEAKER_00
2427,194.16,194.24,SPEAKER_00
2428,194.24,194.32000000000002,SPEAKER_00
2429,194.32,194.4,SPEAKER_00
2430,194.4,194.48000000000002,SPEAKER_00
2431,194.48,194.56,SPEAKER_00
2432,194.56,194.64000000000001,SPEAKER_00
2433,194.64,194.72,SPEAKER_00
2434,194.72,194.8,SPEAKER_00
2435,194.8,194.88000000000002,SPEAKER_00
2436,194.88,194.96,SPEAKER_00
2437,194.96,195.04000000000002,SPEAKER_00
2438,195.04,195.12,SPEAKER_00
2439,195.12,195.20000000000002,SPEAKER_00
2440,195.2,195.28,SPEAKER_00
2441,195.28,195.36,SPEAKER_00
2442,195.36,195.44000000000003,SPEAKER_00
2443,195.44,195.52,SPEAKER_00
2444,195.52,195.60000000000002,SPEAKER_00
2445,195.6,195.68,SPEAKER_00
2446,195.68,195.76000000000002,SPEAKER_00
2447,195.76,195.84,SPEAKER_00
2448,195.84,195.92000000000002,SPEAKER_00
2449,195.92,196.0,SPEAKER_00
2450,196.0,196.08,SPEAKER_00
2451,196.08,196.16000000000003,SPEAKER_00
2452,196.16,196.24,SPEAKER_00
2453,196.24,196.32000000000002,SPEAKER_00
2454,196.32,196.4,SPEAKER_00
2455,196.4,196.48000000000002,SPEAKER_00
2456,196.48,196.56,SPEAKER_00
2457,196.56,196.64000000000001,SPEAKER_00
2458,196.64,196.72,SPEAKER_00
2459,196.72,196.8,SPEAKER_00
2460,196.8,196.88000000000002,SPEAKER_00
2461,196.88,196.96,SPEAKER_00
2462,196.96,197.04000000000002,SPEAKER_00
2463,197.04,197.12,SPEAKER_00
2464,197.12,197.20000000000002,SPEAKER_00
2465,197.2,197.28,SPEAKER_00
2466,197.28,197.36,SPEAKER_00
2467,197.36,197.44000000000003,SPEAKER_00
2468,197.44,197.52,SPEAKER_00
2469,197.52,197.60000000000002,SPEAKER_00
2470,197.6,197.68,SPEAKER_00
2471,197.68,197.76000000000002,SPEAKER_00
2472,197.76,197.84,SPEAKER_00
2473,197.84,197.92000000000002,SPEAKER_00
2474,197.92,198.0,SPEAKER_00
2475,198.0,198.08,SPEAKER_00
2476,198.08,198.16000000000003,SPEAKER_00
2477,198.16,198.24,SPEAKER_00
2478,198.24,198.32000000000002,SPEAKER_00
2479,198.32,198.4,SPEAKER_00
2480,198.4,198.48000000000002,SPEAKER_00
2481,198.48,198.56,SPEAKER_00
2482,198.56,198.64000000000001,SPEAKER_00
2483,198.64,198.72,SPEAKER_00
2484,198.72,198.8,SPEAKER_00
2485,198.8,198.88000000000002,SPEAKER_00
2486,198.88,198.96,SPEAKER_00
2487,198.96,199.04000000000002,SPEAKER_00
2488,199.04,199.12,SPEAKER_00
2489,199.12,199.20000000000002,SPEAKER_00
2490,199.2,199.28,SPEAKER_00
2491,199.28,199.36,SPEAKER_00
2492,199.36,199.44000000000003,SPEAKER_00
2493,199.44,199.52,SPEAKER_00
2494,199.52,199.60000000000002,SPEAKER_00
2495,199.6,199.68,SPEAKER_00
2496,199.68,199.76000000000002,SPEAKER_00
2497,199.76,199.84,SPEAKER_00
2498,199.84,199.92000000000002,SPEAKER_00
2499,199.92,200.0,SPEAKER_00
2500,200.0,200.08,SPEAKER_00
2501,200.08,200.16000000000003,SPEAKER_00
2502,200.16,200.24,SPEAKER_00
2503,200.24,200.32000000000002,SPEAKER_00
2504,200.32,200.4,SPEAKER_00
2505,200.4,200.48000000000002,SPEAKER_00
2506,200.48,200.56,SPEAKER_00
2507,200.56,200.64000000000001,SPEAKER_00
2508,200.64,200.72,SPEAKER_00
2509,200.72,200.8,SPEAKER_00
2510,200.8,200.88000000000002,SPEAKER_00
2511,200.88,200.96,SPEAKER_00
2512,200.96,201.04000000000002,SPEAKER_00
2513,201.04,201.12,SPEAKER_00
2514,201.12,201.20000000000002,SPEAKER_00
2515,201.2,201.28,SPEAKER_00
2516,201.28,201.36,SPEAKER_00
2517,201.36,201.44000000000003,SPEAKER_00
2518,201.44,201.52,SPEAKER_00
2519,201.52,201.60000000000002,SPEAKER_00
2520,201.6,201.68,SPEAKER_00
2521,201.68,201.76000000000002,SPEAKER_00
2522,201.76,201.84,SPEAKER_00
2523,201.84,201.92000000000002,SPEAKER_00
2524,201.92,202.0,SPEAKER_00
2525,202.0,202.08,SPEAKER_00
2526,202.08,202.16000000000003,SPEAKER_00
2527,202.16,202.24,SPEAKER_00
2528,202.24,202.32000000000002,SPEAKER_00
2529,202.32,202.4,SPEAKER_00
2530,202.4,202.48000000000002,SPEAKER_00
2531,202.48,202.56,SPEAKER_00
2532,202.56,202.64000000000001,SPEAKER_00
2533,202.64,202.72,SPEAKER_00
2534,202.72,202.8,SPEAKER_00
2535,202.8,202.88000000000002,SPEAKER_00
2536,202.88,202.96,SPEAKER_00
2537,202.96,203.04000000000002,SPEAKER_00
2538,203.04,203.12,SPEAKER_00
2539,203.12,203.20000000000002,SPEAKER_00
2540,203.2,203.28,SPEAKER_00
2541,203.28,203.36,SPEAKER_00
2542,203.36,203.44000000000003,SPEAKER_00
2543,203.44,203.52,SPEAKER_00
2544,203.52,203.60000000000002,SPEAKER_00
2545,203.6,203.68,SPEAKER_00
2546,203.68,203.76000000000002,SPEAKER_00
2547,203.76,203.84,SPEAKER_00
2548,203.84,203.92000000000002,SPEAKER_00
2549,203.92,204.0,SPEAKER_00
2550,204.0,204.08,SPEAKER_00
2551,204.08,204.16000000000003,SPEAKER_00
2552,204.16,204.24,SPEAKER_00
2553,204.24,204.32000000000002,SPEAKER_00
2554,204.32,204.4,SPEAKER_00
2555,204.4,204.48000000000002,SPEAKER_00
2556,204.48,204.56,SPEAKER_00
2557,204.56,204.64000000000001,SPEAKER_00
2558,204.64,204.72,SPEAKER_00
2559,204.72,204.8,SPEAKER_00
2560,204.8,204.88000000000002,SPEAKER_00
2561,204.88,204.96,SPEAKER_00
2562,204.96,205.04000000000002,SPEAKER_00
2563,205.04,205.12,SPEAKER_00
2564,205.12,205.20000000000002,SPEAKER_00
2565,205.2,205.28,SPEAKER_00
2566,205.28,205.36,SPEAKER_00
2567,205.36,205.44000000000003,SPEAKER_00
2568,205.44,205.52,SPEAKER_00
2569,205.52,205.60000000000002,SPEAKER_00
2570,205.6,205.68,SPEAKER_00
2571,205.68,205.76000000000002,SPEAKER_00
2572,205.76,205.84,SPEAKER_00
2573,205.84,205.92000000000002,SPEAKER_00
2574,205.92,206.0,SPEAKER_00
2575,206.0,206.08,SPEAKER_00
2576,206.08,206.16000000000003,SPEAKER_00
2577,206.16,206.24,SPEAKER_00
2578,206.24,206.32000000000002,SPEAKER_00
2579,206.32,206.4,SPEAKER_00
2580,206.4,206.48000000000002,SPEAKER_00
2581,206.48,206.56,SPEAKER_00
2582,206.56,206.64000000000001,SPEAKER_00
2583,206.64,206.72,SPEAKER_00
2584,206.72,206.8,SPEAKER_00
2585,206.8,206.88000000000002,SPEAKER_00
2586,206.88,206.96,SPEAKER_00
2587,206.96,207.04000000000002,SPEAKER_00
2588,207.04,207.12,SPEAKER_00
2589,207.12,207.20000000000002,SPEAKER_00
2590,207.2,207.28,SPEAKER_00
2591,207.28,207.36,SPEAKER_00
2592,207.36,207.44000000000003,SPEAKER_00
2593,207.44,207.52,SPEAKER_00
2594,207.52,207.60000000000002,SPEAKER_00
2595,207.6,207.68,SPEAKER_00
2596,207.68,207.76000000000002,SPEAKER_00
2597,207.76,207.84,SPEAKER_00
2598,207.84,207.92000000000002,SPEAKER_00
2599,207.92,208.0,SPEAKER_00
2600,208.0,208.08,SPEAKER_00
2601,208.08,208.16000000000003,SPEAKER_00
2602,208.16,208.24,SPEAKER_00
2603,208.24,208.32000000000002,SPEAKER_00
2604,208.32,208.4,SPEAKER_00
2605,208.4,208.48000000000002,SPEAKER_00
2606,208.48,208.56,SPEAKER_00
2607,208.56,208.64000000000001,SPEAKER_00
2608,208.64,208.72,SPEAKER_00
2609,208.72,208.8,SPEAKER_00
2610,208.8,208.88000000000002,SPEAKER_00
2611,208.88,208.96,SPEAKER_00
2612,208.96,209.04000000000002,SPEAKER_00
2613,209.04,209.12,SPEAKER_00
2614,209.12,209.20000000000002,SPEAKER_00
2615,209.2,209.28,SPEAKER_00
2616,209.28,209.36,SPEAKER_00
2617,209.36,209.44000000000003,SPEAKER_00
2618,209.44,209.52,SPEAKER_00
2619,209.52,209.60000000000002,SPEAKER_00
2620,209.6,209.68,SPEAKER_00
2621,209.68,209.76000000000002,SPEAKER_00
2622,209.76,209.84,SPEAKER_00
2623,209.84,209.92000000000002,SPEAKER_00
2624,209.92,210.0,SPEAKER_00
2625,210.0,210.08,SPEAKER_00
2626,210.08,210.16000000000003,SPEAKER_00
2627,210.16,210.24,SPEAKER_00
2628,210.24,210.32000000000002,SPEAKER_00
2629,210.32,210.4,SPEAKER_00
2630,210.4,210.48000000000002,SPEAKER_00
2631,210.48,210.56,SPEAKER_00
2632,210.56,210.64000000000001,SPEAKER_00
2633,210.64,210.72,SPEAKER_00
2634,210.72,210.8,SPEAKER_00
2635,210.8,210.88000000000002,SPEAKER_00
2636,210.88,210.96,SPEAKER_00
2637,210.96,211.04000000000002,SPEAKER_00
2638,211.04,211.12,SPEAKER_00
2639,211.12,211.20000000000002,SPEAKER_00
2640,211.2,211.28,SPEAKER_00
2641,211.28,211.36,SPEAKER_00
2642,211.36,211.44000000000003,SPEAKER_00
2643,211.44,211.52,SPEAKER_00
2644,211.52,211.60000000000002,SPEAKER_00
2645,211.6,211.68,SPEAKER_01
2646,211.68,211.76000000000002,SPEAKER_01
2647,211.76,211.84,SPEAKER_01
2648,211.84,211.92000000000002,SPEAKER_01
2649,211.92,212.0,SPEAKER_01
2650,212.0,212.08,SPEAKER_01
2651,212.08,212.16000000000003,SPEAKER_01
2652,212.16,212.24,SPEAKER_01
2653,212.24,212.32000000000002,SPEAKER_01
2654,212.32,212.4,SPEAKER_01
2655,212.4,212.48000000000002,SPEAKER_01
2656,212.48,212.56,SPEAKER_01
2657,212.56,212.64000000000001,SPEAKER_01
2658,212.64,212.72,SPEAKER_01
2659,212.72,212.8,SPEAKER_01
2660,212.8,212.88000000000002,SPEAKER_01
2661,212.88,212.96,SPEAKER_01
2662,212.96,213.04000000000002,SPEAKER_01
2663,213.04,213.12,SPEAKER_01
2664,213.12,213.20000000000002,SPEAKER_00
2665,213.2,213.28,SPEAKER_00
2666,213.28,213.36,SPEAKER_00
2667,213.36,213.44000000000003,SPEAKER_00
2668,213.44,213.52,SPEAKER_00
2669,213.52,213.60000000000002,SPEAKER_00
2670,213.6,213.68,SPEAKER_00
2671,213.68,213.76000000000002,SPEAKER_00
2672,213.76,213.84,SPEAKER_00
2673,213.84,213.92000000000002,SPEAKER_00
2674,213.92,214.0,SPEAKER_00
2675,214.0,214.08,SPEAKER_00
2676,214.08,214.16000000000003,SPEAKER_00
2677,214.16,214.24,SPEAKER_00
2678,214.24,214.32000000000002,SPEAKER_00
2679,214.32,214.4,SPEAKER_00
2680,214.4,214.48000000000002,SPEAKER_00
2681,214.48,214.56,SPEAKER_00
2682,214.56,214.64000000000001,SPEAKER_00
2683,214.64,214.72,SPEAKER_00
2684,214.72,214.8,SPEAKER_00
2685,214.8,214.88000000000002,SPEAKER_00
2686,214.88,214.96,SPEAKER_00
2687,214.96,215.04000000000002,SPEAKER_00
2688,215.04,215.12,SPEAKER_00
2689,215.12,215.20000000000002,SPEAKER_00
2690,215.2,215.28,SPEAKER_00
2691,215.28,215.36,SPEAKER_00
2692,215.36,215.44000000000003,SPEAKER_00
2693,215.44,215.52,SPEAKER_00
2694,215.52,215.60000000000002,SPEAKER_00
2695,215.6,215.68,SPEAKER_00
2696,215.68,215.76000000000002,SPEAKER_00
2697,215.76,215.84,SPEAKER_00
2698,215.84,215.92000000000002,SPEAKER_00
2699,215.92,216.0,SPEAKER_00
2700,216.0,216.08,SPEAKER_00
2701,216.08,216.16000000000003,SPEAKER_00
2702,216.16,216.24,SPEAKER_00
2703,216.24,216.32000000000002,SPEAKER_00
2704,216.32,216.4,SPEAKER_00
2705,216.4,216.48000000000002,SPEAKER_00
2706,216.48,216.56,SPEAKER_00
2707,216.56,216.64000000000001,SPEAKER_00
2708,216.64,216.72,SPEAKER_00
2709,216.72,216.8,SPEAKER_00
2710,216.8,216.88000000000002,SPEAKER_00
2711,216.88,216.96,SPEAKER_00
2712,216.96,217.04000000000002,SPEAKER_00
2713,217.04,217.12,SPEAKER_00
2714,217.12,217.20000000000002,SPEAKER_00
2715,217.2,217.28,SPEAKER_00
2716,217.28,217.36,SPEAKER_00
2717,217.36,217.44000000000003,SPEAKER_00
2718,217.44,217.52,SPEAKER_00
2719,217.52,217.60000000000002,SPEAKER_00
2720,217.6,217.68,SPEAKER_00
2721,217.68,217.76000000000002,SPEAKER_00
2722,217.76,217.84,SPEAKER_00
2723,217.84,217.92000000000002,SPEAKER_00
2724,217.92,218.0,SPEAKER_00
2725,218.0,218.08,SPEAKER_00
2726,218.08,218.16000000000003,SPEAKER_00
2727,218.16,218.24,SPEAKER_00
2728,218.24,218.32000000000002,SPEAKER_00
2729,218.32,218.4,SPEAKER_00
2730,218.4,218.48000000000002,SPEAKER_00
2731,218.48,218.56,SPEAKER_00
2732,218.56,218.64000000000001,SPEAKER_00
2733,218.64,218.72,SPEAKER_00
2734,218.72,218.8,SPEAKER_00
2735,218.8,218.88000000000002,SPEAKER_00
2736,218.88,218.96,SPEAKER_00
2737,218.96,219.04000000000002,SPEAKER_00
2738,219.04,219.12,SPEAKER_00
2739,219.12,219.20000000000002,SPEAKER_00
2740,219.2,219.28,SPEAKER_00
2741,219.28,219.36,SPEAKER_00
2742,219.36,219.44000000000003,SPEAKER_00
2743,219.44,219.52,SPEAKER_00
2744,219.52,219.60000000000002,SPEAKER_00
2745,219.6,219.68,SPEAKER_00
2746,219.68,219.76000000000002,SPEAKER_00
2747,219.76,219.84,SPEAKER_00
2748,219.84,219.92000000000002,SPEAKER_00
2749,219.92,220.0,SPEAKER_00
2750,220.0,220.08,SPEAKER_00
2751,220.08,220.16000000000003,SPEAKER_00
2752,220.16,220.24,SPEAKER_00
2753,220.24,220.32000000000002,SPEAKER_00
2754,220.32,220.4,SPEAKER_00
2755,220.4,220.48000000000002,SPEAKER_00
2756,220.48,220.56,SPEAKER_00
2757,220.56,220.64000000000001,SPEAKER_00
2758,220.64,220.72,SPEAKER_00
2759,220.72,220.8,SPEAKER_00
2760,220.8,220.88000000000002,SPEAKER_00
2761,220.88,220.96,SPEAKER_00
2762,220.96,221.04000000000002,SPEAKER_00
2763,221.04,221.12,SPEAKER_00
2764,221.12,221.20000000000002,SPEAKER_00
2765,221.2,221.28,SPEAKER_00
2766,221.28,221.36,SPEAKER_00
2767,221.36,221.44000000000003,SPEAKER_00
2768,221.44,221.52,SPEAKER_00
2769,221.52,221.60000000000002,SPEAKER_00
2770,221.6,221.68,SPEAKER_00
2771,221.68,221.76000000000002,SPEAKER_00
2772,221.76,221.84,SPEAKER_00
2773,221.84,221.92000000000002,SPEAKER_00
2774,221.92,222.0,SPEAKER_00
2775,222.0,222.08,SPEAKER_00
2776,222.08,222.16000000000003,SPEAKER_00
2777,222.16,222.24,SPEAKER_00
2778,222.24,222.32000000000002,SPEAKER_00
2779,222.32,222.4,SPEAKER_00
2780,222.4,222.48000000000002,SPEAKER_00
2781,222.48,222.56,SPEAKER_00
2782,222.56,222.64000000000001,SPEAKER_00
2783,222.64,222.72,SPEAKER_00
2784,222.72,222.8,SPEAKER_00
2785,222.8,222.88000000000002,SPEAKER_00
2786,222.88,222.96,SPEAKER_00
2787,222.96,223.04000000000002,SPEAKER_00
2788,223.04,223.12,SPEAKER_00
2789,223.12,223.20000000000002,SPEAKER_00
2790,223.2,223.28,SPEAKER_00
2791,223.28,223.36,SPEAKER_00
2792,223.36,223.44000000000003,SPEAKER_00
2793,223.44,223.52,SPEAKER_00
2794,223.52,223.60000000000002,SPEAKER_00
2795,223.6,223.68,SPEAKER_00
2796,223.68,223.76000000000002,SPEAKER_00
2797,223.76,223.84,SPEAKER_00
2798,223.84,223.92000000000002,SPEAKER_00
2799,223.92,224.0,SPEAKER_00
2800,224.0,224.08,SPEAKER_00
2801,224.08,224.16000000000003,SPEAKER_00
2802,224.16,224.24,SPEAKER_00
2803,224.24,224.32000000000002,SPEAKER_00
2804,224.32,224.4,SPEAKER_00
2805,224.4,224.48000000000002,SPEAKER_00
2806,224.48,224.56,SPEAKER_00
2807,224.56,224.64000000000001,SPEAKER_00
2808,224.64,224.72,SPEAKER_00
2809,224.72,224.8,SPEAKER_00
2810,224.8,224.88000000000002,SPEAKER_00
2811,224.88,224.96,SPEAKER_00
2812,224.96,225.04000000000002,SPEAKER_00
2813,225.04,225.12,SPEAKER_00
2814,225.12,225.20000000000002,SPEAKER_00
2815,225.2,225.28,SPEAKER_00
2816,225.28,225.36,SPEAKER_00
2817,225.36,225.44000000000003,SPEAKER_00
2818,225.44,225.52,SPEAKER_00
2819,225.52,225.60000000000002,SPEAKER_00
2820,225.6,225.68,SPEAKER_00
2821,225.68,225.76000000000002,SPEAKER_00
2822,225.76,225.84,SPEAKER_00
2823,225.84,225.92000000000002,SPEAKER_00
2824,225.92,226.0,SPEAKER_00
2825,226.0,226.08,SPEAKER_00
2826,226.08,226.16000000000003,SPEAKER_00
2827,226.16,226.24,SPEAKER_00
2828,226.24,226.32000000000002,SPEAKER_00
2829,226.32,226.4,SPEAKER_00
2830,226.4,226.48000000000002,SPEAKER_00
2831,226.48,226.56,SPEAKER_00
2832,226.56,226.64000000000001,SPEAKER_00
2833,226.64,226.72,SPEAKER_00
2834,226.72,226.8,SPEAKER_00
2835,226.8,226.88000000000002,SPEAKER_00
2836,226.88,226.96,SPEAKER_00
2837,226.96,227.04000000000002,SPEAKER_00
2838,227.04,227.12,SPEAKER_00
2839,227.12,227.20000000000002,SPEAKER_00
2840,227.2,227.28,SPEAKER_00
2841,227.28,227.36,SPEAKER_00
2842,227.36,227.44000000000003,SPEAKER_00
2843,227.44,227.52,SPEAKER_00
2844,227.52,227.60000000000002,SPEAKER_00
2845,227.6,227.68,SPEAKER_00
2846,227.68,227.76000000000002,SPEAKER_00
2847,227.76,227.84,SPEAKER_00
2848,227.84,227.92000000000002,SPEAKER_00
2849,227.92,228.0,SPEAKER_00
2850,228.0,228.08,SPEAKER_00
2851,228.08,228.16000000000003,SPEAKER_00
2852,228.16,228.24,SPEAKER_00
2853,228.24,228.32000000000002,SPEAKER_00
2854,228.32,228.4,SPEAKER_00
2855,228.4,228.48000000000002,SPEAKER_00
2856,228.48,228.56,SPEAKER_00
2857,228.56,228.64000000000001,SPEAKER_00
2858,228.64,228.72,SPEAKER_00
2859,228.72,228.8,SPEAKER_00
2860,228.8,228.88000000000002,SPEAKER_00
2861,228.88,228.96,SPEAKER_00
2862,228.96,229.04000000000002,SPEAKER_00
2863,229.04,229.12,SPEAKER_00
2864,229.12,229.20000000000002,SPEAKER_00
2865,229.2,229.28,SPEAKER_00
2866,229.28,229.36,SPEAKER_00
2867,229.36,229.44000000000003,SPEAKER_00
2868,229.44,229.52,SPEAKER_00
2869,229.52,229.60000000000002,SPEAKER_00
2870,229.6,229.68,SPEAKER_00
2871,229.68,229.76000000000002,SPEAKER_00
2872,229.76,229.84,SPEAKER_00
2873,229.84,229.92000000000002,SPEAKER_00
2874,229.92,230.0,SPEAKER_00
2875,230.0,230.08,SPEAKER_00
2876,230.08,230.16000000000003,SPEAKER_00
2877,230.16,230.24,SPEAKER_00
2878,230.24,230.32000000000002,SPEAKER_00
2879,230.32,230.4,SPEAKER_00
2880,230.4,230.48000000000002,SPEAKER_00
2881,230.48,230.56,SPEAKER_00
2882,230.56,230.64000000000001,SPEAKER_00
2883,230.64,230.72,SPEAKER_00
2884,230.72,230.8,SPEAKER_00
2885,230.8,230.88000000000002,SPEAKER_00
2886,230.88,230.96,SPEAKER_00
2887,230.96,231.04000000000002,SPEAKER_00
2888,231.04,231.12,SPEAKER_00
2889,231.12,231.20000000000002,SPEAKER_00
2890,231.2,231.28,SPEAKER_00
2891,231.28,231.36,SPEAKER_00
2892,231.36,231.44000000000003,SPEAKER_00
2893,231.44,231.52,SPEAKER_00
2894,231.52,231.60000000000002,SPEAKER_00
2895,231.6,231.68,SPEAKER_00
2896,231.68,231.76000000000002,SPEAKER_00
2897,231.76,231.84,SPEAKER_00
2898,231.84,231.92000000000002,SPEAKER_00
2899,231.92,232.0,SPEAKER_00
2900,232.0,232.08,SPEAKER_00
2901,232.08,232.16000000000003,SPEAKER_00
2902,232.16,232.24,SPEAKER_00
2903,232.24,232.32000000000002,SPEAKER_00
2904,232.32,232.4,SPEAKER_00
2905,232.4,232.48000000000002,SPEAKER_00
2906,232.48,232.56,SPEAKER_00
2907,232.56,232.64000000000001,SPEAKER_00
2908,232.64,232.72,SPEAKER_00
2909,232.72,232.8,SPEAKER_00
2910,232.8,232.88000000000002,SPEAKER_00
2911,232.88,232.96,SPEAKER_00
2912,232.96,233.04000000000002,SPEAKER_00
2913,233.04,233.12,SPEAKER_00
2914,233.12,233.20000000000002,SPEAKER_00
2915,233.2,233.28,SPEAKER_00
2916,233.28,233.36,SPEAKER_00
2917,233.36,233.44000000000003,SPEAKER_00
2918,233.44,233.52,SPEAKER_00
2919,233.52,233.60000000000002,SPEAKER_00
2920,233.6,233.68,SPEAKER_00
2921,233.68,233.76000000000002,SPEAKER_00
2922,233.76,233.84,SPEAKER_00
2923,233.84,233.92000000000002,SPEAKER_00
2924,233.92,234.0,SPEAKER_00
2925,234.0,234.08,SPEAKER_00
2926,234.08,234.16000000000003,SPEAKER_00
2927,234.16,234.24,SPEAKER_00
2928,234.24,234.32000000000002,SPEAKER_00
2929,234.32,234.4,SPEAKER_00
2930,234.4,234.48000000000002,SPEAKER_00
2931,234.48,234.56,SPEAKER_00
2932,234.56,234.64000000000001,SPEAKER_00
2933,234.64,234.72,SPEAKER_00
2934,234.72,234.8,SPEAKER_00
2935,234.8,234.88000000000002,SPEAKER_00
2936,234.88,234.96,SPEAKER_00
2937,234.96,235.04000000000002,SPEAKER_00
2938,235.04,235.12,SPEAKER_00
2939,235.12,235.20000000000002,SPEAKER_00
2940,235.2,235.28,SPEAKER_00
2941,235.28,235.36,SPEAKER_00
2942,235.36,235.44000000000003,SPEAKER_00
2943,235.44,235.52,SPEAKER_00
2944,235.52,235.60000000000002,SPEAKER_00
2945,235.6,235.68,SPEAKER_00
2946,235.68,235.76000000000002,SPEAKER_00
2947,235.76,235.84,SPEAKER_00
2948,235.84,235.92000000000002,SPEAKER_00
2949,235.92,236.0,SPEAKER_00
2950,236.0,236.08,SPEAKER_00
2951,236.08,236.16000000000003,SPEAKER_00
2952,236.16,236.24,SPEAKER_00
2953,236.24,236.32000000000002,SPEAKER_00
2954,236.32,236.4,SPEAKER_00
2955,236.4,236.48000000000002,SPEAKER_00
2956,236.48,236.56,SPEAKER_00
2957,236.56,236.64000000000001,SPEAKER_00
2958,236.64,236.72,SPEAKER_00
2959,236.72,236.8,SPEAKER_00
2960,236.8,236.88000000000002,SPEAKER_00
2961,236.88,236.96,SPEAKER_00
2962,236.96,237.04000000000002,SPEAKER_00
2963,237.04,237.12,SPEAKER_00
2964,237.12,237.20000000000002,SPEAKER_00
2965,237.2,237.28,SPEAKER_00
2966,237.28,237.36,SPEAKER_00
2967,237.36,237.44000000000003,SPEAKER_00
2968,237.44,237.52,SPEAKER_00
2969,237.52,237.60000000000002,SPEAKER_00
2970,237.6,237.68,SPEAKER_00
2971,237.68,237.76000000000002,SPEAKER_00
2972,237.76,237.84,SPEAKER_00
2973,237.84,237.92000000000002,SPEAKER_00
2974,237.92,238.0,SPEAKER_00
2975,238.0,238.08,SPEAKER_00
2976,238.08,238.16000000000003,SPEAKER_00
2977,238.16,238.24,SPEAKER_00
2978,238.24,238.32000000000002,SPEAKER_01
2979,238.32,238.4,SPEAKER_01
2980,238.4,238.48000000000002,SPEAKER_01
2981,238.48,238.56,SPEAKER_01
2982,238.56,238.64000000000001,SPEAKER_01
2983,238.64,238.72,SPEAKER_01
2984,238.72,238.8,SPEAKER_01
2985,238.8,238.88000000000002,SPEAKER_01
2986,238.88,238.96,SPEAKER_01
2987,238.96,239.04000000000002,SPEAKER_01
2988,239.04,239.12,SPEAKER_01
2989,239.12,239.20000000000002,SPEAKER_01
2990,239.2,239.28,SPEAKER_01
2991,239.28,239.36,SPEAKER_01
2992,239.36,239.44000000000003,SPEAKER_01
2993,239.44,239.52,SPEAKER_01
2994,239.52,239.60000000000002,SPEAKER_01
2995,239.6,239.68,SPEAKER_01
2996,239.68,239.76000000000002,SPEAKER_01
2997,239.76,239.84,SPEAKER_01
2998,239.84,239.92000000000002,SPEAKER_01
2999,239.92,240.0,SPEAKER_01
3000,240.0,240.08,SPEAKER_01
3001,240.08,240.16000000000003,SPEAKER_01
3002,240.16,240.24,SPEAKER_01
3003,240.24,240.32000000000002,SPEAKER_01
3004,240.32,240.4,SPEAKER_01
3005,240.4,240.48000000000002,SPEAKER_01
3006,240.48,240.56,SPEAKER_01
3007,240.56,240.64000000000001,SPEAKER_01
3008,240.64,240.72,SPEAKER_01
3009,240.72,240.8,SPEAKER_01
3010,240.8,240.88000000000002,SPEAKER_01
3011,240.88,240.96,SPEAKER_01
3012,240.96,241.04000000000002,SPEAKER_01
3013,241.04,241.12,SPEAKER_01
3014,241.12,241.20000000000002,SPEAKER_01
3015,241.2,241.28,SPEAKER_01
3016,241.28,241.36,SPEAKER_01
3017,241.36,241.44000000000003,SPEAKER_01
3018,241.44,241.52,SPEAKER_01
3019,241.52,241.60000000000002,SPEAKER_01
3020,241.6,241.68,SPEAKER_01
3021,241.68,241.76000000000002,SPEAKER_01
3022,241.76,241.84,SPEAKER_01
3023,241.84,241.92000000000002,SPEAKER_01
3024,241.92,242.0,SPEAKER_01
3025,242.0,242.08,SPEAKER_01
3026,242.08,242.16000000000003,SPEAKER_01
3027,242.16,242.24,SPEAKER_01
3028,242.24,242.32000000000002,SPEAKER_01
3029,242.32,242.4,SPEAKER_01
3030,242.4,242.48000000000002,SPEAKER_01
3031,242.48,242.56,SPEAKER_01
3032,242.56,242.64000000000001,SPEAKER_01
3033,242.64,242.72,SPEAKER_01
3034,242.72,242.8,SPEAKER_01
3035,242.8,242.88000000000002,SPEAKER_01
3036,242.88,242.96,SPEAKER_01
3037,242.96,243.04000000000002,SPEAKER_01
3038,243.04,243.12,SPEAKER_01
3039,243.12,243.20000000000002,SPEAKER_01
3040,243.2,243.28,SPEAKER_01
3041,243.28,243.36,SPEAKER_01
3042,243.36,243.44000000000003,SPEAKER_01
3043,243.44,243.52,SPEAKER_01
3044,243.52,243.60000000000002,SPEAKER_01
3045,243.6,243.68,SPEAKER_01
3046,243.68,243.76000000000002,SPEAKER_01
3047,243.76,243.84,SPEAKER_01
3048,243.84,243.92000000000002,SPEAKER_01
3049,243.92,244.0,SPEAKER_01
3050,244.0,244.08,SPEAKER_01
3051,244.08,244.16000000000003,SPEAKER_01
3052,244.16,244.24,SPEAKER_01
3053,244.24,244.32000000000002,SPEAKER_01
3054,244.32,244.4,SPEAKER_01
3055,244.4,244.48000000000002,SPEAKER_01
3056,244.48,244.56,SPEAKER_01
3057,244.56,244.64000000000001,SPEAKER_01
3058,244.64,244.72,SPEAKER_01
3059,244.72,244.8,SPEAKER_01
3060,244.8,244.88000000000002,SPEAKER_01
3061,244.88,244.96,SPEAKER_01
3062,244.96,245.04000000000002,SPEAKER_01
3063,245.04,245.12,SPEAKER_01
3064,245.12,245.20000000000002,SPEAKER_01
3065,245.2,245.28,SPEAKER_01
3066,245.28,245.36,SPEAKER_01
3067,245.36,245.44000000000003,SPEAKER_01
3068,245.44,245.52,SPEAKER_01
3069,245.52,245.60000000000002,SPEAKER_01
3070,245.6,245.68,SPEAKER_01
3071,245.68,245.76000000000002,SPEAKER_01
3072,245.76,245.84,SPEAKER_01
3073,245.84,245.92000000000002,SPEAKER_01
3074,245.92,246.0,SPEAKER_01
3075,246.0,246.08,SPEAKER_01
3076,246.08,246.16000000000003,SPEAKER_01
3077,246.16,246.24,SPEAKER_01
3078,246.24,246.32000000000002,SPEAKER_01
3079,246.32,246.4,SPEAKER_01
3080,246.4,246.48000000000002,SPEAKER_01
3081,246.48,246.56,SPEAKER_01
3082,246.56,246.64000000000001,SPEAKER_01
3083,246.64,246.72,SPEAKER_01
3084,246.72,246.8,SPEAKER_01
3085,246.8,246.88000000000002,SPEAKER_01
3086,246.88,246.96,SPEAKER_01
3087,246.96,247.04000000000002,SPEAKER_01
3088,247.04,247.12,SPEAKER_01
3089,247.12,247.20000000000002,SPEAKER_01
3090,247.2,247.28,SPEAKER_01
3091,247.28,247.36,SPEAKER_01
3092,247.36,247.44000000000003,SPEAKER_01
3093,247.44,247.52,SPEAKER_01
3094,247.52,247.60000000000002,SPEAKER_01
3095,247.6,247.68,SPEAKER_01
3096,247.68,247.76000000000002,SPEAKER_01
3097,247.76,247.84,SPEAKER_01
3098,247.84,247.92000000000002,SPEAKER_01
3099,247.92,248.0,SPEAKER_01
3100,248.0,248.08,SPEAKER_01
3101,248.08,248.16000000000003,SPEAKER_01
3102,248.16,248.24,SPEAKER_01
3103,248.24,248.32000000000002,SPEAKER_01
3104,248.32,248.4,SPEAKER_01
3105,248.4,248.48000000000002,SPEAKER_01
3106,248.48,248.56,SPEAKER_01
3107,248.56,248.64000000000001,SPEAKER_01
3108,248.64,248.72,SPEAKER_01
3109,248.72,248.8,SPEAKER_01
3110,248.8,248.88000000000002,SPEAKER_01
3111,248.88,248.96,SPEAKER_01
3112,248.96,249.04000000000002,SPEAKER_01
3113,249.04,249.12,SPEAKER_01
3114,249.12,249.20000000000002,SPEAKER_01
3115,249.2,249.28,SPEAKER_01
3116,249.28,249.36,SPEAKER_01
3117,249.36,249.44000000000003,SPEAKER_01
3118,249.44,249.52,SPEAKER_01
3119,249.52,249.60000000000002,SPEAKER_01
3120,249.6,249.68,SPEAKER_01
3121,249.68,249.76000000000002,SPEAKER_01
3122,249.76,249.84,SPEAKER_01
3123,249.84,249.92000000000002,SPEAKER_01
3124,249.92,250.0,SPEAKER_01
3125,250.0,250.08,SPEAKER_01
3126,250.08,250.16000000000003,SPEAKER_01
3127,250.16,250.24,SPEAKER_01
3128,250.24,250.32000000000002,SPEAKER_01
3129,250.32,250.4,SPEAKER_01
3130,250.4,250.48000000000002,SPEAKER_01
3131,250.48,250.56,SPEAKER_01
3132,250.56,250.64000000000001,SPEAKER_01
3133,250.64,250.72,SPEAKER_01
3134,250.72,250.8,SPEAKER_01
3135,250.8,250.88000000000002,SPEAKER_01
3136,250.88,250.96,SPEAKER_01
3137,250.96,251.04000000000002,SPEAKER_01
3138,251.04,251.12,SPEAKER_01
3139,251.12,251.20000000000002,SPEAKER_01
3140,251.2,251.28,SPEAKER_01
3141,251.28,251.36,SPEAKER_01
3142,251.36,251.44000000000003,SPEAKER_01
3143,251.44,251.52,SPEAKER_01
3144,251.52,251.60000000000002,SPEAKER_01
3145,251.6,251.68,SPEAKER_01
3146,251.68,251.76000000000002,SPEAKER_01
3147,251.76,251.84,SPEAKER_01
3148,251.84,251.92000000000002,SPEAKER_01
3149,251.92,252.0,SPEAKER_01
3150,252.0,252.08,SPEAKER_01
3151,252.08,252.16000000000003,SPEAKER_01
3152,252.16,252.24,SPEAKER_01
3153,252.24,252.32000000000002,SPEAKER_01
3154,252.32,252.4,SPEAKER_01
3155,252.4,252.48000000000002,SPEAKER_01
3156,252.48,252.56,SPEAKER_01
3157,252.56,252.64000000000001,SPEAKER_01
3158,252.64,252.72,SPEAKER_01
3159,252.72,252.8,SPEAKER_01
3160,252.8,252.88000000000002,SPEAKER_01
3161,252.88,252.96,SPEAKER_01
3162,252.96,253.04000000000002,SPEAKER_01
3163,253.04,253.12,SPEAKER_01
3164,253.12,253.20000000000002,SPEAKER_01
3165,253.2,253.28,SPEAKER_01
3166,253.28,253.36,SPEAKER_01
3167,253.36,253.44000000000003,SPEAKER_01
3168,253.44,253.52,SPEAKER_01
3169,253.52,253.60000000000002,SPEAKER_01
3170,253.6,253.68,SPEAKER_01
3171,253.68,253.76000000000002,SPEAKER_01
3172,253.76,253.84,SPEAKER_01
3173,253.84,253.92000000000002,SPEAKER_01
3174,253.92,254.0,SPEAKER_01
3175,254.0,254.08,SPEAKER_01
3176,254.08,254.16000000000003,SPEAKER_01
3177,254.16,254.24,SPEAKER_01
3178,254.24,254.32000000000002,SPEAKER_01
3179,254.32,254.4,SPEAKER_01
3180,254.4,254.48000000000002,SPEAKER_01
3181,254.48,254.56,SPEAKER_01
3182,254.56,254.64000000000001,SPEAKER_01
3183,254.64,254.72,SPEAKER_01
3184,254.72,254.8,SPEAKER_01
3185,254.8,254.88000000000002,SPEAKER_01
3186,254.88,254.96,SPEAKER_01
3187,254.96,255.04000000000002,SPEAKER_01
3188,255.04,255.12,SPEAKER_00
3189,255.12,255.20000000000002,SPEAKER_00
3190,255.2,255.28,SPEAKER_00
3191,255.28,255.36,SPEAKER_00
3192,255.36,255.44000000000003,SPEAKER_00
3193,255.44,255.52,SPEAKER_00
3194,255.52,255.60000000000002,SPEAKER_00
3195,255.6,255.68,SPEAKER_00
3196,255.68,255.76000000000002,SPEAKER_00
3197,255.76,255.84,SPEAKER_00
3198,255.84,255.92000000000002,SPEAKER_00
3199,255.92,256.0,SPEAKER_00
3200,256.0,256.08,SPEAKER_00
3201,256.08,256.15999999999997,SPEAKER_00
3202,256.16,256.24,SPEAKER_00
3203,256.24,256.32,SPEAKER_00
3204,256.32,256.4,SPEAKER_00
3205,256.4,256.47999999999996,SPEAKER_00
3206,256.48,256.56,SPEAKER_00
3207,256.56,256.64,SPEAKER_00
3208,256.64,256.71999999999997,SPEAKER_00
3209,256.72,256.8,SPEAKER_00
3210,256.8,256.88,SPEAKER_00
3211,256.88,256.96,SPEAKER_00
3212,256.96,257.03999999999996,SPEAKER_00
3213,257.04,257.12,SPEAKER_00
3214,257.12,257.2,SPEAKER_00
3215,257.2,257.28,SPEAKER_00
3216,257.28,257.35999999999996,SPEAKER_00
3217,257.36,257.44,SPEAKER_00
3218,257.44,257.52,SPEAKER_00
3219,257.52,257.59999999999997,SPEAKER_00
3220,257.6,257.68,SPEAKER_00
3221,257.68,257.76,SPEAKER_00
3222,257.76,257.84,SPEAKER_00
3223,257.84,257.91999999999996,SPEAKER_00
3224,257.92,258.0,SPEAKER_00
3225,258.0,258.08,SPEAKER_00
3226,258.08,258.15999999999997,SPEAKER_00
3227,258.16,258.24,SPEAKER_00
3228,258.24,258.32,SPEAKER_00
3229,258.32,258.4,SPEAKER_00
3230,258.4,258.47999999999996,SPEAKER_00
3231,258.48,258.56,SPEAKER_00
3232,258.56,258.64,SPEAKER_00
3233,258.64,258.71999999999997,SPEAKER_00
3234,258.72,258.8,SPEAKER_00
3235,258.8,258.88,SPEAKER_00
3236,258.88,258.96,SPEAKER_00
3237,258.96,259.03999999999996,SPEAKER_00
3238,259.04,259.12,SPEAKER_00
3239,259.12,259.2,SPEAKER_00
3240,259.2,259.28,SPEAKER_00
3241,259.28,259.35999999999996,SPEAKER_00
3242,259.36,259.44,SPEAKER_00
3243,259.44,259.52,SPEAKER_00
3244,259.52,259.59999999999997,SPEAKER_00
3245,259.6,259.68,SPEAKER_00
3246,259.68,259.76,SPEAKER_00
3247,259.76,259.84,SPEAKER_00
3248,259.84,259.91999999999996,SPEAKER_00
3249,259.92,260.0,SPEAKER_00
3250,260.0,260.08,SPEAKER_00
3251,260.08,260.15999999999997,SPEAKER_00
3252,260.16,260.24,SPEAKER_00
3253,260.24,260.32,SPEAKER_00
3254,260.32,260.4,SPEAKER_00
3255,260.4,260.47999999999996,SPEAKER_00
3256,260.48,260.56,SPEAKER_00
3257,260.56,260.64,SPEAKER_00
3258,260.64,260.71999999999997,SPEAKER_00
3259,260.72,260.8,SPEAKER_00
3260,260.8,260.88,SPEAKER_00
3261,260.88,260.96,SPEAKER_00
3262,260.96,261.03999999999996,SPEAKER_00
3263,261.04,261.12,SPEAKER_00
3264,261.12,261.2,SPEAKER_00
3265,261.2,261.28,SPEAKER_00
3266,261.28,261.35999999999996,SPEAKER_00
3267,261.36,261.44,SPEAKER_00
3268,261.44,261.52,SPEAKER_00
3269,261.52,261.59999999999997,SPEAKER_00
3270,261.6,261.68,SPEAKER_00
3271,261.68,261.76,SPEAKER_00
3272,261.76,261.84,SPEAKER_00
3273,261.84,261.91999999999996,SPEAKER_00
3274,261.92,262.0,SPEAKER_00
3275,262.0,262.08,SPEAKER_00
3276,262.08,262.15999999999997,SPEAKER_00
3277,262.16,262.24,SPEAKER_00
3278,262.24,262.32,SPEAKER_00
3279,262.32,262.4,SPEAKER_00
3280,262.4,262.47999999999996,SPEAKER_00
3281,262.48,262.56,SPEAKER_00
3282,262.56,262.64,SPEAKER_00
3283,262.64,262.71999999999997,SPEAKER_00
3284,262.72,262.8,SPEAKER_00
3285,262.8,262.88,SPEAKER_00
3286,262.88,262.96,SPEAKER_00
3287,262.96,263.03999999999996,SPEAKER_00
3288,263.04,263.12,SPEAKER_00
3289,263.12,263.2,SPEAKER_00
3290,263.2,263.28,SPEAKER_00
3291,263.28,263.35999999999996,SPEAKER_00
3292,263.36,263.44,SPEAKER_00
3293,263.44,263.52,SPEAKER_00
3294,263.52,263.59999999999997,SPEAKER_00
3295,263.6,263.68,SPEAKER_00
3296,263.68,263.76,SPEAKER_00
3297,263.76,263.84,SPEAKER_00
3298,263.84,263.91999999999996,SPEAKER_00
3299,263.92,264.0,SPEAKER_00
3300,264.0,264.08,SPEAKER_00
3301,264.08,264.15999999999997,SPEAKER_00
3302,264.16,264.24,SPEAKER_00
3303,264.24,264.32,SPEAKER_00
3304,264.32,264.4,SPEAKER_00
3305,264.4,264.47999999999996,SPEAKER_00
3306,264.48,264.56,SPEAKER_00
3307,264.56,264.64,SPEAKER_00
3308,264.64,264.71999999999997,SPEAKER_00
3309,264.72,264.8,SPEAKER_00
3310,264.8,264.88,SPEAKER_00
3311,264.88,264.96,SPEAKER_00
3312,264.96,265.03999999999996,SPEAKER_00
3313,265.04,265.12,SPEAKER_00
3314,265.12,265.2,SPEAKER_00
3315,265.2,265.28,SPEAKER_00
3316,265.28,265.35999999999996,SPEAKER_00
3317,265.36,265.44,SPEAKER_00
3318,265.44,265.52,SPEAKER_00
3319,265.52,265.59999999999997,SPEAKER_00
3320,265.6,265.68,SPEAKER_00
3321,265.68,265.76,SPEAKER_00
3322,265.76,265.84,SPEAKER_00
3323,265.84,265.91999999999996,SPEAKER_00
3324,265.92,266.0,SPEAKER_00
3325,266.0,266.08,SPEAKER_00
3326,266.08,266.15999999999997,SPEAKER_00
3327,266.16,266.24,SPEAKER_00
3328,266.24,266.32,SPEAKER_00
3329,266.32,266.4,SPEAKER_00
3330,266.4,266.47999999999996,SPEAKER_00
3331,266.48,266.56,SPEAKER_00
3332,266.56,266.64,SPEAKER_00
3333,266.64,266.71999999999997,SPEAKER_00
3334,266.72,266.8,SPEAKER_00
3335,266.8,266.88,SPEAKER_00
3336,266.88,266.96,SPEAKER_00
3337,266.96,267.03999999999996,SPEAKER_00
3338,267.04,267.12,SPEAKER_00
3339,267.12,267.2,SPEAKER_00
3340,267.2,267.28,SPEAKER_00
3341,267.28,267.35999999999996,SPEAKER_00
3342,267.36,267.44,SPEAKER_00
3343,267.44,267.52,SPEAKER_00
3344,267.52,267.59999999999997,SPEAKER_00
3345,267.6,267.68,SPEAKER_00
3346,267.68,267.76,SPEAKER_00
3347,267.76,267.84,SPEAKER_00
3348,267.84,267.91999999999996,SPEAKER_00
3349,267.92,268.0,SPEAKER_00
3350,268.0,268.08,SPEAKER_00
3351,268.08,268.15999999999997,SPEAKER_00
3352,268.16,268.24,SPEAKER_00
3353,268.24,268.32,SPEAKER_00
3354,268.32,268.4,SPEAKER_00
3355,268.4,268.47999999999996,SPEAKER_00
3356,268.48,268.56,SPEAKER_00
3357,268.56,268.64,SPEAKER_00
3358,268.64,268.71999999999997,SPEAKER_00
3359,268.72,268.8,SPEAKER_00
3360,268.8,268.88,SPEAKER_00
3361,268.88,268.96,SPEAKER_00
3362,268.96,269.03999999999996,SPEAKER_00
3363,269.04,269.12,SPEAKER_00
3364,269.12,269.2,SPEAKER_00
3365,269.2,269.28,SPEAKER_00
3366,269.28,269.35999999999996,SPEAKER_00
3367,269.36,269.44,SPEAKER_00
3368,269.44,269.52,SPEAKER_00
3369,269.52,269.59999999999997,SPEAKER_00
3370,269.6,269.68,SPEAKER_00
3371,269.68,269.76,SPEAKER_00
3372,269.76,269.84,SPEAKER_00
3373,269.84,269.91999999999996,SPEAKER_00
3374,269.92,270.0,SPEAKER_00
3375,270.0,270.08,SPEAKER_00
3376,270.08,270.15999999999997,SPEAKER_00
3377,270.16,270.24,SPEAKER_00
3378,270.24,270.32,SPEAKER_00
3379,270.32,270.4,SPEAKER_00
3380,270.4,270.47999999999996,SPEAKER_00
3381,270.48,270.56,SPEAKER_00
3382,270.56,270.64,SPEAKER_00
3383,270.64,270.71999999999997,SPEAKER_00
3384,270.72,270.8,SPEAKER_00
3385,270.8,270.88,SPEAKER_00
3386,270.88,270.96,SPEAKER_00
3387,270.96,271.03999999999996,SPEAKER_00
3388,271.04,271.12,SPEAKER_00
3389,271.12,271.2,SPEAKER_00
3390,271.2,271.28,SPEAKER_00
3391,271.28,271.35999999999996,SPEAKER_00
3392,271.36,271.44,SPEAKER_00
3393,271.44,271.52,SPEAKER_00
3394,271.52,271.59999999999997,SPEAKER_00
3395,271.6,271.68,SPEAKER_00
3396,271.68,271.76,SPEAKER_00
3397,271.76,271.84,SPEAKER_00
3398,271.84,271.91999999999996,SPEAKER_00
3399,271.92,272.0,SPEAKER_00
3400,272.0,272.08,SPEAKER_00
3401,272.08,272.15999999999997,SPEAKER_00
3402,272.16,272.24,SPEAKER_00
3403,272.24,272.32,SPEAKER_00
3404,272.32,272.4,SPEAKER_00
3405,272.4,272.47999999999996,SPEAKER_00
3406,272.48,272.56,SPEAKER_00
3407,272.56,272.64,SPEAKER_00
3408,272.64,272.71999999999997,SPEAKER_00
3409,272.72,272.8,SPEAKER_00
3410,272.8,272.88,SPEAKER_00
3411,272.88,272.96,SPEAKER_00
3412,272.96,273.03999999999996,SPEAKER_00
3413,273.04,273.12,SPEAKER_00
3414,273.12,273.2,SPEAKER_00
3415,273.2,273.28,SPEAKER_00
3416,273.28,273.35999999999996,SPEAKER_00
3417,273.36,273.44,SPEAKER_00
3418,273.44,273.52,SPEAKER_00
3419,273.52,273.59999999999997,SPEAKER_00
3420,273.6,273.68,SPEAKER_00
3421,273.68,273.76,SPEAKER_00
3422,273.76,273.84,SPEAKER_00
3423,273.84,273.91999999999996,SPEAKER_00
3424,273.92,274.0,SPEAKER_00
3425,274.0,274.08,SPEAKER_00
3426,274.08,274.15999999999997,SPEAKER_00
3427,274.16,274.24,SPEAKER_00
3428,274.24,274.32,SPEAKER_00
3429,274.32,274.4,SPEAKER_00
3430,274.4,274.47999999999996,SPEAKER_00
3431,274.48,274.56,SPEAKER_00
3432,274.56,274.64,SPEAKER_00
3433,274.64,274.71999999999997,SPEAKER_00
3434,274.72,274.8,SPEAKER_00
3435,274.8,274.88,SPEAKER_00
3436,274.88,274.96,SPEAKER_00
3437,274.96,275.03999999999996,SPEAKER_00
3438,275.04,275.12,SPEAKER_00
3439,275.12,275.2,SPEAKER_00
3440,275.2,275.28,SPEAKER_00
3441,275.28,275.35999999999996,SPEAKER_00
3442,275.36,275.44,SPEAKER_00
3443,275.44,275.52,SPEAKER_00
3444,275.52,275.59999999999997,SPEAKER_00
3445,275.6,275.68,SPEAKER_00
3446,275.68,275.76,SPEAKER_00
3447,275.76,275.84,SPEAKER_00
3448,275.84,275.91999999999996,SPEAKER_00
3449,275.92,276.0,SPEAKER_00
3450,276.0,276.08,SPEAKER_00
3451,276.08,276.15999999999997,SPEAKER_00
3452,276.16,276.24,SPEAKER_00
3453,276.24,276.32,SPEAKER_00
3454,276.32,276.4,SPEAKER_00
3455,276.4,276.47999999999996,SPEAKER_00
3456,276.48,276.56,SPEAKER_00
3457,276.56,276.64,SPEAKER_00
3458,276.64,276.71999999999997,SPEAKER_00
3459,276.72,276.8,SPEAKER_00
3460,276.8,276.88,SPEAKER_00
3461,276.88,276.96,SPEAKER_00
3462,276.96,277.03999999999996,SPEAKER_00
3463,277.04,277.12,SPEAKER_00
3464,277.12,277.2,SPEAKER_00
3465,277.2,277.28,SPEAKER_00
3466,277.28,277.35999999999996,SPEAKER_00
3467,277.36,277.44,SPEAKER_00
3468,277.44,277.52,SPEAKER_00
3469,277.52,277.59999999999997,SPEAKER_00
3470,277.6,277.68,SPEAKER_00
3471,277.68,277.76,SPEAKER_00
3472,277.76,277.84,SPEAKER_00
3473,277.84,277.91999999999996,SPEAKER_00
3474,277.92,278.0,SPEAKER_00
3475,278.0,278.08,SPEAKER_00
3476,278.08,278.15999999999997,SPEAKER_00
3477,278.16,278.24,SPEAKER_00
3478,278.24,278.32,SPEAKER_00
3479,278.32,278.4,SPEAKER_00
3480,278.4,278.47999999999996,SPEAKER_00
3481,278.48,278.56,SPEAKER_00
3482,278.56,278.64,SPEAKER_00
3483,278.64,278.71999999999997,SPEAKER_00
3484,278.72,278.8,SPEAKER_00
3485,278.8,278.88,SPEAKER_00
3486,278.88,278.96,SPEAKER_00
3487,278.96,279.03999999999996,SPEAKER_00
3488,279.04,279.12,SPEAKER_00
3489,279.12,279.2,SPEAKER_00
3490,279.2,279.28,SPEAKER_00
3491,279.28,279.35999999999996,SPEAKER_00
3492,279.36,279.44,SPEAKER_00
3493,279.44,279.52,SPEAKER_00
3494,279.52,279.59999999999997,SPEAKER_00
3495,279.6,279.68,SPEAKER_00
3496,279.68,279.76,SPEAKER_00
3497,279.76,279.84,SPEAKER_00
3498,279.84,279.91999999999996,SPEAKER_00
3499,279.92,280.0,SPEAKER_00
3500,280.0,280.08,SPEAKER_00
3501,280.08,280.15999999999997,SPEAKER_00
3502,280.16,280.24,SPEAKER_00
3503,280.24,280.32,SPEAKER_00
3504,280.32,280.4,SPEAKER_00
3505,280.4,280.47999999999996,SPEAKER_00
3506,280.48,280.56,SPEAKER_00
3507,280.56,280.64,SPEAKER_00
3508,280.64,280.71999999999997,SPEAKER_00
3509,280.72,280.8,SPEAKER_00
3510,280.8,280.88,SPEAKER_00
3511,280.88,280.96,SPEAKER_00
3512,280.96,281.03999999999996,SPEAKER_00
3513,281.04,281.12,SPEAKER_00
3514,281.12,281.2,SPEAKER_00
3515,281.2,281.28,SPEAKER_00
3516,281.28,281.35999999999996,SPEAKER_00
3517,281.36,281.44,SPEAKER_00
3518,281.44,281.52,SPEAKER_00
3519,281.52,281.59999999999997,SPEAKER_00
3520,281.6,281.68,SPEAKER_00
3521,281.68,281.76,SPEAKER_00
3522,281.76,281.84,SPEAKER_00
3523,281.84,281.91999999999996,SPEAKER_00
3524,281.92,282.0,SPEAKER_00
3525,282.0,282.08,SPEAKER_00
3526,282.08,282.15999999999997,SPEAKER_00
3527,282.16,282.24,SPEAKER_00
3528,282.24,282.32,SPEAKER_00
3529,282.32,282.4,SPEAKER_00
3530,282.4,282.47999999999996,SPEAKER_00
3531,282.48,282.56,SPEAKER_00
3532,282.56,282.64,SPEAKER_00
3533,282.64,282.71999999999997,SPEAKER_00
3534,282.72,282.8,SPEAKER_00
3535,282.8,282.88,SPEAKER_00
3536,282.88,282.96,SPEAKER_00
3537,282.96,283.03999999999996,SPEAKER_00
3538,283.04,283.12,SPEAKER_00
3539,283.12,283.2,SPEAKER_00
3540,283.2,283.28,SPEAKER_00
3541,283.28,283.35999999999996,SPEAKER_00
3542,283.36,283.44,SPEAKER_00
3543,283.44,283.52,SPEAKER_00
3544,283.52,283.59999999999997,SPEAKER_00
3545,283.6,283.68,SPEAKER_00
3546,283.68,283.76,SPEAKER_00
3547,283.76,283.84,SPEAKER_00
3548,283.84,283.91999999999996,SPEAKER_00
3549,283.92,284.0,SPEAKER_00
3550,284.0,284.08,SPEAKER_00
3551,284.08,284.15999999999997,SPEAKER_00
3552,284.16,284.24,SPEAKER_00
3553,284.24,284.32,SPEAKER_00
3554,284.32,284.4,SPEAKER_00
3555,284.4,284.47999999999996,SPEAKER_00
3556,284.48,284.56,SPEAKER_00
3557,284.56,284.64,SPEAKER_00
3558,284.64,284.71999999999997,SPEAKER_00
3559,284.72,284.8,SPEAKER_00
3560,284.8,284.88,SPEAKER_00
3561,284.88,284.96,SPEAKER_00
3562,284.96,285.03999999999996,SPEAKER_00
3563,285.04,285.12,SPEAKER_00
3564,285.12,285.2,SPEAKER_00
3565,285.2,285.28,SPEAKER_00
3566,285.28,285.35999999999996,SPEAKER_00
3567,285.36,285.44,SPEAKER_00
3568,285.44,285.52,SPEAKER_00
3569,285.52,285.59999999999997,SPEAKER_00
3570,285.6,285.68,SPEAKER_00
3571,285.68,285.76,SPEAKER_00
3572,285.76,285.84,SPEAKER_00
3573,285.84,285.91999999999996,SPEAKER_00
3574,285.92,286.0,SPEAKER_00
3575,286.0,286.08,SPEAKER_00
3576,286.08,286.15999999999997,SPEAKER_00
3577,286.16,286.24,SPEAKER_00
3578,286.24,286.32,SPEAKER_00
3579,286.32,286.4,SPEAKER_00
3580,286.4,286.47999999999996,SPEAKER_00
3581,286.48,286.56,SPEAKER_00
3582,286.56,286.64,SPEAKER_00
3583,286.64,286.71999999999997,SPEAKER_00
3584,286.72,286.8,SPEAKER_00
3585,286.8,286.88,SPEAKER_00
3586,286.88,286.96,SPEAKER_00
3587,286.96,287.03999999999996,SPEAKER_00
3588,287.04,287.12,SPEAKER_00
3589,287.12,287.2,SPEAKER_00
3590,287.2,287.28,SPEAKER_00
3591,287.28,287.35999999999996,SPEAKER_00
3592,287.36,287.44,SPEAKER_00
3593,287.44,287.52,SPEAKER_00
3594,287.52,287.59999999999997,SPEAKER_00
3595,287.6,287.68,SPEAKER_00
3596,287.68,287.76,SPEAKER_00
3597,287.76,287.84,SPEAKER_00
3598,287.84,287.91999999999996,SPEAKER_00
3599,287.92,288.0,SPEAKER_00
3600,288.0,288.08,SPEAKER_00
3601,288.08,288.15999999999997,SPEAKER_00
3602,288.16,288.24,SPEAKER_00
3603,288.24,288.32,SPEAKER_00
3604,288.32,288.4,SPEAKER_00
3605,288.4,288.47999999999996,SPEAKER_00
3606,288.48,288.56,SPEAKER_00
3607,288.56,288.64,SPEAKER_00
3608,288.64,288.71999999999997,SPEAKER_00
3609,288.72,288.8,SPEAKER_00
3610,288.8,288.88,SPEAKER_00
3611,288.88,288.96,SPEAKER_00
3612,288.96,289.03999999999996,SPEAKER_00
3613,289.04,289.12,SPEAKER_00
3614,289.12,289.2,SPEAKER_00
3615,289.2,289.28,SPEAKER_00
3616,289.28,289.35999999999996,SPEAKER_00
3617,289.36,289.44,SPEAKER_00
3618,289.44,289.52,SPEAKER_00
3619,289.52,289.59999999999997,SPEAKER_00
3620,289.6,289.68,SPEAKER_00
3621,289.68,289.76,SPEAKER_00
3622,289.76,289.84,SPEAKER_00
3623,289.84,289.91999999999996,SPEAKER_00
3624,289.92,290.0,SPEAKER_00
3625,290.0,290.08,SPEAKER_00
3626,290.08,290.15999999999997,SPEAKER_00
3627,290.16,290.24,SPEAKER_00
3628,290.24,290.32,SPEAKER_00
3629,290.32,290.4,SPEAKER_00
3630,290.4,290.47999999999996,SPEAKER_00
3631,290.48,290.56,SPEAKER_00
3632,290.56,290.64,SPEAKER_00
3633,290.64,290.71999999999997,SPEAKER_00
3634,290.72,290.8,SPEAKER_00
3635,290.8,290.88,SPEAKER_00
3636,290.88,290.96,SPEAKER_00
3637,290.96,291.03999999999996,SPEAKER_00
3638,291.04,291.12,SPEAKER_00
3639,291.12,291.2,SPEAKER_00
3640,291.2,291.28,SPEAKER_00
3641,291.28,291.35999999999996,SPEAKER_00
3642,291.36,291.44,SPEAKER_00
3643,291.44,291.52,SPEAKER_00
3644,291.52,291.59999999999997,SPEAKER_00
3645,291.6,291.68,SPEAKER_00
3646,291.68,291.76,SPEAKER_00
3647,291.76,291.84,SPEAKER_00
3648,291.84,291.91999999999996,SPEAKER_00
3649,291.92,292.0,SPEAKER_00
3650,292.0,292.08,SPEAKER_00
3651,292.08,292.15999999999997,SPEAKER_00
3652,292.16,292.24,SPEAKER_00
3653,292.24,292.32,SPEAKER_00
3654,292.32,292.4,SPEAKER_00
3655,292.4,292.47999999999996,SPEAKER_00
3656,292.48,292.56,SPEAKER_00
3657,292.56,292.64,SPEAKER_00
3658,292.64,292.71999999999997,SPEAKER_00
3659,292.72,292.8,SPEAKER_00
3660,292.8,292.88,SPEAKER_00
3661,292.88,292.96,SPEAKER_00
3662,292.96,293.03999999999996,SPEAKER_00
3663,293.04,293.12,SPEAKER_00
3664,293.12,293.2,SPEAKER_00
3665,293.2,293.28,SPEAKER_00
3666,293.28,293.35999999999996,SPEAKER_00
3667,293.36,293.44,SPEAKER_00
3668,293.44,293.52,SPEAKER_00
3669,293.52,293.59999999999997,SPEAKER_00
3670,293.6,293.68,SPEAKER_00
3671,293.68,293.76,SPEAKER_00
3672,293.76,293.84,SPEAKER_00
3673,293.84,293.91999999999996,SPEAKER_00
3674,293.92,294.0,SPEAKER_00
3675,294.0,294.08,SPEAKER_00
3676,294.08,294.15999999999997,SPEAKER_00
3677,294.16,294.24,SPEAKER_00
3678,294.24,294.32,SPEAKER_01
3679,294.32,294.4,SPEAKER_01
3680,294.4,294.47999999999996,SPEAKER_01
3681,294.48,294.56,SPEAKER_01
3682,294.56,294.64,SPEAKER_01
3683,294.64,294.71999999999997,SPEAKER_01
3684,294.72,294.8,SPEAKER_01
3685,294.8,294.88,SPEAKER_01
3686,294.88,294.96,SPEAKER_01
3687,294.96,295.03999999999996,SPEAKER_01
3688,295.04,295.12,SPEAKER_01
3689,295.12,295.2,SPEAKER_01
3690,295.2,295.28,SPEAKER_01
3691,295.28,295.35999999999996,SPEAKER_01
3692,295.36,295.44,SPEAKER_01
3693,295.44,295.52,SPEAKER_01
3694,295.52,295.59999999999997,SPEAKER_01
3695,295.6,295.68,SPEAKER_01
3696,295.68,295.76,SPEAKER_01
3697,295.76,295.84,SPEAKER_01
3698,295.84,295.91999999999996,SPEAKER_01
3699,295.92,296.0,SPEAKER_01
3700,296.0,296.08,SPEAKER_01
3701,296.08,296.15999999999997,SPEAKER_01
3702,296.16,296.24,SPEAKER_01
3703,296.24,296.32,SPEAKER_01
3704,296.32,296.4,SPEAKER_01
3705,296.4,296.47999999999996,SPEAKER_01
3706,296.48,296.56,SPEAKER_01
3707,296.56,296.64,SPEAKER_01
3708,296.64,296.71999999999997,SPEAKER_01
3709,296.72,296.8,SPEAKER_01
3710,296.8,296.88,SPEAKER_01
3711,296.88,296.96,SPEAKER_01
3712,296.96,297.03999999999996,SPEAKER_01
3713,297.04,297.12,SPEAKER_01
3714,297.12,297.2,SPEAKER_01
3715,297.2,297.28,SPEAKER_01
3716,297.28,297.35999999999996,SPEAKER_01
3717,297.36,297.44,SPEAKER_01
3718,297.44,297.52,SPEAKER_01
3719,297.52,297.59999999999997,SPEAKER_01
3720,297.6,297.68,SPEAKER_01
3721,297.68,297.76,SPEAKER_01
3722,297.76,297.84,SPEAKER_01
3723,297.84,297.91999999999996,SPEAKER_01
3724,297.92,298.0,SPEAKER_01
3725,298.0,298.08,SPEAKER_01
3726,298.08,298.15999999999997,SPEAKER_01
3727,298.16,298.24,SPEAKER_01
3728,298.24,298.32,SPEAKER_01
3729,298.32,298.4,SPEAKER_01
3730,298.4,298.47999999999996,SPEAKER_01
3731,298.48,298.56,SPEAKER_01
3732,298.56,298.64,SPEAKER_01
3733,298.64,298.71999999999997,SPEAKER_01
3734,298.72,298.8,SPEAKER_01
3735,298.8,298.88,SPEAKER_01
3736,298.88,298.96,SPEAKER_01
3737,298.96,299.03999999999996,SPEAKER_01
3738,299.04,299.12,SPEAKER_01
3739,299.12,299.2,SPEAKER_01
3740,299.2,299.28,SPEAKER_01
3741,299.28,299.35999999999996,SPEAKER_01
3742,299.36,299.44,SPEAKER_01
3743,299.44,299.52,SPEAKER_01
3744,299.52,299.59999999999997,SPEAKER_01
3745,299.6,299.68,SPEAKER_01
3746,299.68,299.76,SPEAKER_01
3747,299.76,299.84,SPEAKER_01
3748,299.84,299.91999999999996,SPEAKER_01
3749,299.92,300.0,SPEAKER_01
3750,300.0,300.08,SPEAKER_01
3751,300.08,300.15999999999997,SPEAKER_01
3752,300.16,300.24,SPEAKER_01
3753,300.24,300.32,SPEAKER_01
3754,300.32,300.4,SPEAKER_01
3755,300.4,300.47999999999996,SPEAKER_01
3756,300.48,300.56,SPEAKER_01
3757,300.56,300.64,SPEAKER_01
3758,300.64,300.71999999999997,SPEAKER_01
3759,300.72,300.8,SPEAKER_01
3760,300.8,300.88,SPEAKER_01
3761,300.88,300.96,SPEAKER_01
3762,300.96,301.03999999999996,SPEAKER_01
3763,301.04,301.12,SPEAKER_01
3764,301.12,301.2,SPEAKER_01
3765,301.2,301.28,SPEAKER_01
3766,301.28,301.35999999999996,SPEAKER_01
3767,301.36,301.44,SPEAKER_01
3768,301.44,301.52,SPEAKER_01
3769,301.52,301.59999999999997,SPEAKER_01
3770,301.6,301.68,SPEAKER_01
3771,301.68,301.76,SPEAKER_01
3772,301.76,301.84,SPEAKER_01
3773,301.84,301.91999999999996,SPEAKER_01
3774,301.92,302.0,SPEAKER_01
3775,302.0,302.08,SPEAKER_01
3776,302.08,302.15999999999997,SPEAKER_01
3777,302.16,302.24,SPEAKER_01
3778,302.24,302.32,SPEAKER_01
3779,302.32,302.4,SPEAKER_01
3780,302.4,302.47999999999996,SPEAKER_01
3781,302.48,302.56,SPEAKER_01
3782,302.56,302.64,SPEAKER_01
3783,302.64,302.71999999999997,SPEAKER_01
3784,302.72,302.8,SPEAKER_01
3785,302.8,302.88,SPEAKER_01
3786,302.88,302.96,SPEAKER_01
3787,302.96,303.03999999999996,SPEAKER_01
3788,303.04,303.12,SPEAKER_01
3789,303.12,303.2,SPEAKER_01
3790,303.2,303.28,SPEAKER_01
3791,303.28,303.35999999999996,SPEAKER_01
3792,303.36,303.44,SPEAKER_01
3793,303.44,303.52,SPEAKER_01
3794,303.52,303.59999999999997,SPEAKER_01
3795,303.6,303.68,SPEAKER_01
3796,303.68,303.76,SPEAKER_01
3797,303.76,303.84,SPEAKER_01
3798,303.84,303.91999999999996,SPEAKER_01
3799,303.92,304.0,SPEAKER_01
3800,304.0,304.08,SPEAKER_01
3801,304.08,304.15999999999997,SPEAKER_01
3802,304.16,304.24,SPEAKER_01
3803,304.24,304.32,SPEAKER_01
3804,304.32,304.4,SPEAKER_01
3805,304.4,304.47999999999996,SPEAKER_01
3806,304.48,304.56,SPEAKER_01
3807,304.56,304.64,SPEAKER_01
3808,304.64,304.71999999999997,SPEAKER_01
3809,304.72,304.8,SPEAKER_01
3810,304.8,304.88,SPEAKER_01
3811,304.88,304.96,SPEAKER_01
3812,304.96,305.03999999999996,SPEAKER_01
3813,305.04,305.12,SPEAKER_01
3814,305.12,305.2,SPEAKER_01
3815,305.2,305.28,SPEAKER_01
3816,305.28,305.35999999999996,SPEAKER_01
3817,305.36,305.44,SPEAKER_01
3818,305.44,305.52,SPEAKER_01
3819,305.52,305.59999999999997,SPEAKER_01
3820,305.6,305.68,SPEAKER_01
3821,305.68,305.76,SPEAKER_01
3822,305.76,305.84,SPEAKER_01
3823,305.84,305.91999999999996,SPEAKER_01
3824,305.92,306.0,SPEAKER_01
3825,306.0,306.08,SPEAKER_01
3826,306.08,306.15999999999997,SPEAKER_01
3827,306.16,306.24,SPEAKER_01
3828,306.24,306.32,SPEAKER_01
3829,306.32,306.4,SPEAKER_01
3830,306.4,306.47999999999996,SPEAKER_01
3831,306.48,306.56,SPEAKER_01
3832,306.56,306.64,SPEAKER_01
3833,306.64,306.71999999999997,SPEAKER_01
3834,306.72,306.8,SPEAKER_01
3835,306.8,306.88,SPEAKER_01
3836,306.88,306.96,SPEAKER_01
3837,306.96,307.03999999999996,SPEAKER_01
3838,307.04,307.12,SPEAKER_01
3839,307.12,307.2,SPEAKER_01
3840,307.2,307.28,SPEAKER_01
3841,307.28,307.35999999999996,SPEAKER_01
3842,307.36,307.44,SPEAKER_01
3843,307.44,307.52,SPEAKER_01
3844,307.52,307.59999999999997,SPEAKER_01
3845,307.6,307.68,SPEAKER_01
3846,307.68,307.76,SPEAKER_01
3847,307.76,307.84,SPEAKER_01
3848,307.84,307.91999999999996,SPEAKER_01
3849,307.92,308.0,SPEAKER_01
3850,308.0,308.08,SPEAKER_01
3851,308.08,308.15999999999997,SPEAKER_01
3852,308.16,308.24,SPEAKER_01
3853,308.24,308.32,SPEAKER_01
3854,308.32,308.4,SPEAKER_01
3855,308.4,308.47999999999996,SPEAKER_01
3856,308.48,308.56,SPEAKER_01
3857,308.56,308.64,SPEAKER_01
3858,308.64,308.71999999999997,SPEAKER_01
3859,308.72,308.8,SPEAKER_01
3860,308.8,308.88,SPEAKER_01
3861,308.88,308.96,SPEAKER_01
3862,308.96,309.03999999999996,SPEAKER_01
3863,309.04,309.12,SPEAKER_01
3864,309.12,309.2,SPEAKER_01
3865,309.2,309.28,SPEAKER_01
3866,309.28,309.35999999999996,SPEAKER_01
3867,309.36,309.44,SPEAKER_01
3868,309.44,309.52,SPEAKER_01
3869,309.52,309.59999999999997,SPEAKER_01
3870,309.6,309.68,SPEAKER_01
3871,309.68,309.76,SPEAKER_01
3872,309.76,309.84,SPEAKER_01
3873,309.84,309.91999999999996,SPEAKER_01
3874,309.92,310.0,SPEAKER_01
3875,310.0,310.08,SPEAKER_01
3876,310.08,310.15999999999997,SPEAKER_01
3877,310.16,310.24,SPEAKER_01
3878,310.24,310.32,SPEAKER_01
3879,310.32,310.4,SPEAKER_01
3880,310.4,310.47999999999996,SPEAKER_01
3881,310.48,310.56,SPEAKER_01
3882,310.56,310.64,SPEAKER_01
3883,310.64,310.71999999999997,SPEAKER_01
3884,310.72,310.8,SPEAKER_01
3885,310.8,310.88,SPEAKER_01
3886,310.88,310.96,SPEAKER_01
3887,310.96,311.03999999999996,SPEAKER_01
3888,311.04,311.12,SPEAKER_01
3889,311.12,311.2,SPEAKER_01
3890,311.2,311.28,SPEAKER_01
3891,311.28,311.35999999999996,SPEAKER_00
3892,311.36,311.44,SPEAKER_00
3893,311.44,311.52,SPEAKER_00
3894,311.52,311.59999999999997,SPEAKER_00
3895,311.6,311.68,SPEAKER_00
3896,311.68,311.76,SPEAKER_00
3897,311.76,311.84,SPEAKER_00
3898,311.84,311.91999999999996,SPEAKER_00
3899,311.92,312.0,SPEAKER_00
3900,312.0,312.08,SPEAKER_00
3901,312.08,312.15999999999997,SPEAKER_00
3902,312.16,312.24,SPEAKER_00
3903,312.24,312.32,SPEAKER_00
3904,312.32,312.4,SPEAKER_00
3905,312.4,312.47999999999996,SPEAKER_00
3906,312.48,312.56,SPEAKER_01
3907,312.56,312.64,SPEAKER_01
3908,312.64,312.71999999999997,SPEAKER_01
3909,312.72,312.8,SPEAKER_01
3910,312.8,312.88,SPEAKER_01
3911,312.88,312.96,SPEAKER_01
3912,312.96,313.03999999999996,SPEAKER_01
3913,313.04,313.12,SPEAKER_01
3914,313.12,313.2,SPEAKER_00
3915,313.2,313.28,SPEAKER_00
3916,313.28,313.35999999999996,SPEAKER_01
3917,313.36,313.44,SPEAKER_01
3918,313.44,313.52,SPEAKER_01
3919,313.52,313.59999999999997,SPEAKER_01
3920,313.6,313.68,SPEAKER_01
3921,313.68,313.76,SPEAKER_01
3922,313.76,313.84,SPEAKER_01
3923,313.84,313.91999999999996,SPEAKER_01
3924,313.92,314.0,SPEAKER_01
3925,314.0,314.08,SPEAKER_01
3926,314.08,314.15999999999997,SPEAKER_01
3927,314.16,314.24,SPEAKER_01
3928,314.24,314.32,SPEAKER_01
3929,314.32,314.4,SPEAKER_01
3930,314.4,314.47999999999996,SPEAKER_01
3931,314.48,314.56,SPEAKER_01
3932,314.56,314.64,SPEAKER_01
3933,314.64,314.71999999999997,SPEAKER_01
3934,314.72,314.8,SPEAKER_01
3935,314.8,314.88,SPEAKER_01
3936,314.88,314.96,SPEAKER_01
3937,314.96,315.03999999999996,SPEAKER_01
3938,315.04,315.12,SPEAKER_01
3939,315.12,315.2,SPEAKER_01
3940,315.2,315.28,SPEAKER_01
3941,315.28,315.35999999999996,SPEAKER_01
3942,315.36,315.44,SPEAKER_01
3943,315.44,315.52,SPEAKER_01
3944,315.52,315.59999999999997,SPEAKER_01
3945,315.6,315.68,SPEAKER_01
3946,315.68,315.76,SPEAKER_01
3947,315.76,315.84,SPEAKER_01
3948,315.84,315.91999999999996,SPEAKER_01
3949,315.92,316.0,SPEAKER_01
3950,316.0,316.08,SPEAKER_00
3951,316.08,316.15999999999997,SPEAKER_00
3952,316.16,316.24,SPEAKER_00
3953,316.24,316.32,SPEAKER_00
3954,316.32,316.4,SPEAKER_00
3955,316.4,316.47999999999996,SPEAKER_00
3956,316.48,316.56,SPEAKER_00
3957,316.56,316.64,SPEAKER_00
3958,316.64,316.71999999999997,SPEAKER_00
3959,316.72,316.8,SPEAKER_00
3960,316.8,316.88,SPEAKER_00
3961,316.88,316.96,SPEAKER_00
3962,316.96,317.03999999999996,SPEAKER_00
3963,317.04,317.12,SPEAKER_00
3964,317.12,317.2,SPEAKER_00
3965,317.2,317.28,SPEAKER_00
3966,317.28,317.35999999999996,SPEAKER_00
3967,317.36,317.44,SPEAKER_00
3968,317.44,317.52,SPEAKER_00
3969,317.52,317.59999999999997,SPEAKER_00
3970,317.6,317.68,SPEAKER_00
3971,317.68,317.76,SPEAKER_00
3972,317.76,317.84,SPEAKER_00
3973,317.84,317.91999999999996,SPEAKER_00
3974,317.92,318.0,SPEAKER_00
3975,318.0,318.08,SPEAKER_00
3976,318.08,318.15999999999997,SPEAKER_00
3977,318.16,318.24,SPEAKER_00
3978,318.24,318.32,SPEAKER_00
3979,318.32,318.4,SPEAKER_00
3980,318.4,318.47999999999996,SPEAKER_00
3981,318.48,318.56,SPEAKER_00
3982,318.56,318.64,SPEAKER_00
3983,318.64,318.71999999999997,SPEAKER_00
3984,318.72,318.8,SPEAKER_00
3985,318.8,318.88,SPEAKER_00
3986,318.88,318.96,SPEAKER_00
3987,318.96,319.03999999999996,SPEAKER_00
3988,319.04,319.12,SPEAKER_00
3989,319.12,319.2,SPEAKER_00
3990,319.2,319.28,SPEAKER_00
3991,319.28,319.35999999999996,SPEAKER_00
3992,319.36,319.44,SPEAKER_00
3993,319.44,319.52,SPEAKER_00
3994,319.52,319.59999999999997,SPEAKER_00
3995,319.6,319.68,SPEAKER_00
3996,319.68,319.76,SPEAKER_00
3997,319.76,319.84,SPEAKER_00
3998,319.84,319.91999999999996,SPEAKER_00
3999,319.92,320.0,SPEAKER_00
4000,320.0,320.08,SPEAKER_00
4001,320.08,320.15999999999997,SPEAKER_00
4002,320.16,320.24,SPEAKER_00
4003,320.24,320.32,SPEAKER_00
4004,320.32,320.4,SPEAKER_00
4005,320.4,320.47999999999996,SPEAKER_00
4006,320.48,320.56,SPEAKER_00
4007,320.56,320.64,SPEAKER_00
4008,320.64,320.71999999999997,SPEAKER_00
4009,320.72,320.8,SPEAKER_00
4010,320.8,320.88,SPEAKER_00
4011,320.88,320.96,SPEAKER_00
4012,320.96,321.03999999999996,SPEAKER_00
4013,321.04,321.12,SPEAKER_00
4014,321.12,321.2,SPEAKER_00
4015,321.2,321.28,SPEAKER_00
4016,321.28,321.35999999999996,SPEAKER_00
4017,321.36,321.44,SPEAKER_00
4018,321.44,321.52,SPEAKER_00
4019,321.52,321.59999999999997,SPEAKER_00
4020,321.6,321.68,SPEAKER_00
4021,321.68,321.76,SPEAKER_00
4022,321.76,321.84,SPEAKER_00
4023,321.84,321.91999999999996,SPEAKER_00
4024,321.92,322.0,SPEAKER_00
4025,322.0,322.08,SPEAKER_00
4026,322.08,322.15999999999997,SPEAKER_00
4027,322.16,322.24,SPEAKER_00
4028,322.24,322.32,SPEAKER_00
4029,322.32,322.4,SPEAKER_00
4030,322.4,322.47999999999996,SPEAKER_00
4031,322.48,322.56,SPEAKER_00
4032,322.56,322.64,SPEAKER_00
4033,322.64,322.71999999999997,SPEAKER_00
4034,322.72,322.8,SPEAKER_00
4035,322.8,322.88,SPEAKER_00
4036,322.88,322.96,SPEAKER_00
4037,322.96,323.03999999999996,SPEAKER_00
4038,323.04,323.12,SPEAKER_00
4039,323.12,323.2,SPEAKER_00
4040,323.2,323.28,SPEAKER_00
4041,323.28,323.35999999999996,SPEAKER_00
4042,323.36,323.44,SPEAKER_00
4043,323.44,323.52,SPEAKER_00
4044,323.52,323.59999999999997,SPEAKER_00
4045,323.6,323.68,SPEAKER_00
4046,323.68,323.76,SPEAKER_00
4047,323.76,323.84,SPEAKER_00
4048,323.84,323.91999999999996,SPEAKER_00
4049,323.92,324.0,SPEAKER_00
4050,324.0,324.08,SPEAKER_00
4051,324.08,324.15999999999997,SPEAKER_00
4052,324.16,324.24,SPEAKER_00
4053,324.24,324.32,SPEAKER_00
4054,324.32,324.4,SPEAKER_00
4055,324.4,324.47999999999996,SPEAKER_00
4056,324.48,324.56,SPEAKER_00
4057,324.56,324.64,SPEAKER_00
4058,324.64,324.71999999999997,SPEAKER_00
4059,324.72,324.8,SPEAKER_00
4060,324.8,324.88,SPEAKER_00
4061,324.88,324.96,SPEAKER_00
4062,324.96,325.03999999999996,SPEAKER_00
4063,325.04,325.12,SPEAKER_00
4064,325.12,325.2,SPEAKER_00
4065,325.2,325.28,SPEAKER_00
4066,325.28,325.35999999999996,SPEAKER_00
4067,325.36,325.44,SPEAKER_00
4068,325.44,325.52,SPEAKER_00
4069,325.52,325.59999999999997,SPEAKER_00
4070,325.6,325.68,SPEAKER_00
4071,325.68,325.76,SPEAKER_00
4072,325.76,325.84,SPEAKER_00
4073,325.84,325.91999999999996,SPEAKER_00
4074,325.92,326.0,SPEAKER_00
4075,326.0,326.08,SPEAKER_00
4076,326.08,326.15999999999997,SPEAKER_00
4077,326.16,326.24,SPEAKER_00
4078,326.24,326.32,SPEAKER_00
4079,326.32,326.4,SPEAKER_00
4080,326.4,326.47999999999996,SPEAKER_00
4081,326.48,326.56,SPEAKER_00
4082,326.56,326.64,SPEAKER_00
4083,326.64,326.71999999999997,SPEAKER_00
4084,326.72,326.8,SPEAKER_00
4085,326.8,326.88,SPEAKER_00
4086,326.88,326.96,SPEAKER_00
4087,326.96,327.03999999999996,SPEAKER_00
4088,327.04,327.12,SPEAKER_00
4089,327.12,327.2,SPEAKER_00
4090,327.2,327.28,SPEAKER_00
4091,327.28,327.35999999999996,SPEAKER_00
4092,327.36,327.44,SPEAKER_00
4093,327.44,327.52,SPEAKER_00
4094,327.52,327.59999999999997,SPEAKER_00
4095,327.6,327.68,SPEAKER_00
4096,327.68,327.76,SPEAKER_00
4097,327.76,327.84,SPEAKER_00
4098,327.84,327.91999999999996,SPEAKER_00
4099,327.92,328.0,SPEAKER_00
4100,328.0,328.08,SPEAKER_00
4101,328.08,328.15999999999997,SPEAKER_00
4102,328.16,328.24,SPEAKER_00
4103,328.24,328.32,SPEAKER_00
4104,328.32,328.4,SPEAKER_00
4105,328.4,328.47999999999996,SPEAKER_00
4106,328.48,328.56,SPEAKER_00
4107,328.56,328.64,SPEAKER_00
4108,328.64,328.71999999999997,SPEAKER_00
4109,328.72,328.8,SPEAKER_00
4110,328.8,328.88,SPEAKER_00
4111,328.88,328.96,SPEAKER_00
4112,328.96,329.03999999999996,SPEAKER_00
4113,329.04,329.12,SPEAKER_00
4114,329.12,329.2,SPEAKER_00
4115,329.2,329.28,SPEAKER_00
4116,329.28,329.35999999999996,SPEAKER_00
4117,329.36,329.44,SPEAKER_00
4118,329.44,329.52,SPEAKER_00
4119,329.52,329.59999999999997,SPEAKER_00
4120,329.6,329.68,SPEAKER_00
4121,329.68,329.76,SPEAKER_00
4122,329.76,329.84,SPEAKER_00
4123,329.84,329.91999999999996,SPEAKER_00
4124,329.92,330.0,SPEAKER_00
4125,330.0,330.08,SPEAKER_00
4126,330.08,330.15999999999997,SPEAKER_00
4127,330.16,330.24,SPEAKER_00
4128,330.24,330.32,SPEAKER_00
4129,330.32,330.4,SPEAKER_00
4130,330.4,330.47999999999996,SPEAKER_00
4131,330.48,330.56,SPEAKER_00
4132,330.56,330.64,SPEAKER_00
4133,330.64,330.71999999999997,SPEAKER_00
4134,330.72,330.8,SPEAKER_00
4135,330.8,330.88,SPEAKER_00
4136,330.88,330.96,SPEAKER_00
4137,330.96,331.03999999999996,SPEAKER_00
4138,331.04,331.12,SPEAKER_00
4139,331.12,331.2,SPEAKER_00
4140,331.2,331.28,SPEAKER_00
4141,331.28,331.35999999999996,SPEAKER_00
4142,331.36,331.44,SPEAKER_00
4143,331.44,331.52,SPEAKER_00
4144,331.52,331.59999999999997,SPEAKER_00
4145,331.6,331.68,SPEAKER_00
4146,331.68,331.76,SPEAKER_00
4147,331.76,331.84,SPEAKER_00
4148,331.84,331.91999999999996,SPEAKER_00
4149,331.92,332.0,SPEAKER_00
4150,332.0,332.08,SPEAKER_00
4151,332.08,332.15999999999997,SPEAKER_00
4152,332.16,332.24,SPEAKER_00
4153,332.24,332.32,SPEAKER_00
4154,332.32,332.4,SPEAKER_00
4155,332.4,332.47999999999996,SPEAKER_00
4156,332.48,332.56,SPEAKER_00
4157,332.56,332.64,SPEAKER_00
4158,332.64,332.71999999999997,SPEAKER_00
4159,332.72,332.8,SPEAKER_00
4160,332.8,332.88,SPEAKER_00
4161,332.88,332.96,SPEAKER_00
4162,332.96,333.03999999999996,SPEAKER_00
4163,333.04,333.12,SPEAKER_00
4164,333.12,333.2,SPEAKER_00
4165,333.2,333.28,SPEAKER_00
4166,333.28,333.35999999999996,SPEAKER_00
4167,333.36,333.44,SPEAKER_00
4168,333.44,333.52,SPEAKER_00
4169,333.52,333.59999999999997,SPEAKER_00
4170,333.6,333.68,SPEAKER_00
4171,333.68,333.76,SPEAKER_00
4172,333.76,333.84,SPEAKER_00
4173,333.84,333.91999999999996,SPEAKER_00
4174,333.92,334.0,SPEAKER_00
4175,334.0,334.08,SPEAKER_00
4176,334.08,334.15999999999997,SPEAKER_00
4177,334.16,334.24,SPEAKER_00
4178,334.24,334.32,SPEAKER_00
4179,334.32,334.4,SPEAKER_00
4180,334.4,334.47999999999996,SPEAKER_00
4181,334.48,334.56,SPEAKER_00
4182,334.56,334.64,SPEAKER_00
4183,334.64,334.71999999999997,SPEAKER_00
4184,334.72,334.8,SPEAKER_00
4185,334.8,334.88,SPEAKER_00
4186,334.88,334.96,SPEAKER_00
4187,334.96,335.03999999999996,SPEAKER_00
4188,335.04,335.12,SPEAKER_00
4189,335.12,335.2,SPEAKER_00
4190,335.2,335.28,SPEAKER_00
4191,335.28,335.35999999999996,SPEAKER_00
4192,335.36,335.44,SPEAKER_00
4193,335.44,335.52,SPEAKER_00
4194,335.52,335.59999999999997,SPEAKER_00
4195,335.6,335.68,SPEAKER_00
4196,335.68,335.76,SPEAKER_00
4197,335.76,335.84,SPEAKER_00
4198,335.84,335.91999999999996,SPEAKER_00
4199,335.92,336.0,SPEAKER_00
4200,336.0,336.08,SPEAKER_00
4201,336.08,336.15999999999997,SPEAKER_00
4202,336.16,336.24,SPEAKER_00
4203,336.24,336.32,SPEAKER_00
4204,336.32,336.4,SPEAKER_00
4205,336.4,336.47999999999996,SPEAKER_00
4206,336.48,336.56,SPEAKER_00
4207,336.56,336.64,SPEAKER_00
4208,336.64,336.71999999999997,SPEAKER_00
4209,336.72,336.8,SPEAKER_00
4210,336.8,336.88,SPEAKER_00
4211,336.88,336.96,SPEAKER_00
4212,336.96,337.03999999999996,SPEAKER_00
4213,337.04,337.12,SPEAKER_00
4214,337.12,337.2,SPEAKER_00
4215,337.2,337.28,SPEAKER_00
4216,337.28,337.35999999999996,SPEAKER_00
4217,337.36,337.44,SPEAKER_00
4218,337.44,337.52,SPEAKER_00
4219,337.52,337.59999999999997,SPEAKER_00
4220,337.6,337.68,SPEAKER_00
4221,337.68,337.76,SPEAKER_00
4222,337.76,337.84,SPEAKER_00
4223,337.84,337.91999999999996,SPEAKER_00
4224,337.92,338.0,SPEAKER_00
4225,338.0,338.08,SPEAKER_00
4226,338.08,338.15999999999997,SPEAKER_00
4227,338.16,338.24,SPEAKER_00
4228,338.24,338.32,SPEAKER_00
4229,338.32,338.4,SPEAKER_00
4230,338.4,338.47999999999996,SPEAKER_00
4231,338.48,338.56,SPEAKER_00
4232,338.56,338.64,SPEAKER_00
4233,338.64,338.71999999999997,SPEAKER_00
4234,338.72,338.8,SPEAKER_00
4235,338.8,338.88,SPEAKER_00
4236,338.88,338.96,SPEAKER_00
4237,338.96,339.03999999999996,SPEAKER_00
4238,339.04,339.12,SPEAKER_00
4239,339.12,339.2,SPEAKER_00
4240,339.2,339.28,SPEAKER_00
4241,339.28,339.35999999999996,SPEAKER_00
4242,339.36,339.44,SPEAKER_00
4243,339.44,339.52,SPEAKER_00
4244,339.52,339.59999999999997,SPEAKER_00
4245,339.6,339.68,SPEAKER_00
4246,339.68,339.76,SPEAKER_00
4247,339.76,339.84,SPEAKER_00
4248,339.84,339.91999999999996,SPEAKER_00
4249,339.92,340.0,SPEAKER_00
4250,340.0,340.08,SPEAKER_00
4251,340.08,340.15999999999997,SPEAKER_00
4252,340.16,340.24,SPEAKER_00
4253,340.24,340.32,SPEAKER_00
4254,340.32,340.4,SPEAKER_00
4255,340.4,340.47999999999996,SPEAKER_00
4256,340.48,340.56,SPEAKER_00
4257,340.56,340.64,SPEAKER_00
4258,340.64,340.71999999999997,SPEAKER_00
4259,340.72,340.8,SPEAKER_00
4260,340.8,340.88,SPEAKER_00
4261,340.88,340.96,SPEAKER_00
4262,340.96,341.03999999999996,SPEAKER_00
4263,341.04,341.12,SPEAKER_00
4264,341.12,341.2,SPEAKER_00
4265,341.2,341.28,SPEAKER_00
4266,341.28,341.35999999999996,SPEAKER_00
4267,341.36,341.44,SPEAKER_00
4268,341.44,341.52,SPEAKER_00
4269,341.52,341.59999999999997,SPEAKER_00
4270,341.6,341.68,SPEAKER_00
4271,341.68,341.76,SPEAKER_00
4272,341.76,341.84,SPEAKER_00
4273,341.84,341.91999999999996,SPEAKER_00
4274,341.92,342.0,SPEAKER_00
4275,342.0,342.08,SPEAKER_00
4276,342.08,342.15999999999997,SPEAKER_00
4277,342.16,342.24,SPEAKER_00
4278,342.24,342.32,SPEAKER_00
4279,342.32,342.4,SPEAKER_00
4280,342.4,342.47999999999996,SPEAKER_00
4281,342.48,342.56,SPEAKER_00
4282,342.56,342.64,SPEAKER_00
4283,342.64,342.71999999999997,SPEAKER_00
4284,342.72,342.8,SPEAKER_00
4285,342.8,342.88,SPEAKER_00
4286,342.88,342.96,SPEAKER_00
4287,342.96,343.03999999999996,SPEAKER_00
4288,343.04,343.12,SPEAKER_00
4289,343.12,343.2,SPEAKER_00
4290,343.2,343.28,SPEAKER_00
4291,343.28,343.35999999999996,SPEAKER_00
4292,343.36,343.44,SPEAKER_00
4293,343.44,343.52,SPEAKER_00
4294,343.52,343.59999999999997,SPEAKER_00
4295,343.6,343.68,SPEAKER_00
4296,343.68,343.76,SPEAKER_00
4297,343.76,343.84,SPEAKER_00
4298,343.84,343.91999999999996,SPEAKER_00
4299,343.92,344.0,SPEAKER_00
4300,344.0,344.08,SPEAKER_00
4301,344.08,344.15999999999997,SPEAKER_00
4302,344.16,344.24,SPEAKER_00
4303,344.24,344.32,SPEAKER_00
4304,344.32,344.4,SPEAKER_00
4305,344.4,344.47999999999996,SPEAKER_00
4306,344.48,344.56,SPEAKER_00
4307,344.56,344.64,SPEAKER_00
4308,344.64,344.71999999999997,SPEAKER_00
4309,344.72,344.8,SPEAKER_00
4310,344.8,344.88,SPEAKER_00
4311,344.88,344.96,SPEAKER_00
4312,344.96,345.03999999999996,SPEAKER_00
4313,345.04,345.12,SPEAKER_00
4314,345.12,345.2,SPEAKER_00
4315,345.2,345.28,SPEAKER_00
4316,345.28,345.35999999999996,SPEAKER_00
4317,345.36,345.44,SPEAKER_00
4318,345.44,345.52,SPEAKER_00
4319,345.52,345.59999999999997,SPEAKER_00
4320,345.6,345.68,SPEAKER_00
4321,345.68,345.76,SPEAKER_00
4322,345.76,345.84,SPEAKER_00
4323,345.84,345.91999999999996,SPEAKER_00
4324,345.92,346.0,SPEAKER_00
4325,346.0,346.08,SPEAKER_00
4326,346.08,346.15999999999997,SPEAKER_00
4327,346.16,346.24,SPEAKER_00
4328,346.24,346.32,SPEAKER_00
4329,346.32,346.4,SPEAKER_00
4330,346.4,346.47999999999996,SPEAKER_00
4331,346.48,346.56,SPEAKER_00
4332,346.56,346.64,SPEAKER_00
4333,346.64,346.71999999999997,SPEAKER_00
4334,346.72,346.8,SPEAKER_00
4335,346.8,346.88,SPEAKER_00
4336,346.88,346.96,SPEAKER_00
4337,346.96,347.03999999999996,SPEAKER_00
4338,347.04,347.12,SPEAKER_00
4339,347.12,347.2,SPEAKER_00
4340,347.2,347.28,SPEAKER_00
4341,347.28,347.35999999999996,SPEAKER_00
4342,347.36,347.44,SPEAKER_00
4343,347.44,347.52,SPEAKER_00
4344,347.52,347.59999999999997,SPEAKER_00
4345,347.6,347.68,SPEAKER_00
4346,347.68,347.76,SPEAKER_00
4347,347.76,347.84,SPEAKER_00
4348,347.84,347.91999999999996,SPEAKER_00
4349,347.92,348.0,SPEAKER_00
4350,348.0,348.08,SPEAKER_00
4351,348.08,348.15999999999997,SPEAKER_00
4352,348.16,348.24,SPEAKER_00
4353,348.24,348.32,SPEAKER_00
4354,348.32,348.4,SPEAKER_00
4355,348.4,348.47999999999996,SPEAKER_00
4356,348.48,348.56,SPEAKER_00
4357,348.56,348.64,SPEAKER_00
4358,348.64,348.71999999999997,SPEAKER_00
4359,348.72,348.8,SPEAKER_00
4360,348.8,348.88,SPEAKER_00
4361,348.88,348.96,SPEAKER_00
4362,348.96,349.03999999999996,SPEAKER_00
4363,349.04,349.12,SPEAKER_00
4364,349.12,349.2,SPEAKER_00
4365,349.2,349.28,SPEAKER_00
4366,349.28,349.35999999999996,SPEAKER_00
4367,349.36,349.44,SPEAKER_00
4368,349.44,349.52,SPEAKER_00
4369,349.52,349.59999999999997,SPEAKER_00
4370,349.6,349.68,SPEAKER_00
4371,349.68,349.76,SPEAKER_00
4372,349.76,349.84,SPEAKER_00
4373,349.84,349.91999999999996,SPEAKER_00
4374,349.92,350.0,SPEAKER_00
4375,350.0,350.08,SPEAKER_00
4376,350.08,350.15999999999997,SPEAKER_00
4377,350.16,350.24,SPEAKER_00
4378,350.24,350.32,SPEAKER_00
4379,350.32,350.4,SPEAKER_00
4380,350.4,350.47999999999996,SPEAKER_00
4381,350.48,350.56,SPEAKER_00
4382,350.56,350.64,SPEAKER_00
4383,350.64,350.71999999999997,SPEAKER_00
4384,350.72,350.8,SPEAKER_00
4385,350.8,350.88,SPEAKER_00
4386,350.88,350.96,SPEAKER_00
4387,350.96,351.03999999999996,SPEAKER_00
4388,351.04,351.12,SPEAKER_00
4389,351.12,351.2,SPEAKER_00
4390,351.2,351.28,SPEAKER_00
4391,351.28,351.35999999999996,SPEAKER_00
4392,351.36,351.44,SPEAKER_00
4393,351.44,351.52,SPEAKER_00
4394,351.52,351.59999999999997,SPEAKER_00
4395,351.6,351.68,SPEAKER_00
4396,351.68,351.76,SPEAKER_00
4397,351.76,351.84,SPEAKER_00
4398,351.84,351.91999999999996,SPEAKER_00
4399,351.92,352.0,SPEAKER_00
4400,352.0,352.08,SPEAKER_00
4401,352.08,352.15999999999997,SPEAKER_00
4402,352.16,352.24,SPEAKER_00
4403,352.24,352.32,SPEAKER_00
4404,352.32,352.4,SPEAKER_00
4405,352.4,352.47999999999996,SPEAKER_00
4406,352.48,352.56,SPEAKER_00
4407,352.56,352.64,SPEAKER_00
4408,352.64,352.71999999999997,SPEAKER_00
4409,352.72,352.8,SPEAKER_00
4410,352.8,352.88,SPEAKER_00
4411,352.88,352.96,SPEAKER_00
4412,352.96,353.03999999999996,SPEAKER_00
4413,353.04,353.12,SPEAKER_00
4414,353.12,353.2,SPEAKER_00
4415,353.2,353.28,SPEAKER_00
4416,353.28,353.35999999999996,SPEAKER_00
4417,353.36,353.44,SPEAKER_00
4418,353.44,353.52,SPEAKER_00
4419,353.52,353.59999999999997,SPEAKER_00
4420,353.6,353.68,SPEAKER_00
4421,353.68,353.76,SPEAKER_00
4422,353.76,353.84,SPEAKER_00
4423,353.84,353.91999999999996,SPEAKER_00
4424,353.92,354.0,SPEAKER_00
4425,354.0,354.08,SPEAKER_00
4426,354.08,354.15999999999997,SPEAKER_00
4427,354.16,354.24,SPEAKER_00
4428,354.24,354.32,SPEAKER_00
4429,354.32,354.4,SPEAKER_00
4430,354.4,354.47999999999996,SPEAKER_00
4431,354.48,354.56,SPEAKER_00
4432,354.56,354.64,SPEAKER_00
4433,354.64,354.71999999999997,SPEAKER_00
4434,354.72,354.8,SPEAKER_00
4435,354.8,354.88,SPEAKER_00
4436,354.88,354.96,SPEAKER_00
4437,354.96,355.03999999999996,SPEAKER_00
4438,355.04,355.12,SPEAKER_00
4439,355.12,355.2,SPEAKER_00
4440,355.2,355.28,SPEAKER_00
4441,355.28,355.35999999999996,SPEAKER_00
4442,355.36,355.44,SPEAKER_00
4443,355.44,355.52,SPEAKER_00
4444,355.52,355.59999999999997,SPEAKER_00
4445,355.6,355.68,SPEAKER_00
4446,355.68,355.76,SPEAKER_00
4447,355.76,355.84,SPEAKER_00
4448,355.84,355.91999999999996,SPEAKER_00
4449,355.92,356.0,SPEAKER_00
4450,356.0,356.08,SPEAKER_00
4451,356.08,356.15999999999997,SPEAKER_00
4452,356.16,356.24,SPEAKER_00
4453,356.24,356.32,SPEAKER_00
4454,356.32,356.4,SPEAKER_00
4455,356.4,356.47999999999996,SPEAKER_00
4456,356.48,356.56,SPEAKER_00
4457,356.56,356.64,SPEAKER_00
4458,356.64,356.71999999999997,SPEAKER_00
4459,356.72,356.8,SPEAKER_00
4460,356.8,356.88,SPEAKER_00
4461,356.88,356.96,SPEAKER_00
4462,356.96,357.03999999999996,SPEAKER_00
4463,357.04,357.12,SPEAKER_00
4464,357.12,357.2,SPEAKER_00
4465,357.2,357.28,SPEAKER_00
4466,357.28,357.35999999999996,SPEAKER_00
4467,357.36,357.44,SPEAKER_00
4468,357.44,357.52,SPEAKER_00
4469,357.52,357.59999999999997,SPEAKER_00
4470,357.6,357.68,SPEAKER_00
4471,357.68,357.76,SPEAKER_00
4472,357.76,357.84,SPEAKER_00
4473,357.84,357.91999999999996,SPEAKER_00
4474,357.92,358.0,SPEAKER_00
4475,358.0,358.08,SPEAKER_00
4476,358.08,358.15999999999997,SPEAKER_00
4477,358.16,358.24,SPEAKER_00
4478,358.24,358.32,SPEAKER_00
4479,358.32,358.4,SPEAKER_00
4480,358.4,358.47999999999996,SPEAKER_00
4481,358.48,358.56,SPEAKER_00
4482,358.56,358.64,SPEAKER_00
4483,358.64,358.71999999999997,SPEAKER_00
4484,358.72,358.8,SPEAKER_00
4485,358.8,358.88,SPEAKER_00
4486,358.88,358.96,SPEAKER_00
4487,358.96,359.03999999999996,SPEAKER_00
4488,359.04,359.12,SPEAKER_00
4489,359.12,359.2,SPEAKER_00
4490,359.2,359.28,SPEAKER_00
4491,359.28,359.35999999999996,SPEAKER_00
4492,359.36,359.44,SPEAKER_00
4493,359.44,359.52,SPEAKER_00
4494,359.52,359.59999999999997,SPEAKER_00
4495,359.6,359.68,SPEAKER_00
4496,359.68,359.76,SPEAKER_00
4497,359.76,359.84,SPEAKER_00
4498,359.84,359.91999999999996,SPEAKER_00
4499,359.92,360.0,SPEAKER_00
4500,360.0,360.08,SPEAKER_00
4501,360.08,360.15999999999997,SPEAKER_00
4502,360.16,360.24,SPEAKER_00
4503,360.24,360.32,SPEAKER_00
4504,360.32,360.4,SPEAKER_00
4505,360.4,360.47999999999996,SPEAKER_00
4506,360.48,360.56,SPEAKER_00
4507,360.56,360.64,SPEAKER_00
4508,360.64,360.71999999999997,SPEAKER_00
4509,360.72,360.8,SPEAKER_00
4510,360.8,360.88,SPEAKER_00
4511,360.88,360.96,SPEAKER_00
4512,360.96,361.03999999999996,SPEAKER_00
4513,361.04,361.12,SPEAKER_00
4514,361.12,361.2,SPEAKER_00
4515,361.2,361.28,SPEAKER_00
4516,361.28,361.35999999999996,SPEAKER_00
4517,361.36,361.44,SPEAKER_00
4518,361.44,361.52,SPEAKER_00
4519,361.52,361.59999999999997,SPEAKER_00
4520,361.6,361.68,SPEAKER_00
4521,361.68,361.76,SPEAKER_00
4522,361.76,361.84,SPEAKER_00
4523,361.84,361.91999999999996,SPEAKER_00
4524,361.92,362.0,SPEAKER_00
4525,362.0,362.08,SPEAKER_00
4526,362.08,362.15999999999997,SPEAKER_00
4527,362.16,362.24,SPEAKER_00
4528,362.24,362.32,SPEAKER_00
4529,362.32,362.4,SPEAKER_00
4530,362.4,362.47999999999996,SPEAKER_00
4531,362.48,362.56,SPEAKER_00
4532,362.56,362.64,SPEAKER_00
4533,362.64,362.71999999999997,SPEAKER_00
4534,362.72,362.8,SPEAKER_00
4535,362.8,362.88,SPEAKER_00
4536,362.88,362.96,SPEAKER_00
4537,362.96,363.03999999999996,SPEAKER_00
4538,363.04,363.12,SPEAKER_00
4539,363.12,363.2,SPEAKER_00
4540,363.2,363.28,SPEAKER_00
4541,363.28,363.35999999999996,SPEAKER_00
4542,363.36,363.44,SPEAKER_00
4543,363.44,363.52,SPEAKER_00
4544,363.52,363.59999999999997,SPEAKER_00
4545,363.6,363.68,SPEAKER_00
4546,363.68,363.76,SPEAKER_00
4547,363.76,363.84,SPEAKER_00
4548,363.84,363.91999999999996,SPEAKER_00
4549,363.92,364.0,SPEAKER_00
4550,364.0,364.08,SPEAKER_00
4551,364.08,364.15999999999997,SPEAKER_00
4552,364.16,364.24,SPEAKER_00
4553,364.24,364.32,SPEAKER_00
4554,364.32,364.4,SPEAKER_00
4555,364.4,364.47999999999996,SPEAKER_00
4556,364.48,364.56,SPEAKER_00
4557,364.56,364.64,SPEAKER_00
4558,364.64,364.71999999999997,SPEAKER_00
4559,364.72,364.8,SPEAKER_00
4560,364.8,364.88,SPEAKER_00
4561,364.88,364.96,SPEAKER_00
4562,364.96,365.03999999999996,SPEAKER_00
4563,365.04,365.12,SPEAKER_00
4564,365.12,365.2,SPEAKER_00
4565,365.2,365.28,SPEAKER_00
4566,365.28,365.35999999999996,SPEAKER_00
4567,365.36,365.44,SPEAKER_00
4568,365.44,365.52,SPEAKER_00
4569,365.52,365.59999999999997,SPEAKER_00
4570,365.6,365.68,SPEAKER_00
4571,365.68,365.76,SPEAKER_00
4572,365.76,365.84,SPEAKER_00
4573,365.84,365.91999999999996,SPEAKER_00
4574,365.92,366.0,SPEAKER_00
4575,366.0,366.08,SPEAKER_00
4576,366.08,366.15999999999997,SPEAKER_00
4577,366.16,366.24,SPEAKER_00
4578,366.24,366.32,SPEAKER_00
4579,366.32,366.4,SPEAKER_00
4580,366.4,366.47999999999996,SPEAKER_00
4581,366.48,366.56,SPEAKER_00
4582,366.56,366.64,SPEAKER_00
4583,366.64,366.71999999999997,SPEAKER_00
4584,366.72,366.8,SPEAKER_00
4585,366.8,366.88,SPEAKER_00
4586,366.88,366.96,SPEAKER_00
4587,366.96,367.03999999999996,SPEAKER_00
4588,367.04,367.12,SPEAKER_00
4589,367.12,367.2,SPEAKER_00
4590,367.2,367.28,SPEAKER_00
4591,367.28,367.35999999999996,SPEAKER_00
4592,367.36,367.44,SPEAKER_00
4593,367.44,367.52,SPEAKER_00
4594,367.52,367.59999999999997,SPEAKER_00
4595,367.6,367.68,SPEAKER_00
4596,367.68,367.76,SPEAKER_00
4597,367.76,367.84,SPEAKER_00
4598,367.84,367.91999999999996,SPEAKER_00
4599,367.92,368.0,SPEAKER_00
4600,368.0,368.08,SPEAKER_00
4601,368.08,368.15999999999997,SPEAKER_00
4602,368.16,368.24,SPEAKER_00
4603,368.24,368.32,SPEAKER_00
4604,368.32,368.4,SPEAKER_00
4605,368.4,368.47999999999996,SPEAKER_00
4606,368.48,368.56,SPEAKER_00
4607,368.56,368.64,SPEAKER_00
4608,368.64,368.71999999999997,SPEAKER_00
4609,368.72,368.8,SPEAKER_00
4610,368.8,368.88,SPEAKER_00
4611,368.88,368.96,SPEAKER_00
4612,368.96,369.03999999999996,SPEAKER_00
4613,369.04,369.12,SPEAKER_00
4614,369.12,369.2,SPEAKER_00
4615,369.2,369.28,SPEAKER_00
4616,369.28,369.35999999999996,SPEAKER_00
4617,369.36,369.44,SPEAKER_00
4618,369.44,369.52,SPEAKER_00
4619,369.52,369.59999999999997,SPEAKER_00
4620,369.6,369.68,SPEAKER_00
4621,369.68,369.76,SPEAKER_00
4622,369.76,369.84,SPEAKER_00
4623,369.84,369.91999999999996,SPEAKER_00
4624,369.92,370.0,SPEAKER_00
4625,370.0,370.08,SPEAKER_00
4626,370.08,370.15999999999997,SPEAKER_00
4627,370.16,370.24,SPEAKER_00
4628,370.24,370.32,SPEAKER_00
4629,370.32,370.4,SPEAKER_00
4630,370.4,370.47999999999996,SPEAKER_00
4631,370.48,370.56,SPEAKER_00
4632,370.56,370.64,SPEAKER_00
4633,370.64,370.71999999999997,SPEAKER_00
4634,370.72,370.8,SPEAKER_00
4635,370.8,370.88,SPEAKER_00
4636,370.88,370.96,SPEAKER_00
4637,370.96,371.03999999999996,SPEAKER_00
4638,371.04,371.12,SPEAKER_00
4639,371.12,371.2,SPEAKER_00
4640,371.2,371.28,SPEAKER_00
4641,371.28,371.35999999999996,SPEAKER_00
4642,371.36,371.44,SPEAKER_00
4643,371.44,371.52,SPEAKER_00
4644,371.52,371.59999999999997,SPEAKER_00
4645,371.6,371.68,SPEAKER_00
4646,371.68,371.76,SPEAKER_00
4647,371.76,371.84,SPEAKER_00
4648,371.84,371.91999999999996,SPEAKER_00
4649,371.92,372.0,SPEAKER_00
4650,372.0,372.08,SPEAKER_00
4651,372.08,372.15999999999997,SPEAKER_00
4652,372.16,372.24,SPEAKER_00
4653,372.24,372.32,SPEAKER_00
4654,372.32,372.4,SPEAKER_00
4655,372.4,372.47999999999996,SPEAKER_00
4656,372.48,372.56,SPEAKER_00
4657,372.56,372.64,SPEAKER_00
4658,372.64,372.71999999999997,SPEAKER_00
4659,372.72,372.8,SPEAKER_00
4660,372.8,372.88,SPEAKER_00
4661,372.88,372.96,SPEAKER_00
4662,372.96,373.03999999999996,SPEAKER_00
4663,373.04,373.12,SPEAKER_00
4664,373.12,373.2,SPEAKER_00
4665,373.2,373.28,SPEAKER_00
4666,373.28,373.35999999999996,SPEAKER_00
4667,373.36,373.44,SPEAKER_00
4668,373.44,373.52,SPEAKER_00
4669,373.52,373.59999999999997,SPEAKER_00
4670,373.6,373.68,SPEAKER_00
4671,373.68,373.76,SPEAKER_00
4672,373.76,373.84,SPEAKER_00
4673,373.84,373.91999999999996,SPEAKER_00
4674,373.92,374.0,SPEAKER_00
4675,374.0,374.08,SPEAKER_00
4676,374.08,374.15999999999997,SPEAKER_00
4677,374.16,374.24,SPEAKER_00
4678,374.24,374.32,SPEAKER_00
4679,374.32,374.4,SPEAKER_00
4680,374.4,374.47999999999996,SPEAKER_00
4681,374.48,374.56,SPEAKER_00
4682,374.56,374.64,SPEAKER_00
4683,374.64,374.71999999999997,SPEAKER_00
4684,374.72,374.8,SPEAKER_00
4685,374.8,374.88,SPEAKER_00
4686,374.88,374.96,SPEAKER_00
4687,374.96,375.03999999999996,SPEAKER_00
4688,375.04,375.12,SPEAKER_00
4689,375.12,375.2,SPEAKER_00
4690,375.2,375.28,SPEAKER_00
4691,375.28,375.35999999999996,SPEAKER_00
4692,375.36,375.44,SPEAKER_00
4693,375.44,375.52,SPEAKER_00
4694,375.52,375.59999999999997,SPEAKER_00
4695,375.6,375.68,SPEAKER_00
4696,375.68,375.76,SPEAKER_00
4697,375.76,375.84,SPEAKER_00
4698,375.84,375.91999999999996,SPEAKER_00
4699,375.92,376.0,SPEAKER_00
4700,376.0,376.08,SPEAKER_00
4701,376.08,376.15999999999997,SPEAKER_00
4702,376.16,376.24,SPEAKER_00
4703,376.24,376.32,SPEAKER_00
4704,376.32,376.4,SPEAKER_00
4705,376.4,376.47999999999996,SPEAKER_00
4706,376.48,376.56,SPEAKER_00
4707,376.56,376.64,SPEAKER_00
4708,376.64,376.71999999999997,SPEAKER_00
4709,376.72,376.8,SPEAKER_00
4710,376.8,376.88,SPEAKER_00
4711,376.88,376.96,SPEAKER_00
4712,376.96,377.03999999999996,SPEAKER_00
4713,377.04,377.12,SPEAKER_00
4714,377.12,377.2,SPEAKER_00
4715,377.2,377.28,SPEAKER_00
4716,377.28,377.35999999999996,SPEAKER_00
4717,377.36,377.44,SPEAKER_00
4718,377.44,377.52,SPEAKER_00
4719,377.52,377.59999999999997,SPEAKER_00
4720,377.6,377.68,SPEAKER_00
4721,377.68,377.76,SPEAKER_00
4722,377.76,377.84,SPEAKER_00
4723,377.84,377.91999999999996,SPEAKER_00
4724,377.92,378.0,SPEAKER_00
4725,378.0,378.08,SPEAKER_00
4726,378.08,378.15999999999997,SPEAKER_00
4727,378.16,378.24,SPEAKER_00
4728,378.24,378.32,SPEAKER_00
4729,378.32,378.4,SPEAKER_00
4730,378.4,378.47999999999996,SPEAKER_00
4731,378.48,378.56,SPEAKER_00
4732,378.56,378.64,SPEAKER_00
4733,378.64,378.71999999999997,SPEAKER_00
4734,378.72,378.8,SPEAKER_00
4735,378.8,378.88,SPEAKER_00
4736,378.88,378.96,SPEAKER_00
4737,378.96,379.03999999999996,SPEAKER_00
4738,379.04,379.12,SPEAKER_00
4739,379.12,379.2,SPEAKER_00
4740,379.2,379.28,SPEAKER_00
4741,379.28,379.35999999999996,SPEAKER_00
4742,379.36,379.44,SPEAKER_00
4743,379.44,379.52,SPEAKER_00
4744,379.52,379.59999999999997,SPEAKER_00
4745,379.6,379.68,SPEAKER_00
4746,379.68,379.76,SPEAKER_00
4747,379.76,379.84,SPEAKER_00
4748,379.84,379.91999999999996,SPEAKER_00
4749,379.92,380.0,SPEAKER_00
4750,380.0,380.08,SPEAKER_00
4751,380.08,380.15999999999997,SPEAKER_00
4752,380.16,380.24,SPEAKER_00
4753,380.24,380.32,SPEAKER_00
4754,380.32,380.4,SPEAKER_00
4755,380.4,380.47999999999996,SPEAKER_00
4756,380.48,380.56,SPEAKER_00
4757,380.56,380.64,SPEAKER_00
4758,380.64,380.71999999999997,SPEAKER_00
4759,380.72,380.8,SPEAKER_00
4760,380.8,380.88,SPEAKER_00
4761,380.88,380.96,SPEAKER_00
4762,380.96,381.03999999999996,SPEAKER_00
4763,381.04,381.12,SPEAKER_00
4764,381.12,381.2,SPEAKER_00
4765,381.2,381.28,SPEAKER_00
4766,381.28,381.35999999999996,SPEAKER_00
4767,381.36,381.44,SPEAKER_00
4768,381.44,381.52,SPEAKER_00
4769,381.52,381.59999999999997,SPEAKER_00
4770,381.6,381.68,SPEAKER_00
4771,381.68,381.76,SPEAKER_00
4772,381.76,381.84,SPEAKER_00
4773,381.84,381.91999999999996,SPEAKER_00
4774,381.92,382.0,SPEAKER_00
4775,382.0,382.08,SPEAKER_00
4776,382.08,382.15999999999997,SPEAKER_00
4777,382.16,382.24,SPEAKER_00
4778,382.24,382.32,SPEAKER_00
4779,382.32,382.4,SPEAKER_00
4780,382.4,382.47999999999996,SPEAKER_00
4781,382.48,382.56,SPEAKER_00
4782,382.56,382.64,SPEAKER_00
4783,382.64,382.71999999999997,SPEAKER_00
4784,382.72,382.8,SPEAKER_00
4785,382.8,382.88,SPEAKER_00
4786,382.88,382.96,SPEAKER_00
4787,382.96,383.03999999999996,SPEAKER_00
4788,383.04,383.12,SPEAKER_00
4789,383.12,383.2,SPEAKER_00
4790,383.2,383.28,SPEAKER_00
4791,383.28,383.35999999999996,SPEAKER_00
4792,383.36,383.44,SPEAKER_00
4793,383.44,383.52,SPEAKER_00
4794,383.52,383.59999999999997,SPEAKER_00
4795,383.6,383.68,SPEAKER_00
4796,383.68,383.76,SPEAKER_00
4797,383.76,383.84,SPEAKER_00
4798,383.84,383.91999999999996,SPEAKER_00
4799,383.92,384.0,SPEAKER_00
4800,384.0,384.08,SPEAKER_00
4801,384.08,384.15999999999997,SPEAKER_00
4802,384.16,384.24,SPEAKER_00
4803,384.24,384.32,SPEAKER_00
4804,384.32,384.4,SPEAKER_00
4805,384.4,384.47999999999996,SPEAKER_00
4806,384.48,384.56,SPEAKER_00
4807,384.56,384.64,SPEAKER_00
4808,384.64,384.71999999999997,SPEAKER_00
4809,384.72,384.8,SPEAKER_00
4810,384.8,384.88,SPEAKER_00
4811,384.88,384.96,SPEAKER_00
4812,384.96,385.03999999999996,SPEAKER_00
4813,385.04,385.12,SPEAKER_00
4814,385.12,385.2,SPEAKER_00
4815,385.2,385.28,SPEAKER_00
4816,385.28,385.35999999999996,SPEAKER_00
4817,385.36,385.44,SPEAKER_00
4818,385.44,385.52,SPEAKER_00
4819,385.52,385.59999999999997,SPEAKER_00
4820,385.6,385.68,SPEAKER_00
4821,385.68,385.76,SPEAKER_00
4822,385.76,385.84,SPEAKER_00
4823,385.84,385.91999999999996,SPEAKER_00
4824,385.92,386.0,SPEAKER_00
4825,386.0,386.08,SPEAKER_00
4826,386.08,386.15999999999997,SPEAKER_00
4827,386.16,386.24,SPEAKER_00
4828,386.24,386.32,SPEAKER_00
4829,386.32,386.4,SPEAKER_00
4830,386.4,386.47999999999996,SPEAKER_00
4831,386.48,386.56,SPEAKER_00
4832,386.56,386.64,SPEAKER_00
4833,386.64,386.71999999999997,SPEAKER_00
4834,386.72,386.8,SPEAKER_00
4835,386.8,386.88,SPEAKER_00
4836,386.88,386.96,SPEAKER_00
4837,386.96,387.03999999999996,SPEAKER_00
4838,387.04,387.12,SPEAKER_00
4839,387.12,387.2,SPEAKER_00
4840,387.2,387.28,SPEAKER_00
4841,387.28,387.35999999999996,SPEAKER_00
4842,387.36,387.44,SPEAKER_00
4843,387.44,387.52,SPEAKER_00
4844,387.52,387.59999999999997,SPEAKER_00
4845,387.6,387.68,SPEAKER_00
4846,387.68,387.76,SPEAKER_00
4847,387.76,387.84,SPEAKER_00
4848,387.84,387.91999999999996,SPEAKER_00
4849,387.92,388.0,SPEAKER_00
4850,388.0,388.08,SPEAKER_00
4851,388.08,388.15999999999997,SPEAKER_00
4852,388.16,388.24,SPEAKER_00
4853,388.24,388.32,SPEAKER_00
4854,388.32,388.4,SPEAKER_00
4855,388.4,388.47999999999996,SPEAKER_00
4856,388.48,388.56,SPEAKER_00
4857,388.56,388.64,SPEAKER_00
4858,388.64,388.71999999999997,SPEAKER_00
4859,388.72,388.8,SPEAKER_00
4860,388.8,388.88,SPEAKER_00
4861,388.88,388.96,SPEAKER_00
4862,388.96,389.03999999999996,SPEAKER_00
4863,389.04,389.12,SPEAKER_00
4864,389.12,389.2,SPEAKER_00
4865,389.2,389.28,SPEAKER_00
4866,389.28,389.35999999999996,SPEAKER_00
4867,389.36,389.44,SPEAKER_00
4868,389.44,389.52,SPEAKER_00
4869,389.52,389.59999999999997,SPEAKER_00
4870,389.6,389.68,SPEAKER_00
4871,389.68,389.76,SPEAKER_00
4872,389.76,389.84,SPEAKER_00
4873,389.84,389.91999999999996,SPEAKER_00
4874,389.92,390.0,SPEAKER_00
4875,390.0,390.08,SPEAKER_00
4876,390.08,390.15999999999997,SPEAKER_00
4877,390.16,390.24,SPEAKER_00
4878,390.24,390.32,SPEAKER_00
4879,390.32,390.4,SPEAKER_00
4880,390.4,390.47999999999996,SPEAKER_00
4881,390.48,390.56,SPEAKER_00
4882,390.56,390.64,SPEAKER_00
4883,390.64,390.71999999999997,SPEAKER_00
4884,390.72,390.8,SPEAKER_00
4885,390.8,390.88,SPEAKER_00
4886,390.88,390.96,SPEAKER_00
4887,390.96,391.03999999999996,SPEAKER_00
4888,391.04,391.12,SPEAKER_00
4889,391.12,391.2,SPEAKER_00
4890,391.2,391.28,SPEAKER_00
4891,391.28,391.35999999999996,SPEAKER_00
4892,391.36,391.44,SPEAKER_00
4893,391.44,391.52,SPEAKER_00
4894,391.52,391.59999999999997,SPEAKER_00
4895,391.6,391.68,SPEAKER_00
4896,391.68,391.76,SPEAKER_00
4897,391.76,391.84,SPEAKER_00
4898,391.84,391.91999999999996,SPEAKER_00
4899,391.92,392.0,SPEAKER_00
4900,392.0,392.08,SPEAKER_00
4901,392.08,392.15999999999997,SPEAKER_00
4902,392.16,392.24,SPEAKER_00
4903,392.24,392.32,SPEAKER_00
4904,392.32,392.4,SPEAKER_00
4905,392.4,392.47999999999996,SPEAKER_00
4906,392.48,392.56,SPEAKER_00
4907,392.56,392.64,SPEAKER_00
4908,392.64,392.71999999999997,SPEAKER_00
4909,392.72,392.8,SPEAKER_00
4910,392.8,392.88,SPEAKER_00
4911,392.88,392.96,SPEAKER_00
4912,392.96,393.03999999999996,SPEAKER_00
4913,393.04,393.12,SPEAKER_00
4914,393.12,393.2,SPEAKER_00
4915,393.2,393.28,SPEAKER_00
4916,393.28,393.35999999999996,SPEAKER_00
4917,393.36,393.44,SPEAKER_00
4918,393.44,393.52,SPEAKER_00
4919,393.52,393.59999999999997,SPEAKER_00
4920,393.6,393.68,SPEAKER_00
4921,393.68,393.76,SPEAKER_00
4922,393.76,393.84,SPEAKER_00
4923,393.84,393.91999999999996,SPEAKER_00
4924,393.92,394.0,SPEAKER_00
4925,394.0,394.08,SPEAKER_00
4926,394.08,394.15999999999997,SPEAKER_00
4927,394.16,394.24,SPEAKER_00
4928,394.24,394.32,SPEAKER_00
4929,394.32,394.4,SPEAKER_00
4930,394.4,394.47999999999996,SPEAKER_00
4931,394.48,394.56,SPEAKER_00
4932,394.56,394.64,SPEAKER_00
4933,394.64,394.71999999999997,SPEAKER_00
4934,394.72,394.8,SPEAKER_00
4935,394.8,394.88,SPEAKER_00
4936,394.88,394.96,SPEAKER_00
4937,394.96,395.03999999999996,SPEAKER_00
4938,395.04,395.12,SPEAKER_00
4939,395.12,395.2,SPEAKER_00
4940,395.2,395.28,SPEAKER_00
4941,395.28,395.35999999999996,SPEAKER_00
4942,395.36,395.44,SPEAKER_00
4943,395.44,395.52,SPEAKER_00
4944,395.52,395.59999999999997,SPEAKER_00
4945,395.6,395.68,SPEAKER_00
4946,395.68,395.76,SPEAKER_00
4947,395.76,395.84,SPEAKER_00
4948,395.84,395.91999999999996,SPEAKER_00
4949,395.92,396.0,SPEAKER_00
4950,396.0,396.08,SPEAKER_00
4951,396.08,396.15999999999997,SPEAKER_00
4952,396.16,396.24,SPEAKER_00
4953,396.24,396.32,SPEAKER_00
4954,396.32,396.4,SPEAKER_00
4955,396.4,396.47999999999996,SPEAKER_00
4956,396.48,396.56,SPEAKER_00
4957,396.56,396.64,SPEAKER_00
4958,396.64,396.71999999999997,SPEAKER_00
4959,396.72,396.8,SPEAKER_00
4960,396.8,396.88,SPEAKER_00
4961,396.88,396.96,SPEAKER_00
4962,396.96,397.03999999999996,SPEAKER_00
4963,397.04,397.12,SPEAKER_00
4964,397.12,397.2,SPEAKER_00
4965,397.2,397.28,SPEAKER_00
4966,397.28,397.35999999999996,SPEAKER_00
4967,397.36,397.44,SPEAKER_00
4968,397.44,397.52,SPEAKER_00
4969,397.52,397.59999999999997,SPEAKER_00
4970,397.6,397.68,SPEAKER_00
4971,397.68,397.76,SPEAKER_00
4972,397.76,397.84,SPEAKER_00
4973,397.84,397.91999999999996,SPEAKER_00
4974,397.92,398.0,SPEAKER_00
4975,398.0,398.08,SPEAKER_00
4976,398.08,398.15999999999997,SPEAKER_00
4977,398.16,398.24,SPEAKER_00
4978,398.24,398.32,SPEAKER_00
4979,398.32,398.4,SPEAKER_00
4980,398.4,398.47999999999996,SPEAKER_00
4981,398.48,398.56,SPEAKER_00
4982,398.56,398.64,SPEAKER_00
4983,398.64,398.71999999999997,SPEAKER_00
4984,398.72,398.8,SPEAKER_00
4985,398.8,398.88,SPEAKER_00
4986,398.88,398.96,SPEAKER_00
4987,398.96,399.03999999999996,SPEAKER_00
4988,399.04,399.12,SPEAKER_00
4989,399.12,399.2,SPEAKER_00
4990,399.2,399.28,SPEAKER_00
4991,399.28,399.35999999999996,SPEAKER_00
4992,399.36,399.44,SPEAKER_00
4993,399.44,399.52,SPEAKER_00
4994,399.52,399.59999999999997,SPEAKER_00
4995,399.6,399.68,SPEAKER_00
4996,399.68,399.76,SPEAKER_00
4997,399.76,399.84,SPEAKER_00
4998,399.84,399.91999999999996,SPEAKER_00
4999,399.92,400.0,SPEAKER_00
5000,400.0,400.08,SPEAKER_00
5001,400.08,400.15999999999997,SPEAKER_00
5002,400.16,400.24,SPEAKER_00
5003,400.24,400.32,SPEAKER_00
5004,400.32,400.4,SPEAKER_00
5005,400.4,400.47999999999996,SPEAKER_00
5006,400.48,400.56,SPEAKER_00
5007,400.56,400.64,SPEAKER_00
5008,400.64,400.71999999999997,SPEAKER_00
5009,400.72,400.8,SPEAKER_00
5010,400.8,400.88,SPEAKER_00
5011,400.88,400.96,SPEAKER_00
5012,400.96,401.03999999999996,SPEAKER_00
5013,401.04,401.12,SPEAKER_00
5014,401.12,401.2,SPEAKER_00
5015,401.2,401.28,SPEAKER_00
5016,401.28,401.35999999999996,SPEAKER_00
5017,401.36,401.44,SPEAKER_00
5018,401.44,401.52,SPEAKER_00
5019,401.52,401.59999999999997,SPEAKER_00
5020,401.6,401.68,SPEAKER_00
5021,401.68,401.76,SPEAKER_00
5022,401.76,401.84,SPEAKER_00
5023,401.84,401.91999999999996,SPEAKER_00
5024,401.92,402.0,SPEAKER_00
5025,402.0,402.08,SPEAKER_00
5026,402.08,402.15999999999997,SPEAKER_00
5027,402.16,402.24,SPEAKER_00
5028,402.24,402.32,SPEAKER_00
5029,402.32,402.4,SPEAKER_00
5030,402.4,402.47999999999996,SPEAKER_00
5031,402.48,402.56,SPEAKER_00
5032,402.56,402.64,SPEAKER_00
5033,402.64,402.71999999999997,SPEAKER_00
5034,402.72,402.8,SPEAKER_00
5035,402.8,402.88,SPEAKER_00
5036,402.88,402.96,SPEAKER_00
5037,402.96,403.03999999999996,SPEAKER_00
5038,403.04,403.12,SPEAKER_00
5039,403.12,403.2,SPEAKER_00
5040,403.2,403.28,SPEAKER_00
5041,403.28,403.35999999999996,SPEAKER_01
5042,403.36,403.44,SPEAKER_01
5043,403.44,403.52,SPEAKER_01
5044,403.52,403.59999999999997,SPEAKER_01
5045,403.6,403.68,SPEAKER_01
5046,403.68,403.76,SPEAKER_01
5047,403.76,403.84,SPEAKER_01
5048,403.84,403.91999999999996,SPEAKER_01
5049,403.92,404.0,SPEAKER_01
5050,404.0,404.08,SPEAKER_01
5051,404.08,404.15999999999997,SPEAKER_01
5052,404.16,404.24,SPEAKER_01
5053,404.24,404.32,SPEAKER_01
5054,404.32,404.4,SPEAKER_01
5055,404.4,404.47999999999996,SPEAKER_01
5056,404.48,404.56,SPEAKER_01
5057,404.56,404.64,SPEAKER_01
5058,404.64,404.71999999999997,SPEAKER_01
5059,404.72,404.8,SPEAKER_01
5060,404.8,404.88,SPEAKER_01
5061,404.88,404.96,SPEAKER_01
5062,404.96,405.03999999999996,SPEAKER_01
5063,405.04,405.12,SPEAKER_01
5064,405.12,405.2,SPEAKER_01
5065,405.2,405.28,SPEAKER_01
5066,405.28,405.35999999999996,SPEAKER_01
5067,405.36,405.44,SPEAKER_01
5068,405.44,405.52,SPEAKER_01
5069,405.52,405.59999999999997,SPEAKER_01
5070,405.6,405.68,SPEAKER_01
5071,405.68,405.76,SPEAKER_01
5072,405.76,405.84,SPEAKER_01
5073,405.84,405.91999999999996,SPEAKER_01
5074,405.92,406.0,SPEAKER_01
5075,406.0,406.08,SPEAKER_01
5076,406.08,406.15999999999997,SPEAKER_01
5077,406.16,406.24,SPEAKER_01
5078,406.24,406.32,SPEAKER_01
5079,406.32,406.4,SPEAKER_01
5080,406.4,406.47999999999996,SPEAKER_01
5081,406.48,406.56,SPEAKER_01
5082,406.56,406.64,SPEAKER_01
5083,406.64,406.71999999999997,SPEAKER_01
5084,406.72,406.8,SPEAKER_01
5085,406.8,406.88,SPEAKER_01
5086,406.88,406.96,SPEAKER_01
5087,406.96,407.03999999999996,SPEAKER_01
5088,407.04,407.12,SPEAKER_01
5089,407.12,407.2,SPEAKER_01
5090,407.2,407.28,SPEAKER_01
5091,407.28,407.35999999999996,SPEAKER_01
5092,407.36,407.44,SPEAKER_01
5093,407.44,407.52,SPEAKER_01
5094,407.52,407.59999999999997,SPEAKER_01
5095,407.6,407.68,SPEAKER_01
5096,407.68,407.76,SPEAKER_01
5097,407.76,407.84,SPEAKER_00
5098,407.84,407.91999999999996,SPEAKER_00
5099,407.92,408.0,SPEAKER_00
5100,408.0,408.08,SPEAKER_00
5101,408.08,408.15999999999997,SPEAKER_00
5102,408.16,408.24,SPEAKER_00
5103,408.24,408.32,SPEAKER_00
5104,408.32,408.4,SPEAKER_00
5105,408.4,408.47999999999996,SPEAKER_00
5106,408.48,408.56,SPEAKER_00
5107,408.56,408.64,SPEAKER_00
5108,408.64,408.71999999999997,SPEAKER_00
5109,408.72,408.8,SPEAKER_00
5110,408.8,408.88,SPEAKER_00
5111,408.88,408.96,SPEAKER_00
5112,408.96,409.03999999999996,SPEAKER_00
5113,409.04,409.12,SPEAKER_00
5114,409.12,409.2,SPEAKER_00
5115,409.2,409.28,SPEAKER_00
5116,409.28,409.35999999999996,SPEAKER_00
5117,409.36,409.44,SPEAKER_00
5118,409.44,409.52,SPEAKER_00
5119,409.52,409.59999999999997,SPEAKER_00
5120,409.6,409.68,SPEAKER_00
5121,409.68,409.76,SPEAKER_00
5122,409.76,409.84,SPEAKER_00
5123,409.84,409.91999999999996,SPEAKER_00
5124,409.92,410.0,SPEAKER_00
5125,410.0,410.08,SPEAKER_00
5126,410.08,410.15999999999997,SPEAKER_00
5127,410.16,410.24,SPEAKER_00
5128,410.24,410.32,SPEAKER_00
5129,410.32,410.4,SPEAKER_00
5130,410.4,410.47999999999996,SPEAKER_00
5131,410.48,410.56,SPEAKER_00
5132,410.56,410.64,SPEAKER_00
5133,410.64,410.71999999999997,SPEAKER_00
5134,410.72,410.8,SPEAKER_00
5135,410.8,410.88,SPEAKER_00
5136,410.88,410.96,SPEAKER_00
5137,410.96,411.03999999999996,SPEAKER_00
5138,411.04,411.12,SPEAKER_00
5139,411.12,411.2,SPEAKER_00
5140,411.2,411.28,SPEAKER_00
5141,411.28,411.35999999999996,SPEAKER_00
5142,411.36,411.44,SPEAKER_00
5143,411.44,411.52,SPEAKER_00
5144,411.52,411.59999999999997,SPEAKER_00
5145,411.6,411.68,SPEAKER_00
5146,411.68,411.76,SPEAKER_00
5147,411.76,411.84,SPEAKER_00
5148,411.84,411.91999999999996,SPEAKER_00
5149,411.92,412.0,SPEAKER_00
5150,412.0,412.08,SPEAKER_00
5151,412.08,412.15999999999997,SPEAKER_00
5152,412.16,412.24,SPEAKER_00
5153,412.24,412.32,SPEAKER_00
5154,412.32,412.4,SPEAKER_00
5155,412.4,412.47999999999996,SPEAKER_00
5156,412.48,412.56,SPEAKER_00
5157,412.56,412.64,SPEAKER_00
5158,412.64,412.71999999999997,SPEAKER_00
5159,412.72,412.8,SPEAKER_00
5160,412.8,412.88,SPEAKER_00
5161,412.88,412.96,SPEAKER_00
5162,412.96,413.03999999999996,SPEAKER_00
5163,413.04,413.12,SPEAKER_00
5164,413.12,413.2,SPEAKER_00
5165,413.2,413.28,SPEAKER_00
5166,413.28,413.35999999999996,SPEAKER_00
5167,413.36,413.44,SPEAKER_00
5168,413.44,413.52,SPEAKER_00
5169,413.52,413.59999999999997,SPEAKER_00
5170,413.6,413.68,SPEAKER_00
5171,413.68,413.76,SPEAKER_00
5172,413.76,413.84,SPEAKER_00
5173,413.84,413.91999999999996,SPEAKER_00
5174,413.92,414.0,SPEAKER_00
5175,414.0,414.08,SPEAKER_00
5176,414.08,414.15999999999997,SPEAKER_00
5177,414.16,414.24,SPEAKER_00
5178,414.24,414.32,SPEAKER_00
5179,414.32,414.4,SPEAKER_00
5180,414.4,414.47999999999996,SPEAKER_00
5181,414.48,414.56,SPEAKER_00
5182,414.56,414.64,SPEAKER_00
5183,414.64,414.71999999999997,SPEAKER_00
5184,414.72,414.8,SPEAKER_00
5185,414.8,414.88,SPEAKER_00
5186,414.88,414.96,SPEAKER_00
5187,414.96,415.03999999999996,SPEAKER_00
5188,415.04,415.12,SPEAKER_00
5189,415.12,415.2,SPEAKER_00
5190,415.2,415.28,SPEAKER_00
5191,415.28,415.35999999999996,SPEAKER_00
5192,415.36,415.44,SPEAKER_00
5193,415.44,415.52,SPEAKER_00
5194,415.52,415.59999999999997,SPEAKER_00
5195,415.6,415.68,SPEAKER_00
5196,415.68,415.76,SPEAKER_00
5197,415.76,415.84,SPEAKER_00
5198,415.84,415.91999999999996,SPEAKER_00
5199,415.92,416.0,SPEAKER_00
5200,416.0,416.08,SPEAKER_00
5201,416.08,416.15999999999997,SPEAKER_00
5202,416.16,416.24,SPEAKER_00
5203,416.24,416.32,SPEAKER_00
5204,416.32,416.4,SPEAKER_00
5205,416.4,416.47999999999996,SPEAKER_00
5206,416.48,416.56,SPEAKER_00
5207,416.56,416.64,SPEAKER_00
5208,416.64,416.71999999999997,SPEAKER_00
5209,416.72,416.8,SPEAKER_00
5210,416.8,416.88,SPEAKER_00
5211,416.88,416.96,SPEAKER_00
5212,416.96,417.03999999999996,SPEAKER_00
5213,417.04,417.12,SPEAKER_00
5214,417.12,417.2,SPEAKER_00
5215,417.2,417.28,SPEAKER_00
5216,417.28,417.35999999999996,SPEAKER_00
5217,417.36,417.44,SPEAKER_00
5218,417.44,417.52,SPEAKER_00
5219,417.52,417.59999999999997,SPEAKER_00
5220,417.6,417.68,SPEAKER_00
5221,417.68,417.76,SPEAKER_00
5222,417.76,417.84,SPEAKER_00
5223,417.84,417.91999999999996,SPEAKER_00
5224,417.92,418.0,SPEAKER_00
5225,418.0,418.08,SPEAKER_00
5226,418.08,418.15999999999997,SPEAKER_00
5227,418.16,418.24,SPEAKER_00
5228,418.24,418.32,SPEAKER_00
5229,418.32,418.4,SPEAKER_00
5230,418.4,418.47999999999996,SPEAKER_00
5231,418.48,418.56,SPEAKER_00
5232,418.56,418.64,SPEAKER_00
5233,418.64,418.71999999999997,SPEAKER_00
5234,418.72,418.8,SPEAKER_00
5235,418.8,418.88,SPEAKER_00
5236,418.88,418.96,SPEAKER_00
5237,418.96,419.03999999999996,SPEAKER_00
5238,419.04,419.12,SPEAKER_00
5239,419.12,419.2,SPEAKER_00
5240,419.2,419.28,SPEAKER_00
5241,419.28,419.35999999999996,SPEAKER_00
5242,419.36,419.44,SPEAKER_00
5243,419.44,419.52,SPEAKER_00
5244,419.52,419.59999999999997,SPEAKER_00
5245,419.6,419.68,SPEAKER_00
5246,419.68,419.76,SPEAKER_00
5247,419.76,419.84,SPEAKER_00
5248,419.84,419.91999999999996,SPEAKER_00
5249,419.92,420.0,SPEAKER_00
5250,420.0,420.08,SPEAKER_00
5251,420.08,420.15999999999997,SPEAKER_00
5252,420.16,420.24,SPEAKER_00
5253,420.24,420.32,SPEAKER_00
5254,420.32,420.4,SPEAKER_00
5255,420.4,420.47999999999996,SPEAKER_00
5256,420.48,420.56,SPEAKER_00
5257,420.56,420.64,SPEAKER_00
5258,420.64,420.71999999999997,SPEAKER_00
5259,420.72,420.8,SPEAKER_00
5260,420.8,420.88,SPEAKER_00
5261,420.88,420.96,SPEAKER_00
5262,420.96,421.03999999999996,SPEAKER_00
5263,421.04,421.12,SPEAKER_00
5264,421.12,421.2,SPEAKER_00
5265,421.2,421.28,SPEAKER_00
5266,421.28,421.35999999999996,SPEAKER_00
5267,421.36,421.44,SPEAKER_00
5268,421.44,421.52,SPEAKER_00
5269,421.52,421.59999999999997,SPEAKER_00
5270,421.6,421.68,SPEAKER_00
5271,421.68,421.76,SPEAKER_00
5272,421.76,421.84,SPEAKER_00
5273,421.84,421.91999999999996,SPEAKER_00
5274,421.92,422.0,SPEAKER_00
5275,422.0,422.08,SPEAKER_00
5276,422.08,422.15999999999997,SPEAKER_00
5277,422.16,422.24,SPEAKER_00
5278,422.24,422.32,SPEAKER_00
5279,422.32,422.4,SPEAKER_00
5280,422.4,422.47999999999996,SPEAKER_00
5281,422.48,422.56,SPEAKER_00
5282,422.56,422.64,SPEAKER_00
5283,422.64,422.71999999999997,SPEAKER_00
5284,422.72,422.8,SPEAKER_00
5285,422.8,422.88,SPEAKER_00
5286,422.88,422.96,SPEAKER_00
5287,422.96,423.03999999999996,SPEAKER_00
5288,423.04,423.12,SPEAKER_00
5289,423.12,423.2,SPEAKER_00
5290,423.2,423.28,SPEAKER_00
5291,423.28,423.35999999999996,SPEAKER_00
5292,423.36,423.44,SPEAKER_00
5293,423.44,423.52,SPEAKER_00
5294,423.52,423.59999999999997,SPEAKER_00
5295,423.6,423.68,SPEAKER_00
5296,423.68,423.76,SPEAKER_00
5297,423.76,423.84,SPEAKER_00
5298,423.84,423.91999999999996,SPEAKER_00
5299,423.92,424.0,SPEAKER_00
5300,424.0,424.08,SPEAKER_00
5301,424.08,424.15999999999997,SPEAKER_00
5302,424.16,424.24,SPEAKER_00
5303,424.24,424.32,SPEAKER_00
5304,424.32,424.4,SPEAKER_00
5305,424.4,424.47999999999996,SPEAKER_00
5306,424.48,424.56,SPEAKER_00
5307,424.56,424.64,SPEAKER_00
5308,424.64,424.71999999999997,SPEAKER_00
5309,424.72,424.8,SPEAKER_00
5310,424.8,424.88,SPEAKER_00
5311,424.88,424.96,SPEAKER_00
5312,424.96,425.03999999999996,SPEAKER_00
5313,425.04,425.12,SPEAKER_00
5314,425.12,425.2,SPEAKER_00
5315,425.2,425.28,SPEAKER_00
5316,425.28,425.35999999999996,SPEAKER_00
5317,425.36,425.44,SPEAKER_01
5318,425.44,425.52,SPEAKER_00
5319,425.52,425.59999999999997,SPEAKER_00
5320,425.6,425.68,SPEAKER_00
5321,425.68,425.76,SPEAKER_00
5322,425.76,425.84,SPEAKER_00
5323,425.84,425.91999999999996,SPEAKER_00
5324,425.92,426.0,SPEAKER_00
5325,426.0,426.08,SPEAKER_00
5326,426.08,426.15999999999997,SPEAKER_00
5327,426.16,426.24,SPEAKER_00
5328,426.24,426.32,SPEAKER_00
5329,426.32,426.4,SPEAKER_00
5330,426.4,426.47999999999996,SPEAKER_00
5331,426.48,426.56,SPEAKER_00
5332,426.56,426.64,SPEAKER_00
5333,426.64,426.71999999999997,SPEAKER_00
5334,426.72,426.8,SPEAKER_00
5335,426.8,426.88,SPEAKER_00
5336,426.88,426.96,SPEAKER_00
5337,426.96,427.03999999999996,SPEAKER_00
5338,427.04,427.12,SPEAKER_00
5339,427.12,427.2,SPEAKER_00
5340,427.2,427.28,SPEAKER_00
5341,427.28,427.35999999999996,SPEAKER_00
5342,427.36,427.44,SPEAKER_00
5343,427.44,427.52,SPEAKER_00
5344,427.52,427.59999999999997,SPEAKER_00
5345,427.6,427.68,SPEAKER_00
5346,427.68,427.76,SPEAKER_00
5347,427.76,427.84,SPEAKER_00
5348,427.84,427.91999999999996,SPEAKER_00
5349,427.92,428.0,SPEAKER_00
5350,428.0,428.08,SPEAKER_00
5351,428.08,428.15999999999997,SPEAKER_00
5352,428.16,428.24,SPEAKER_00
5353,428.24,428.32,SPEAKER_00
5354,428.32,428.4,SPEAKER_00
5355,428.4,428.47999999999996,SPEAKER_00
5356,428.48,428.56,SPEAKER_00
5357,428.56,428.64,SPEAKER_00
5358,428.64,428.71999999999997,SPEAKER_00
5359,428.72,428.8,SPEAKER_00
5360,428.8,428.88,SPEAKER_00
5361,428.88,428.96,SPEAKER_00
5362,428.96,429.03999999999996,SPEAKER_00
5363,429.04,429.12,SPEAKER_00
5364,429.12,429.2,SPEAKER_00
5365,429.2,429.28,SPEAKER_00
5366,429.28,429.35999999999996,SPEAKER_00
5367,429.36,429.44,SPEAKER_00
5368,429.44,429.52,SPEAKER_00
5369,429.52,429.59999999999997,SPEAKER_00
5370,429.6,429.68,SPEAKER_00
5371,429.68,429.76,SPEAKER_00
5372,429.76,429.84,SPEAKER_00
5373,429.84,429.91999999999996,SPEAKER_00
5374,429.92,430.0,SPEAKER_00
5375,430.0,430.08,SPEAKER_00
5376,430.08,430.15999999999997,SPEAKER_00
5377,430.16,430.24,SPEAKER_00
5378,430.24,430.32,SPEAKER_00
5379,430.32,430.4,SPEAKER_00
5380,430.4,430.47999999999996,SPEAKER_00
5381,430.48,430.56,SPEAKER_00
5382,430.56,430.64,SPEAKER_00
5383,430.64,430.71999999999997,SPEAKER_00
5384,430.72,430.8,SPEAKER_00
5385,430.8,430.88,SPEAKER_00
5386,430.88,430.96,SPEAKER_00
5387,430.96,431.03999999999996,SPEAKER_00
5388,431.04,431.12,SPEAKER_00
5389,431.12,431.2,SPEAKER_00
5390,431.2,431.28,SPEAKER_00
5391,431.28,431.35999999999996,SPEAKER_00
5392,431.36,431.44,SPEAKER_00
5393,431.44,431.52,SPEAKER_00
5394,431.52,431.59999999999997,SPEAKER_00
5395,431.6,431.68,SPEAKER_00
5396,431.68,431.76,SPEAKER_00
5397,431.76,431.84,SPEAKER_00
5398,431.84,431.91999999999996,SPEAKER_00
5399,431.92,432.0,SPEAKER_00
5400,432.0,432.08,SPEAKER_00
5401,432.08,432.15999999999997,SPEAKER_00
5402,432.16,432.24,SPEAKER_00
5403,432.24,432.32,SPEAKER_00
5404,432.32,432.4,SPEAKER_00
5405,432.4,432.47999999999996,SPEAKER_00
5406,432.48,432.56,SPEAKER_00
5407,432.56,432.64,SPEAKER_00
5408,432.64,432.71999999999997,SPEAKER_00
5409,432.72,432.8,SPEAKER_00
5410,432.8,432.88,SPEAKER_00
5411,432.88,432.96,SPEAKER_00
5412,432.96,433.03999999999996,SPEAKER_00
5413,433.04,433.12,SPEAKER_01
5414,433.12,433.2,SPEAKER_01
5415,433.2,433.28,SPEAKER_01
5416,433.28,433.35999999999996,SPEAKER_01
5417,433.36,433.44,SPEAKER_01
5418,433.44,433.52,SPEAKER_01
5419,433.52,433.59999999999997,SPEAKER_01
5420,433.6,433.68,SPEAKER_01
5421,433.68,433.76,SPEAKER_01
5422,433.76,433.84,SPEAKER_01
5423,433.84,433.91999999999996,SPEAKER_01
5424,433.92,434.0,SPEAKER_01
5425,434.0,434.08,SPEAKER_01
5426,434.08,434.15999999999997,SPEAKER_01
5427,434.16,434.24,SPEAKER_01
5428,434.24,434.32,SPEAKER_01
5429,434.32,434.4,SPEAKER_01
5430,434.4,434.47999999999996,SPEAKER_01
5431,434.48,434.56,SPEAKER_01
5432,434.56,434.64,SPEAKER_01
5433,434.64,434.71999999999997,SPEAKER_01
5434,434.72,434.8,SPEAKER_01
5435,434.8,434.88,SPEAKER_01
5436,434.88,434.96,SPEAKER_01
5437,434.96,435.03999999999996,SPEAKER_01
5438,435.04,435.12,SPEAKER_01
5439,435.12,435.2,SPEAKER_01
5440,435.2,435.28,SPEAKER_01
5441,435.28,435.35999999999996,SPEAKER_01
5442,435.36,435.44,SPEAKER_01
5443,435.44,435.52,SPEAKER_01
5444,435.52,435.59999999999997,SPEAKER_00
5445,435.6,435.68,SPEAKER_01
5446,435.68,435.76,SPEAKER_01
5447,435.76,435.84,SPEAKER_01
5448,435.84,435.91999999999996,SPEAKER_01
5449,435.92,436.0,SPEAKER_01
5450,436.0,436.08,SPEAKER_01
5451,436.08,436.15999999999997,SPEAKER_01
5452,436.16,436.24,SPEAKER_01
5453,436.24,436.32,SPEAKER_01
5454,436.32,436.4,SPEAKER_01
5455,436.4,436.47999999999996,SPEAKER_01
5456,436.48,436.56,SPEAKER_01
5457,436.56,436.64,SPEAKER_01
5458,436.64,436.71999999999997,SPEAKER_01
5459,436.72,436.8,SPEAKER_01
5460,436.8,436.88,SPEAKER_01
5461,436.88,436.96,SPEAKER_01
5462,436.96,437.03999999999996,SPEAKER_01
5463,437.04,437.12,SPEAKER_01
5464,437.12,437.2,SPEAKER_01
5465,437.2,437.28,SPEAKER_01
5466,437.28,437.35999999999996,SPEAKER_01
5467,437.36,437.44,SPEAKER_01
5468,437.44,437.52,SPEAKER_01
5469,437.52,437.59999999999997,SPEAKER_01
5470,437.6,437.68,SPEAKER_01
5471,437.68,437.76,SPEAKER_01
5472,437.76,437.84,SPEAKER_01
5473,437.84,437.91999999999996,SPEAKER_01
5474,437.92,438.0,SPEAKER_01
5475,438.0,438.08,SPEAKER_01
5476,438.08,438.15999999999997,SPEAKER_01
5477,438.16,438.24,SPEAKER_01
5478,438.24,438.32,SPEAKER_01
5479,438.32,438.4,SPEAKER_01
5480,438.4,438.47999999999996,SPEAKER_01
5481,438.48,438.56,SPEAKER_01
5482,438.56,438.64,SPEAKER_01
5483,438.64,438.71999999999997,SPEAKER_01
5484,438.72,438.8,SPEAKER_01
5485,438.8,438.88,SPEAKER_01
5486,438.88,438.96,SPEAKER_01
5487,438.96,439.03999999999996,SPEAKER_01
5488,439.04,439.12,SPEAKER_00
5489,439.12,439.2,SPEAKER_00
5490,439.2,439.28,SPEAKER_00
5491,439.28,439.35999999999996,SPEAKER_00
5492,439.36,439.44,SPEAKER_00
5493,439.44,439.52,SPEAKER_00
5494,439.52,439.59999999999997,SPEAKER_00
5495,439.6,439.68,SPEAKER_00
5496,439.68,439.76,SPEAKER_00
5497,439.76,439.84,SPEAKER_00
5498,439.84,439.91999999999996,SPEAKER_00
5499,439.92,440.0,SPEAKER_00
5500,440.0,440.08,SPEAKER_00
5501,440.08,440.15999999999997,SPEAKER_00
5502,440.16,440.24,SPEAKER_00
5503,440.24,440.32,SPEAKER_00
5504,440.32,440.4,SPEAKER_00
5505,440.4,440.47999999999996,SPEAKER_00
5506,440.48,440.56,SPEAKER_00
5507,440.56,440.64,SPEAKER_00
5508,440.64,440.71999999999997,SPEAKER_00
5509,440.72,440.8,SPEAKER_00
5510,440.8,440.88,SPEAKER_00
5511,440.88,440.96,SPEAKER_00
5512,440.96,441.03999999999996,SPEAKER_00
5513,441.04,441.12,SPEAKER_00
5514,441.12,441.2,SPEAKER_00
5515,441.2,441.28,SPEAKER_00
5516,441.28,441.35999999999996,SPEAKER_00
5517,441.36,441.44,SPEAKER_00
5518,441.44,441.52,SPEAKER_00
5519,441.52,441.59999999999997,SPEAKER_00
5520,441.6,441.68,SPEAKER_00
5521,441.68,441.76,SPEAKER_00
5522,441.76,441.84,SPEAKER_00
5523,441.84,441.91999999999996,SPEAKER_00
5524,441.92,442.0,SPEAKER_00
5525,442.0,442.08,SPEAKER_00
5526,442.08,442.15999999999997,SPEAKER_00
5527,442.16,442.24,SPEAKER_00
5528,442.24,442.32,SPEAKER_00
5529,442.32,442.4,SPEAKER_00
5530,442.4,442.47999999999996,SPEAKER_00
5531,442.48,442.56,SPEAKER_00
5532,442.56,442.64,SPEAKER_00
5533,442.64,442.71999999999997,SPEAKER_00
5534,442.72,442.8,SPEAKER_00
5535,442.8,442.88,SPEAKER_00
5536,442.88,442.96,SPEAKER_00
5537,442.96,443.03999999999996,SPEAKER_00
5538,443.04,443.12,SPEAKER_00
5539,443.12,443.2,SPEAKER_00
5540,443.2,443.28,SPEAKER_00
5541,443.28,443.35999999999996,SPEAKER_00
5542,443.36,443.44,SPEAKER_00
5543,443.44,443.52,SPEAKER_00
5544,443.52,443.59999999999997,SPEAKER_00
5545,443.6,443.68,SPEAKER_00
5546,443.68,443.76,SPEAKER_00
5547,443.76,443.84,SPEAKER_00
5548,443.84,443.91999999999996,SPEAKER_00
5549,443.92,444.0,SPEAKER_00
5550,444.0,444.08,SPEAKER_00
5551,444.08,444.15999999999997,SPEAKER_00
5552,444.16,444.24,SPEAKER_00
5553,444.24,444.32,SPEAKER_00
5554,444.32,444.4,SPEAKER_00
5555,444.4,444.47999999999996,SPEAKER_00
5556,444.48,444.56,SPEAKER_00
5557,444.56,444.64,SPEAKER_00
5558,444.64,444.71999999999997,SPEAKER_00
5559,444.72,444.8,SPEAKER_00
5560,444.8,444.88,SPEAKER_00
5561,444.88,444.96,SPEAKER_00
5562,444.96,445.03999999999996,SPEAKER_00
5563,445.04,445.12,SPEAKER_00
5564,445.12,445.2,SPEAKER_00
5565,445.2,445.28,SPEAKER_00
5566,445.28,445.35999999999996,SPEAKER_00
5567,445.36,445.44,SPEAKER_00
5568,445.44,445.52,SPEAKER_00
5569,445.52,445.59999999999997,SPEAKER_00
5570,445.6,445.68,SPEAKER_00
5571,445.68,445.76,SPEAKER_00
5572,445.76,445.84,SPEAKER_00
5573,445.84,445.91999999999996,SPEAKER_00
5574,445.92,446.0,SPEAKER_00
5575,446.0,446.08,SPEAKER_00
5576,446.08,446.15999999999997,SPEAKER_00
5577,446.16,446.24,SPEAKER_00
5578,446.24,446.32,SPEAKER_00
5579,446.32,446.4,SPEAKER_00
5580,446.4,446.47999999999996,SPEAKER_00
5581,446.48,446.56,SPEAKER_00
5582,446.56,446.64,SPEAKER_00
5583,446.64,446.71999999999997,SPEAKER_00
5584,446.72,446.8,SPEAKER_00
5585,446.8,446.88,SPEAKER_00
5586,446.88,446.96,SPEAKER_00
5587,446.96,447.03999999999996,SPEAKER_00
5588,447.04,447.12,SPEAKER_00
5589,447.12,447.2,SPEAKER_00
5590,447.2,447.28,SPEAKER_00
5591,447.28,447.35999999999996,SPEAKER_00
5592,447.36,447.44,SPEAKER_00
5593,447.44,447.52,SPEAKER_00
5594,447.52,447.59999999999997,SPEAKER_00
5595,447.6,447.68,SPEAKER_00
5596,447.68,447.76,SPEAKER_00
5597,447.76,447.84,SPEAKER_00
5598,447.84,447.91999999999996,SPEAKER_00
5599,447.92,448.0,SPEAKER_00
5600,448.0,448.08,SPEAKER_00
5601,448.08,448.15999999999997,SPEAKER_00
5602,448.16,448.24,SPEAKER_00
5603,448.24,448.32,SPEAKER_00
5604,448.32,448.4,SPEAKER_00
5605,448.4,448.47999999999996,SPEAKER_00
5606,448.48,448.56,SPEAKER_00
5607,448.56,448.64,SPEAKER_00
5608,448.64,448.71999999999997,SPEAKER_00
5609,448.72,448.8,SPEAKER_00
5610,448.8,448.88,SPEAKER_00
5611,448.88,448.96,SPEAKER_00
5612,448.96,449.03999999999996,SPEAKER_00
5613,449.04,449.12,SPEAKER_00
5614,449.12,449.2,SPEAKER_00
5615,449.2,449.28,SPEAKER_00
5616,449.28,449.35999999999996,SPEAKER_00
5617,449.36,449.44,SPEAKER_00
5618,449.44,449.52,SPEAKER_00
5619,449.52,449.59999999999997,SPEAKER_00
5620,449.6,449.68,SPEAKER_00
5621,449.68,449.76,SPEAKER_00
5622,449.76,449.84,SPEAKER_00
5623,449.84,449.91999999999996,SPEAKER_00
5624,449.92,450.0,SPEAKER_00
5625,450.0,450.08,SPEAKER_00
5626,450.08,450.15999999999997,SPEAKER_00
5627,450.16,450.24,SPEAKER_00
5628,450.24,450.32,SPEAKER_00
5629,450.32,450.4,SPEAKER_00
5630,450.4,450.47999999999996,SPEAKER_00
5631,450.48,450.56,SPEAKER_00
5632,450.56,450.64,SPEAKER_00
5633,450.64,450.71999999999997,SPEAKER_00
5634,450.72,450.8,SPEAKER_00
5635,450.8,450.88,SPEAKER_00
5636,450.88,450.96,SPEAKER_00
5637,450.96,451.03999999999996,SPEAKER_00
5638,451.04,451.12,SPEAKER_00
5639,451.12,451.2,SPEAKER_00
5640,451.2,451.28,SPEAKER_00
5641,451.28,451.35999999999996,SPEAKER_00
5642,451.36,451.44,SPEAKER_00
5643,451.44,451.52,SPEAKER_00
5644,451.52,451.59999999999997,SPEAKER_00
5645,451.6,451.68,SPEAKER_00
5646,451.68,451.76,SPEAKER_00
5647,451.76,451.84,SPEAKER_00
5648,451.84,451.91999999999996,SPEAKER_00
5649,451.92,452.0,SPEAKER_00
5650,452.0,452.08,SPEAKER_00
5651,452.08,452.15999999999997,SPEAKER_00
5652,452.16,452.24,SPEAKER_00
5653,452.24,452.32,SPEAKER_00
5654,452.32,452.4,SPEAKER_00
5655,452.4,452.47999999999996,SPEAKER_00
5656,452.48,452.56,SPEAKER_00
5657,452.56,452.64,SPEAKER_00
5658,452.64,452.71999999999997,SPEAKER_00
5659,452.72,452.8,SPEAKER_00
5660,452.8,452.88,SPEAKER_00
5661,452.88,452.96,SPEAKER_00
5662,452.96,453.03999999999996,SPEAKER_00
5663,453.04,453.12,SPEAKER_00
5664,453.12,453.2,SPEAKER_00
5665,453.2,453.28,SPEAKER_00
5666,453.28,453.35999999999996,SPEAKER_00
5667,453.36,453.44,SPEAKER_00
5668,453.44,453.52,SPEAKER_00
5669,453.52,453.59999999999997,SPEAKER_00
5670,453.6,453.68,SPEAKER_00
5671,453.68,453.76,SPEAKER_00
5672,453.76,453.84,SPEAKER_00
5673,453.84,453.91999999999996,SPEAKER_00
5674,453.92,454.0,SPEAKER_00
5675,454.0,454.08,SPEAKER_00
5676,454.08,454.15999999999997,SPEAKER_00
5677,454.16,454.24,SPEAKER_00
5678,454.24,454.32,SPEAKER_00
5679,454.32,454.4,SPEAKER_00
5680,454.4,454.47999999999996,SPEAKER_00
5681,454.48,454.56,SPEAKER_00
5682,454.56,454.64,SPEAKER_00
5683,454.64,454.71999999999997,SPEAKER_00
5684,454.72,454.8,SPEAKER_00
5685,454.8,454.88,SPEAKER_00
5686,454.88,454.96,SPEAKER_00
5687,454.96,455.03999999999996,SPEAKER_00
5688,455.04,455.12,SPEAKER_00
5689,455.12,455.2,SPEAKER_00
5690,455.2,455.28,SPEAKER_00
5691,455.28,455.35999999999996,SPEAKER_00
5692,455.36,455.44,SPEAKER_00
5693,455.44,455.52,SPEAKER_00
5694,455.52,455.59999999999997,SPEAKER_00
5695,455.6,455.68,SPEAKER_00
5696,455.68,455.76,SPEAKER_00
5697,455.76,455.84,SPEAKER_00
5698,455.84,455.91999999999996,SPEAKER_00
5699,455.92,456.0,SPEAKER_00
5700,456.0,456.08,SPEAKER_00
5701,456.08,456.15999999999997,SPEAKER_00
5702,456.16,456.24,SPEAKER_00
5703,456.24,456.32,SPEAKER_00
5704,456.32,456.4,SPEAKER_00
5705,456.4,456.47999999999996,SPEAKER_00
5706,456.48,456.56,SPEAKER_00
5707,456.56,456.64,SPEAKER_00
5708,456.64,456.71999999999997,SPEAKER_00
5709,456.72,456.8,SPEAKER_00
5710,456.8,456.88,SPEAKER_00
5711,456.88,456.96,SPEAKER_00
5712,456.96,457.03999999999996,SPEAKER_00
5713,457.04,457.12,SPEAKER_00
5714,457.12,457.2,SPEAKER_00
5715,457.2,457.28,SPEAKER_00
5716,457.28,457.35999999999996,SPEAKER_00
5717,457.36,457.44,SPEAKER_00
5718,457.44,457.52,SPEAKER_00
5719,457.52,457.59999999999997,SPEAKER_00
5720,457.6,457.68,SPEAKER_00
5721,457.68,457.76,SPEAKER_00
5722,457.76,457.84,SPEAKER_00
5723,457.84,457.91999999999996,SPEAKER_00
5724,457.92,458.0,SPEAKER_00
5725,458.0,458.08,SPEAKER_00
5726,458.08,458.15999999999997,SPEAKER_00
5727,458.16,458.24,SPEAKER_00
5728,458.24,458.32,SPEAKER_00
5729,458.32,458.4,SPEAKER_00
5730,458.4,458.47999999999996,SPEAKER_00
5731,458.48,458.56,SPEAKER_00
5732,458.56,458.64,SPEAKER_00
5733,458.64,458.71999999999997,SPEAKER_00
5734,458.72,458.8,SPEAKER_00
5735,458.8,458.88,SPEAKER_00
5736,458.88,458.96,SPEAKER_00
5737,458.96,459.03999999999996,SPEAKER_00
5738,459.04,459.12,SPEAKER_00
5739,459.12,459.2,SPEAKER_00
5740,459.2,459.28,SPEAKER_00
5741,459.28,459.35999999999996,SPEAKER_00
5742,459.36,459.44,SPEAKER_00
5743,459.44,459.52,SPEAKER_00
5744,459.52,459.59999999999997,SPEAKER_00
5745,459.6,459.68,SPEAKER_00
5746,459.68,459.76,SPEAKER_00
5747,459.76,459.84,SPEAKER_00
5748,459.84,459.91999999999996,SPEAKER_00
5749,459.92,460.0,SPEAKER_00
5750,460.0,460.08,SPEAKER_00
5751,460.08,460.15999999999997,SPEAKER_00
5752,460.16,460.24,SPEAKER_00
5753,460.24,460.32,SPEAKER_00
5754,460.32,460.4,SPEAKER_00
5755,460.4,460.47999999999996,SPEAKER_00
5756,460.48,460.56,SPEAKER_00
5757,460.56,460.64,SPEAKER_00
5758,460.64,460.71999999999997,SPEAKER_00
5759,460.72,460.8,SPEAKER_00
5760,460.8,460.88,SPEAKER_00
5761,460.88,460.96,SPEAKER_00
5762,460.96,461.03999999999996,SPEAKER_00
5763,461.04,461.12,SPEAKER_00
5764,461.12,461.2,SPEAKER_01
5765,461.2,461.28,SPEAKER_00
5766,461.28,461.35999999999996,SPEAKER_00
5767,461.36,461.44,SPEAKER_00
5768,461.44,461.52,SPEAKER_00
5769,461.52,461.59999999999997,SPEAKER_00
5770,461.6,461.68,SPEAKER_00
5771,461.68,461.76,SPEAKER_00
5772,461.76,461.84,SPEAKER_00
5773,461.84,461.91999999999996,SPEAKER_00
5774,461.92,462.0,SPEAKER_00
5775,462.0,462.08,SPEAKER_00
5776,462.08,462.15999999999997,SPEAKER_00
5777,462.16,462.24,SPEAKER_00
5778,462.24,462.32,SPEAKER_00
5779,462.32,462.4,SPEAKER_00
5780,462.4,462.47999999999996,SPEAKER_00
5781,462.48,462.56,SPEAKER_00
5782,462.56,462.64,SPEAKER_00
5783,462.64,462.71999999999997,SPEAKER_00
5784,462.72,462.8,SPEAKER_00
5785,462.8,462.88,SPEAKER_00
5786,462.88,462.96,SPEAKER_00
5787,462.96,463.03999999999996,SPEAKER_00
5788,463.04,463.12,SPEAKER_00
5789,463.12,463.2,SPEAKER_00
5790,463.2,463.28,SPEAKER_00
5791,463.28,463.35999999999996,SPEAKER_00
5792,463.36,463.44,SPEAKER_00
5793,463.44,463.52,SPEAKER_00
5794,463.52,463.59999999999997,SPEAKER_00
5795,463.6,463.68,SPEAKER_00
5796,463.68,463.76,SPEAKER_00
5797,463.76,463.84,SPEAKER_00
5798,463.84,463.91999999999996,SPEAKER_00
5799,463.92,464.0,SPEAKER_00
5800,464.0,464.08,SPEAKER_00
5801,464.08,464.15999999999997,SPEAKER_00
5802,464.16,464.24,SPEAKER_00
5803,464.24,464.32,SPEAKER_00
5804,464.32,464.4,SPEAKER_00
5805,464.4,464.47999999999996,SPEAKER_00
5806,464.48,464.56,SPEAKER_00
5807,464.56,464.64,SPEAKER_00
5808,464.64,464.71999999999997,SPEAKER_00
5809,464.72,464.8,SPEAKER_00
5810,464.8,464.88,SPEAKER_00
5811,464.88,464.96,SPEAKER_00
5812,464.96,465.03999999999996,SPEAKER_00
5813,465.04,465.12,SPEAKER_00
5814,465.12,465.2,SPEAKER_00
5815,465.2,465.28,SPEAKER_00
5816,465.28,465.35999999999996,SPEAKER_00
5817,465.36,465.44,SPEAKER_00
5818,465.44,465.52,SPEAKER_00
5819,465.52,465.59999999999997,SPEAKER_00
5820,465.6,465.68,SPEAKER_00
5821,465.68,465.76,SPEAKER_00
5822,465.76,465.84,SPEAKER_00
5823,465.84,465.91999999999996,SPEAKER_00
5824,465.92,466.0,SPEAKER_00
5825,466.0,466.08,SPEAKER_00
5826,466.08,466.15999999999997,SPEAKER_00
5827,466.16,466.24,SPEAKER_00
5828,466.24,466.32,SPEAKER_00
5829,466.32,466.4,SPEAKER_00
5830,466.4,466.47999999999996,SPEAKER_00
5831,466.48,466.56,SPEAKER_00
5832,466.56,466.64,SPEAKER_00
5833,466.64,466.71999999999997,SPEAKER_00
5834,466.72,466.8,SPEAKER_00
5835,466.8,466.88,SPEAKER_00
5836,466.88,466.96,SPEAKER_00
5837,466.96,467.03999999999996,SPEAKER_00
5838,467.04,467.12,SPEAKER_00
5839,467.12,467.2,SPEAKER_00
5840,467.2,467.28,SPEAKER_00
5841,467.28,467.35999999999996,SPEAKER_00
5842,467.36,467.44,SPEAKER_00
5843,467.44,467.52,SPEAKER_00
5844,467.52,467.59999999999997,SPEAKER_00
5845,467.6,467.68,SPEAKER_00
5846,467.68,467.76,SPEAKER_00
5847,467.76,467.84,SPEAKER_01
5848,467.84,467.91999999999996,SPEAKER_01
5849,467.92,468.0,SPEAKER_01
5850,468.0,468.08,SPEAKER_01
5851,468.08,468.15999999999997,SPEAKER_01
5852,468.16,468.24,SPEAKER_01
5853,468.24,468.32,SPEAKER_01
5854,468.32,468.4,SPEAKER_01
5855,468.4,468.47999999999996,SPEAKER_01
5856,468.48,468.56,SPEAKER_01
5857,468.56,468.64,SPEAKER_01
5858,468.64,468.71999999999997,SPEAKER_01
5859,468.72,468.8,SPEAKER_01
5860,468.8,468.88,SPEAKER_01
5861,468.88,468.96,SPEAKER_01
5862,468.96,469.03999999999996,SPEAKER_01
5863,469.04,469.12,SPEAKER_01
5864,469.12,469.2,SPEAKER_01
5865,469.2,469.28,SPEAKER_01
5866,469.28,469.35999999999996,SPEAKER_01
5867,469.36,469.44,SPEAKER_01
5868,469.44,469.52,SPEAKER_01
5869,469.52,469.59999999999997,SPEAKER_01
5870,469.6,469.68,SPEAKER_01
5871,469.68,469.76,SPEAKER_01
5872,469.76,469.84,SPEAKER_01
5873,469.84,469.91999999999996,SPEAKER_01
5874,469.92,470.0,SPEAKER_00
5875,470.0,470.08,SPEAKER_00
5876,470.08,470.15999999999997,SPEAKER_00
5877,470.16,470.24,SPEAKER_00
5878,470.24,470.32,SPEAKER_00
5879,470.32,470.4,SPEAKER_00
5880,470.4,470.47999999999996,SPEAKER_01
5881,470.48,470.56,SPEAKER_01
5882,470.56,470.64,SPEAKER_01
5883,470.64,470.71999999999997,SPEAKER_01
5884,470.72,470.8,SPEAKER_01
5885,470.8,470.88,SPEAKER_01
5886,470.88,470.96,SPEAKER_01
5887,470.96,471.03999999999996,SPEAKER_01
5888,471.04,471.12,SPEAKER_01
5889,471.12,471.2,SPEAKER_01
5890,471.2,471.28,SPEAKER_01
5891,471.28,471.35999999999996,SPEAKER_01
5892,471.36,471.44,SPEAKER_01
5893,471.44,471.52,SPEAKER_01
5894,471.52,471.59999999999997,SPEAKER_01
5895,471.6,471.68,SPEAKER_01
5896,471.68,471.76,SPEAKER_01
5897,471.76,471.84,SPEAKER_01
5898,471.84,471.91999999999996,SPEAKER_01
5899,471.92,472.0,SPEAKER_01
5900,472.0,472.08,SPEAKER_01
5901,472.08,472.15999999999997,SPEAKER_01
5902,472.16,472.24,SPEAKER_01
5903,472.24,472.32,SPEAKER_01
5904,472.32,472.4,SPEAKER_00
5905,472.4,472.47999999999996,SPEAKER_00
5906,472.48,472.56,SPEAKER_00
5907,472.56,472.64,SPEAKER_00
5908,472.64,472.71999999999997,SPEAKER_00
5909,472.72,472.8,SPEAKER_01
5910,472.8,472.88,SPEAKER_01
5911,472.88,472.96,SPEAKER_01
5912,472.96,473.03999999999996,SPEAKER_01
5913,473.04,473.12,SPEAKER_01
5914,473.12,473.2,SPEAKER_01
5915,473.2,473.28,SPEAKER_01
5916,473.28,473.35999999999996,SPEAKER_01
5917,473.36,473.44,SPEAKER_01
5918,473.44,473.52,SPEAKER_01
5919,473.52,473.59999999999997,SPEAKER_01
5920,473.6,473.68,SPEAKER_01
5921,473.68,473.76,SPEAKER_01
5922,473.76,473.84,SPEAKER_01
5923,473.84,473.91999999999996,SPEAKER_01
5924,473.92,474.0,SPEAKER_01
5925,474.0,474.08,SPEAKER_01
5926,474.08,474.15999999999997,SPEAKER_01
5927,474.16,474.24,SPEAKER_01
5928,474.24,474.32,SPEAKER_01
5929,474.32,474.4,SPEAKER_01
5930,474.4,474.47999999999996,SPEAKER_01
5931,474.48,474.56,SPEAKER_01
5932,474.56,474.64,SPEAKER_01
5933,474.64,474.71999999999997,SPEAKER_01
5934,474.72,474.8,SPEAKER_01
5935,474.8,474.88,SPEAKER_01
5936,474.88,474.96,SPEAKER_01
5937,474.96,475.03999999999996,SPEAKER_01
5938,475.04,475.12,SPEAKER_01
5939,475.12,475.2,SPEAKER_01
5940,475.2,475.28,SPEAKER_01
5941,475.28,475.35999999999996,SPEAKER_01
5942,475.36,475.44,SPEAKER_01
5943,475.44,475.52,SPEAKER_01
5944,475.52,475.59999999999997,SPEAKER_01
5945,475.6,475.68,SPEAKER_01
5946,475.68,475.76,SPEAKER_01
5947,475.76,475.84,SPEAKER_01
5948,475.84,475.91999999999996,SPEAKER_01
5949,475.92,476.0,SPEAKER_01
5950,476.0,476.08,SPEAKER_01
5951,476.08,476.15999999999997,SPEAKER_01
5952,476.16,476.24,SPEAKER_01
5953,476.24,476.32,SPEAKER_01
5954,476.32,476.4,SPEAKER_01
5955,476.4,476.47999999999996,SPEAKER_01
5956,476.48,476.56,SPEAKER_01
5957,476.56,476.64,SPEAKER_01
5958,476.64,476.71999999999997,SPEAKER_01
5959,476.72,476.8,SPEAKER_01
5960,476.8,476.88,SPEAKER_01
5961,476.88,476.96,SPEAKER_01
5962,476.96,477.03999999999996,SPEAKER_01
5963,477.04,477.12,SPEAKER_01
5964,477.12,477.2,SPEAKER_01
5965,477.2,477.28,SPEAKER_01
5966,477.28,477.35999999999996,SPEAKER_01
5967,477.36,477.44,SPEAKER_01
5968,477.44,477.52,SPEAKER_01
5969,477.52,477.59999999999997,SPEAKER_01
5970,477.6,477.68,SPEAKER_01
5971,477.68,477.76,SPEAKER_01
5972,477.76,477.84,SPEAKER_01
5973,477.84,477.91999999999996,SPEAKER_01
5974,477.92,478.0,SPEAKER_01
5975,478.0,478.08,SPEAKER_01
5976,478.08,478.15999999999997,SPEAKER_01
5977,478.16,478.24,SPEAKER_01
5978,478.24,478.32,SPEAKER_01
5979,478.32,478.4,SPEAKER_01
5980,478.4,478.47999999999996,SPEAKER_01
5981,478.48,478.56,SPEAKER_01
5982,478.56,478.64,SPEAKER_01
5983,478.64,478.71999999999997,SPEAKER_01
5984,478.72,478.8,SPEAKER_01
5985,478.8,478.88,SPEAKER_01
5986,478.88,478.96,SPEAKER_01
5987,478.96,479.03999999999996,SPEAKER_01
5988,479.04,479.12,SPEAKER_01
5989,479.12,479.2,SPEAKER_01
5990,479.2,479.28,SPEAKER_01
5991,479.28,479.35999999999996,SPEAKER_01
5992,479.36,479.44,SPEAKER_01
5993,479.44,479.52,SPEAKER_01
5994,479.52,479.59999999999997,SPEAKER_01
5995,479.6,479.68,SPEAKER_01
5996,479.68,479.76,SPEAKER_01
5997,479.76,479.84,SPEAKER_01
5998,479.84,479.91999999999996,SPEAKER_01
5999,479.92,480.0,SPEAKER_01
6000,480.0,480.08,SPEAKER_01
6001,480.08,480.15999999999997,SPEAKER_01
6002,480.16,480.24,SPEAKER_01
6003,480.24,480.32,SPEAKER_01
6004,480.32,480.4,SPEAKER_01
6005,480.4,480.47999999999996,SPEAKER_01
6006,480.48,480.56,SPEAKER_01
6007,480.56,480.64,SPEAKER_01
6008,480.64,480.71999999999997,SPEAKER_01
6009,480.72,480.8,SPEAKER_01
6010,480.8,480.88,SPEAKER_01
6011,480.88,480.96,SPEAKER_01
6012,480.96,481.03999999999996,SPEAKER_01
6013,481.04,481.12,SPEAKER_01
6014,481.12,481.2,SPEAKER_01
6015,481.2,481.28,SPEAKER_01
6016,481.28,481.35999999999996,SPEAKER_01
6017,481.36,481.44,SPEAKER_01
6018,481.44,481.52,SPEAKER_01
6019,481.52,481.59999999999997,SPEAKER_01
6020,481.6,481.68,SPEAKER_01
6021,481.68,481.76,SPEAKER_01
6022,481.76,481.84,SPEAKER_01
6023,481.84,481.91999999999996,SPEAKER_01
6024,481.92,482.0,SPEAKER_01
6025,482.0,482.08,SPEAKER_01
6026,482.08,482.15999999999997,SPEAKER_01
6027,482.16,482.24,SPEAKER_01
6028,482.24,482.32,SPEAKER_01
6029,482.32,482.4,SPEAKER_01
6030,482.4,482.47999999999996,SPEAKER_01
6031,482.48,482.56,SPEAKER_01
6032,482.56,482.64,SPEAKER_01
6033,482.64,482.71999999999997,SPEAKER_01
6034,482.72,482.8,SPEAKER_01
6035,482.8,482.88,SPEAKER_01
6036,482.88,482.96,SPEAKER_01
6037,482.96,483.03999999999996,SPEAKER_01
6038,483.04,483.12,SPEAKER_01
6039,483.12,483.2,SPEAKER_01
6040,483.2,483.28,SPEAKER_01
6041,483.28,483.35999999999996,SPEAKER_01
6042,483.36,483.44,SPEAKER_01
6043,483.44,483.52,SPEAKER_01
6044,483.52,483.59999999999997,SPEAKER_01
6045,483.6,483.68,SPEAKER_01
6046,483.68,483.76,SPEAKER_01
6047,483.76,483.84,SPEAKER_01
6048,483.84,483.91999999999996,SPEAKER_01
6049,483.92,484.0,SPEAKER_01
6050,484.0,484.08,SPEAKER_01
6051,484.08,484.15999999999997,SPEAKER_01
6052,484.16,484.24,SPEAKER_01
6053,484.24,484.32,SPEAKER_01
6054,484.32,484.4,SPEAKER_01
6055,484.4,484.47999999999996,SPEAKER_01
6056,484.48,484.56,SPEAKER_01
6057,484.56,484.64,SPEAKER_01
6058,484.64,484.71999999999997,SPEAKER_01
6059,484.72,484.8,SPEAKER_01
6060,484.8,484.88,SPEAKER_01
6061,484.88,484.96,SPEAKER_01
6062,484.96,485.03999999999996,SPEAKER_01
6063,485.04,485.12,SPEAKER_01
6064,485.12,485.2,SPEAKER_01
6065,485.2,485.28,SPEAKER_01
6066,485.28,485.35999999999996,SPEAKER_01
6067,485.36,485.44,SPEAKER_01
6068,485.44,485.52,SPEAKER_01
6069,485.52,485.59999999999997,SPEAKER_01
6070,485.6,485.68,SPEAKER_01
6071,485.68,485.76,SPEAKER_01
6072,485.76,485.84,SPEAKER_01
6073,485.84,485.91999999999996,SPEAKER_01
6074,485.92,486.0,SPEAKER_01
6075,486.0,486.08,SPEAKER_01
6076,486.08,486.15999999999997,SPEAKER_01
6077,486.16,486.24,SPEAKER_01
6078,486.24,486.32,SPEAKER_01
6079,486.32,486.4,SPEAKER_01
6080,486.4,486.47999999999996,SPEAKER_01
6081,486.48,486.56,SPEAKER_01
6082,486.56,486.64,SPEAKER_00
6083,486.64,486.71999999999997,SPEAKER_01
6084,486.72,486.8,SPEAKER_01
6085,486.8,486.88,SPEAKER_01
6086,486.88,486.96,SPEAKER_01
6087,486.96,487.03999999999996,SPEAKER_01
6088,487.04,487.12,SPEAKER_01
6089,487.12,487.2,SPEAKER_01
6090,487.2,487.28,SPEAKER_00
6091,487.28,487.35999999999996,SPEAKER_00
6092,487.36,487.44,SPEAKER_00
6093,487.44,487.52,SPEAKER_01
6094,487.52,487.59999999999997,SPEAKER_01
6095,487.6,487.68,SPEAKER_01
6096,487.68,487.76,SPEAKER_01
6097,487.76,487.84,SPEAKER_01
6098,487.84,487.91999999999996,SPEAKER_01
6099,487.92,488.0,SPEAKER_01
6100,488.0,488.08,SPEAKER_01
6101,488.08,488.15999999999997,SPEAKER_01
6102,488.16,488.24,SPEAKER_01
6103,488.24,488.32,SPEAKER_01
6104,488.32,488.4,SPEAKER_01
6105,488.4,488.47999999999996,SPEAKER_01
6106,488.48,488.56,SPEAKER_01
6107,488.56,488.64,SPEAKER_01
6108,488.64,488.71999999999997,SPEAKER_01
6109,488.72,488.8,SPEAKER_01
6110,488.8,488.88,SPEAKER_01
6111,488.88,488.96,SPEAKER_01
6112,488.96,489.03999999999996,SPEAKER_01
6113,489.04,489.12,SPEAKER_01
6114,489.12,489.2,SPEAKER_00
6115,489.2,489.28,SPEAKER_00
6116,489.28,489.35999999999996,SPEAKER_00
6117,489.36,489.44,SPEAKER_00
6118,489.44,489.52,SPEAKER_00
6119,489.52,489.59999999999997,SPEAKER_00
6120,489.6,489.68,SPEAKER_00
6121,489.68,489.76,SPEAKER_00
6122,489.76,489.84,SPEAKER_00
6123,489.84,489.91999999999996,SPEAKER_00
6124,489.92,490.0,SPEAKER_00
6125,490.0,490.08,SPEAKER_00
6126,490.08,490.15999999999997,SPEAKER_00
6127,490.16,490.24,SPEAKER_00
6128,490.24,490.32,SPEAKER_00
6129,490.32,490.4,SPEAKER_00
6130,490.4,490.47999999999996,SPEAKER_00
6131,490.48,490.56,SPEAKER_00
6132,490.56,490.64,SPEAKER_00
6133,490.64,490.71999999999997,SPEAKER_00
6134,490.72,490.8,SPEAKER_00
6135,490.8,490.88,SPEAKER_00
6136,490.88,490.96,SPEAKER_00
6137,490.96,491.03999999999996,SPEAKER_00
6138,491.04,491.12,SPEAKER_00
6139,491.12,491.2,SPEAKER_00
6140,491.2,491.28,SPEAKER_00
6141,491.28,491.35999999999996,SPEAKER_00
6142,491.36,491.44,SPEAKER_00
6143,491.44,491.52,SPEAKER_00
6144,491.52,491.59999999999997,SPEAKER_00
6145,491.6,491.68,SPEAKER_00
6146,491.68,491.76,SPEAKER_00
6147,491.76,491.84,SPEAKER_00
6148,491.84,491.91999999999996,SPEAKER_00
6149,491.92,492.0,SPEAKER_00
6150,492.0,492.08,SPEAKER_00
6151,492.08,492.15999999999997,SPEAKER_00
6152,492.16,492.24,SPEAKER_00
6153,492.24,492.32,SPEAKER_00
6154,492.32,492.4,SPEAKER_00
6155,492.4,492.47999999999996,SPEAKER_00
6156,492.48,492.56,SPEAKER_00
6157,492.56,492.64,SPEAKER_00
6158,492.64,492.71999999999997,SPEAKER_00
6159,492.72,492.8,SPEAKER_00
6160,492.8,492.88,SPEAKER_00
6161,492.88,492.96,SPEAKER_00
6162,492.96,493.03999999999996,SPEAKER_00
6163,493.04,493.12,SPEAKER_00
6164,493.12,493.2,SPEAKER_00
6165,493.2,493.28,SPEAKER_00
6166,493.28,493.35999999999996,SPEAKER_00
6167,493.36,493.44,SPEAKER_00
6168,493.44,493.52,SPEAKER_00
6169,493.52,493.59999999999997,SPEAKER_00
6170,493.6,493.68,SPEAKER_00
6171,493.68,493.76,SPEAKER_00
6172,493.76,493.84,SPEAKER_00
6173,493.84,493.91999999999996,SPEAKER_00
6174,493.92,494.0,SPEAKER_00
6175,494.0,494.08,SPEAKER_00
6176,494.08,494.15999999999997,SPEAKER_00
6177,494.16,494.24,SPEAKER_00
6178,494.24,494.32,SPEAKER_00
6179,494.32,494.4,SPEAKER_00
6180,494.4,494.47999999999996,SPEAKER_00
6181,494.48,494.56,SPEAKER_00
6182,494.56,494.64,SPEAKER_00
6183,494.64,494.71999999999997,SPEAKER_00
6184,494.72,494.8,SPEAKER_00
6185,494.8,494.88,SPEAKER_00
6186,494.88,494.96,SPEAKER_00
6187,494.96,495.03999999999996,SPEAKER_00
6188,495.04,495.12,SPEAKER_00
6189,495.12,495.2,SPEAKER_00
6190,495.2,495.28,SPEAKER_00
6191,495.28,495.35999999999996,SPEAKER_00
6192,495.36,495.44,SPEAKER_00
6193,495.44,495.52,SPEAKER_00
6194,495.52,495.59999999999997,SPEAKER_00
6195,495.6,495.68,SPEAKER_00
6196,495.68,495.76,SPEAKER_00
6197,495.76,495.84,SPEAKER_00
6198,495.84,495.91999999999996,SPEAKER_00
6199,495.92,496.0,SPEAKER_00
6200,496.0,496.08,SPEAKER_00
6201,496.08,496.15999999999997,SPEAKER_00
6202,496.16,496.24,SPEAKER_00
6203,496.24,496.32,SPEAKER_00
6204,496.32,496.4,SPEAKER_00
6205,496.4,496.47999999999996,SPEAKER_00
6206,496.48,496.56,SPEAKER_00
6207,496.56,496.64,SPEAKER_00
6208,496.64,496.71999999999997,SPEAKER_00
6209,496.72,496.8,SPEAKER_00
6210,496.8,496.88,SPEAKER_00
6211,496.88,496.96,SPEAKER_00
6212,496.96,497.03999999999996,SPEAKER_00
6213,497.04,497.12,SPEAKER_00
6214,497.12,497.2,SPEAKER_00
6215,497.2,497.28,SPEAKER_00
6216,497.28,497.35999999999996,SPEAKER_00
6217,497.36,497.44,SPEAKER_00
6218,497.44,497.52,SPEAKER_00
6219,497.52,497.59999999999997,SPEAKER_00
6220,497.6,497.68,SPEAKER_00
6221,497.68,497.76,SPEAKER_00
6222,497.76,497.84,SPEAKER_00
6223,497.84,497.91999999999996,SPEAKER_00
6224,497.92,498.0,SPEAKER_00
6225,498.0,498.08,SPEAKER_00
6226,498.08,498.15999999999997,SPEAKER_00
6227,498.16,498.24,SPEAKER_00
6228,498.24,498.32,SPEAKER_00
6229,498.32,498.4,SPEAKER_00
6230,498.4,498.47999999999996,SPEAKER_00
6231,498.48,498.56,SPEAKER_00
6232,498.56,498.64,SPEAKER_00
6233,498.64,498.71999999999997,SPEAKER_00
6234,498.72,498.8,SPEAKER_00
6235,498.8,498.88,SPEAKER_00
6236,498.88,498.96,SPEAKER_00
6237,498.96,499.03999999999996,SPEAKER_00
6238,499.04,499.12,SPEAKER_00
6239,499.12,499.2,SPEAKER_00
6240,499.2,499.28,SPEAKER_00
6241,499.28,499.35999999999996,SPEAKER_00
6242,499.36,499.44,SPEAKER_00
6243,499.44,499.52,SPEAKER_00
6244,499.52,499.59999999999997,SPEAKER_00
6245,499.6,499.68,SPEAKER_00
6246,499.68,499.76,SPEAKER_00
6247,499.76,499.84,SPEAKER_00
6248,499.84,499.91999999999996,SPEAKER_00
6249,499.92,500.0,SPEAKER_00
6250,500.0,500.08,SPEAKER_00
6251,500.08,500.15999999999997,SPEAKER_00
6252,500.16,500.24,SPEAKER_00
6253,500.24,500.32,SPEAKER_00
6254,500.32,500.4,SPEAKER_00
6255,500.4,500.47999999999996,SPEAKER_00
6256,500.48,500.56,SPEAKER_00
6257,500.56,500.64,SPEAKER_00
6258,500.64,500.71999999999997,SPEAKER_00
6259,500.72,500.8,SPEAKER_00
6260,500.8,500.88,SPEAKER_00
6261,500.88,500.96,SPEAKER_00
6262,500.96,501.03999999999996,SPEAKER_00
6263,501.04,501.12,SPEAKER_00
6264,501.12,501.2,SPEAKER_00
6265,501.2,501.28,SPEAKER_00
6266,501.28,501.35999999999996,SPEAKER_00
6267,501.36,501.44,SPEAKER_00
6268,501.44,501.52,SPEAKER_00
6269,501.52,501.59999999999997,SPEAKER_00
6270,501.6,501.68,SPEAKER_00
6271,501.68,501.76,SPEAKER_00
6272,501.76,501.84,SPEAKER_00
6273,501.84,501.91999999999996,SPEAKER_00
6274,501.92,502.0,SPEAKER_00
6275,502.0,502.08,SPEAKER_00
6276,502.08,502.15999999999997,SPEAKER_00
6277,502.16,502.24,SPEAKER_00
6278,502.24,502.32,SPEAKER_00
6279,502.32,502.4,SPEAKER_00
6280,502.4,502.47999999999996,SPEAKER_00
6281,502.48,502.56,SPEAKER_00
6282,502.56,502.64,SPEAKER_00
6283,502.64,502.71999999999997,SPEAKER_00
6284,502.72,502.8,SPEAKER_00
6285,502.8,502.88,SPEAKER_00
6286,502.88,502.96,SPEAKER_00
6287,502.96,503.03999999999996,SPEAKER_00
6288,503.04,503.12,SPEAKER_00
6289,503.12,503.2,SPEAKER_00
6290,503.2,503.28,SPEAKER_00
6291,503.28,503.35999999999996,SPEAKER_00
6292,503.36,503.44,SPEAKER_00
6293,503.44,503.52,SPEAKER_00
6294,503.52,503.59999999999997,SPEAKER_00
6295,503.6,503.68,SPEAKER_00
6296,503.68,503.76,SPEAKER_00
6297,503.76,503.84,SPEAKER_00
6298,503.84,503.91999999999996,SPEAKER_00
6299,503.92,504.0,SPEAKER_00
6300,504.0,504.08,SPEAKER_00
6301,504.08,504.15999999999997,SPEAKER_00
6302,504.16,504.24,SPEAKER_00
6303,504.24,504.32,SPEAKER_00
6304,504.32,504.4,SPEAKER_00
6305,504.4,504.47999999999996,SPEAKER_00
6306,504.48,504.56,SPEAKER_00
6307,504.56,504.64,SPEAKER_00
6308,504.64,504.71999999999997,SPEAKER_00
6309,504.72,504.8,SPEAKER_00
6310,504.8,504.88,SPEAKER_00
6311,504.88,504.96,SPEAKER_00
6312,504.96,505.03999999999996,SPEAKER_00
6313,505.04,505.12,SPEAKER_00
6314,505.12,505.2,SPEAKER_00
6315,505.2,505.28,SPEAKER_00
6316,505.28,505.35999999999996,SPEAKER_00
6317,505.36,505.44,SPEAKER_00
6318,505.44,505.52,SPEAKER_00
6319,505.52,505.59999999999997,SPEAKER_00
6320,505.6,505.68,SPEAKER_00
6321,505.68,505.76,SPEAKER_00
6322,505.76,505.84,SPEAKER_00
6323,505.84,505.91999999999996,SPEAKER_00
6324,505.92,506.0,SPEAKER_00
6325,506.0,506.08,SPEAKER_00
6326,506.08,506.15999999999997,SPEAKER_00
6327,506.16,506.24,SPEAKER_00
6328,506.24,506.32,SPEAKER_00
6329,506.32,506.4,SPEAKER_00
6330,506.4,506.47999999999996,SPEAKER_00
6331,506.48,506.56,SPEAKER_00
6332,506.56,506.64,SPEAKER_00
6333,506.64,506.71999999999997,SPEAKER_00
6334,506.72,506.8,SPEAKER_00
6335,506.8,506.88,SPEAKER_00
6336,506.88,506.96,SPEAKER_00
6337,506.96,507.03999999999996,SPEAKER_00
6338,507.04,507.12,SPEAKER_00
6339,507.12,507.2,SPEAKER_00
6340,507.2,507.28,SPEAKER_00
6341,507.28,507.35999999999996,SPEAKER_00
6342,507.36,507.44,SPEAKER_01
6343,507.44,507.52,SPEAKER_01
6344,507.52,507.59999999999997,SPEAKER_01
6345,507.6,507.68,SPEAKER_01
6346,507.68,507.76,SPEAKER_01
6347,507.76,507.84,SPEAKER_01
6348,507.84,507.91999999999996,SPEAKER_01
6349,507.92,508.0,SPEAKER_01
6350,508.0,508.08,SPEAKER_01
6351,508.08,508.15999999999997,SPEAKER_01
6352,508.16,508.24,SPEAKER_01
6353,508.24,508.32,SPEAKER_01
6354,508.32,508.4,SPEAKER_01
6355,508.4,508.47999999999996,SPEAKER_01
6356,508.48,508.56,SPEAKER_01
6357,508.56,508.64,SPEAKER_01
6358,508.64,508.71999999999997,SPEAKER_01
6359,508.72,508.8,SPEAKER_01
6360,508.8,508.88,SPEAKER_01
6361,508.88,508.96,SPEAKER_01
6362,508.96,509.03999999999996,SPEAKER_01
6363,509.04,509.12,SPEAKER_01
6364,509.12,509.2,SPEAKER_01
6365,509.2,509.28,SPEAKER_01
6366,509.28,509.35999999999996,SPEAKER_01
6367,509.36,509.44,SPEAKER_01
6368,509.44,509.52,SPEAKER_01
6369,509.52,509.59999999999997,SPEAKER_01
6370,509.6,509.68,SPEAKER_01
6371,509.68,509.76,SPEAKER_01
6372,509.76,509.84,SPEAKER_01
6373,509.84,509.91999999999996,SPEAKER_01
6374,509.92,510.0,SPEAKER_01
6375,510.0,510.08,SPEAKER_00
6376,510.08,510.15999999999997,SPEAKER_00
6377,510.16,510.24,SPEAKER_00
6378,510.24,510.32,SPEAKER_00
6379,510.32,510.4,SPEAKER_00
6380,510.4,510.47999999999996,SPEAKER_00
6381,510.48,510.56,SPEAKER_00
6382,510.56,510.64,SPEAKER_00
6383,510.64,510.71999999999997,SPEAKER_00
6384,510.72,510.8,SPEAKER_00
6385,510.8,510.88,SPEAKER_00
6386,510.88,510.96,SPEAKER_00
6387,510.96,511.03999999999996,SPEAKER_00
6388,511.04,511.12,SPEAKER_00
6389,511.12,511.2,SPEAKER_00
6390,511.2,511.28,SPEAKER_00
6391,511.28,511.35999999999996,SPEAKER_00
6392,511.36,511.44,SPEAKER_00
6393,511.44,511.52,SPEAKER_00
6394,511.52,511.59999999999997,SPEAKER_00
6395,511.6,511.68,SPEAKER_00
6396,511.68,511.76,SPEAKER_00
6397,511.76,511.84,SPEAKER_00
6398,511.84,511.91999999999996,SPEAKER_00
6399,511.92,512.0,SPEAKER_00
6400,512.0,512.08,SPEAKER_00
6401,512.08,512.1600000000001,SPEAKER_00
6402,512.16,512.24,SPEAKER_00
6403,512.24,512.32,SPEAKER_00
6404,512.32,512.4000000000001,SPEAKER_00
6405,512.4,512.48,SPEAKER_00
6406,512.48,512.5600000000001,SPEAKER_00
6407,512.56,512.64,SPEAKER_00
6408,512.64,512.72,SPEAKER_00
6409,512.72,512.8000000000001,SPEAKER_00
6410,512.8,512.88,SPEAKER_00
6411,512.88,512.96,SPEAKER_00
6412,512.96,513.0400000000001,SPEAKER_00
6413,513.04,513.12,SPEAKER_00
6414,513.12,513.2,SPEAKER_00
6415,513.2,513.2800000000001,SPEAKER_00
6416,513.28,513.36,SPEAKER_00
6417,513.36,513.44,SPEAKER_00
6418,513.44,513.5200000000001,SPEAKER_00
6419,513.52,513.6,SPEAKER_00
6420,513.6,513.6800000000001,SPEAKER_00
6421,513.68,513.76,SPEAKER_00
6422,513.76,513.84,SPEAKER_00
6423,513.84,513.9200000000001,SPEAKER_00
6424,513.92,514.0,SPEAKER_00
6425,514.0,514.08,SPEAKER_00
6426,514.08,514.1600000000001,SPEAKER_00
6427,514.16,514.24,SPEAKER_00
6428,514.24,514.32,SPEAKER_00
6429,514.32,514.4000000000001,SPEAKER_00
6430,514.4,514.48,SPEAKER_00
6431,514.48,514.5600000000001,SPEAKER_00
6432,514.56,514.64,SPEAKER_00
6433,514.64,514.72,SPEAKER_00
6434,514.72,514.8000000000001,SPEAKER_00
6435,514.8,514.88,SPEAKER_00
6436,514.88,514.96,SPEAKER_00
6437,514.96,515.0400000000001,SPEAKER_00
6438,515.04,515.12,SPEAKER_00
6439,515.12,515.2,SPEAKER_00
6440,515.2,515.2800000000001,SPEAKER_00
6441,515.28,515.36,SPEAKER_00
6442,515.36,515.44,SPEAKER_00
6443,515.44,515.5200000000001,SPEAKER_00
6444,515.52,515.6,SPEAKER_00
6445,515.6,515.6800000000001,SPEAKER_00
6446,515.68,515.76,SPEAKER_00
6447,515.76,515.84,SPEAKER_00
6448,515.84,515.9200000000001,SPEAKER_00
6449,515.92,516.0,SPEAKER_00
6450,516.0,516.08,SPEAKER_00
6451,516.08,516.1600000000001,SPEAKER_00
6452,516.16,516.24,SPEAKER_00
6453,516.24,516.32,SPEAKER_00
6454,516.32,516.4000000000001,SPEAKER_00
6455,516.4,516.48,SPEAKER_00
6456,516.48,516.5600000000001,SPEAKER_00
6457,516.56,516.64,SPEAKER_00
6458,516.64,516.72,SPEAKER_00
6459,516.72,516.8000000000001,SPEAKER_00
6460,516.8,516.88,SPEAKER_00
6461,516.88,516.96,SPEAKER_00
6462,516.96,517.0400000000001,SPEAKER_00
6463,517.04,517.12,SPEAKER_00
6464,517.12,517.2,SPEAKER_00
6465,517.2,517.2800000000001,SPEAKER_00
6466,517.28,517.36,SPEAKER_00
6467,517.36,517.44,SPEAKER_00
6468,517.44,517.5200000000001,SPEAKER_00
6469,517.52,517.6,SPEAKER_00
6470,517.6,517.6800000000001,SPEAKER_00
6471,517.68,517.76,SPEAKER_00
6472,517.76,517.84,SPEAKER_00
6473,517.84,517.9200000000001,SPEAKER_00
6474,517.92,518.0,SPEAKER_00
6475,518.0,518.08,SPEAKER_00
6476,518.08,518.1600000000001,SPEAKER_00
6477,518.16,518.24,SPEAKER_00
6478,518.24,518.32,SPEAKER_00
6479,518.32,518.4000000000001,SPEAKER_00
6480,518.4,518.48,SPEAKER_00
6481,518.48,518.5600000000001,SPEAKER_00
6482,518.56,518.64,SPEAKER_00
6483,518.64,518.72,SPEAKER_00
6484,518.72,518.8000000000001,SPEAKER_00
6485,518.8,518.88,SPEAKER_00
6486,518.88,518.96,SPEAKER_00
6487,518.96,519.0400000000001,SPEAKER_00
6488,519.04,519.12,SPEAKER_00
6489,519.12,519.2,SPEAKER_00
6490,519.2,519.2800000000001,SPEAKER_00
6491,519.28,519.36,SPEAKER_00
6492,519.36,519.44,SPEAKER_00
6493,519.44,519.5200000000001,SPEAKER_00
6494,519.52,519.6,SPEAKER_00
6495,519.6,519.6800000000001,SPEAKER_00
6496,519.68,519.76,SPEAKER_00
6497,519.76,519.84,SPEAKER_00
6498,519.84,519.9200000000001,SPEAKER_00
6499,519.92,520.0,SPEAKER_00
6500,520.0,520.08,SPEAKER_00
6501,520.08,520.1600000000001,SPEAKER_00
6502,520.16,520.24,SPEAKER_00
6503,520.24,520.32,SPEAKER_00
6504,520.32,520.4000000000001,SPEAKER_00
6505,520.4,520.48,SPEAKER_00
6506,520.48,520.5600000000001,SPEAKER_00
6507,520.56,520.64,SPEAKER_00
6508,520.64,520.72,SPEAKER_00
6509,520.72,520.8000000000001,SPEAKER_00
6510,520.8,520.88,SPEAKER_00
6511,520.88,520.96,SPEAKER_00
6512,520.96,521.0400000000001,SPEAKER_00
6513,521.04,521.12,SPEAKER_00
6514,521.12,521.2,SPEAKER_00
6515,521.2,521.2800000000001,SPEAKER_00
6516,521.28,521.36,SPEAKER_00
6517,521.36,521.44,SPEAKER_00
6518,521.44,521.5200000000001,SPEAKER_00
6519,521.52,521.6,SPEAKER_00
6520,521.6,521.6800000000001,SPEAKER_00
6521,521.68,521.76,SPEAKER_00
6522,521.76,521.84,SPEAKER_00
6523,521.84,521.9200000000001,SPEAKER_00
6524,521.92,522.0,SPEAKER_00
6525,522.0,522.08,SPEAKER_00
6526,522.08,522.1600000000001,SPEAKER_00
6527,522.16,522.24,SPEAKER_00
6528,522.24,522.32,SPEAKER_00
6529,522.32,522.4000000000001,SPEAKER_00
6530,522.4,522.48,SPEAKER_00
6531,522.48,522.5600000000001,SPEAKER_00
6532,522.56,522.64,SPEAKER_00
6533,522.64,522.72,SPEAKER_00
6534,522.72,522.8000000000001,SPEAKER_00
6535,522.8,522.88,SPEAKER_00
6536,522.88,522.96,SPEAKER_00
6537,522.96,523.0400000000001,SPEAKER_00
6538,523.04,523.12,SPEAKER_01
6539,523.12,523.2,SPEAKER_01
6540,523.2,523.2800000000001,SPEAKER_01
6541,523.28,523.36,SPEAKER_01
6542,523.36,523.44,SPEAKER_01
6543,523.44,523.5200000000001,SPEAKER_01
6544,523.52,523.6,SPEAKER_01
6545,523.6,523.6800000000001,SPEAKER_01
6546,523.68,523.76,SPEAKER_01
6547,523.76,523.84,SPEAKER_01
6548,523.84,523.9200000000001,SPEAKER_01
6549,523.92,524.0,SPEAKER_01
6550,524.0,524.08,SPEAKER_01
6551,524.08,524.1600000000001,SPEAKER_01
6552,524.16,524.24,SPEAKER_01
6553,524.24,524.32,SPEAKER_01
6554,524.32,524.4000000000001,SPEAKER_01
6555,524.4,524.48,SPEAKER_01
6556,524.48,524.5600000000001,SPEAKER_01
6557,524.56,524.64,SPEAKER_01
6558,524.64,524.72,SPEAKER_01
6559,524.72,524.8000000000001,SPEAKER_01
6560,524.8,524.88,SPEAKER_01
6561,524.88,524.96,SPEAKER_01
6562,524.96,525.0400000000001,SPEAKER_01
6563,525.04,525.12,SPEAKER_01
6564,525.12,525.2,SPEAKER_01
6565,525.2,525.2800000000001,SPEAKER_01
6566,525.28,525.36,SPEAKER_01
6567,525.36,525.44,SPEAKER_01
6568,525.44,525.5200000000001,SPEAKER_01
6569,525.52,525.6,SPEAKER_01
6570,525.6,525.6800000000001,SPEAKER_01
6571,525.68,525.76,SPEAKER_01
6572,525.76,525.84,SPEAKER_01
6573,525.84,525.9200000000001,SPEAKER_01
6574,525.92,526.0,SPEAKER_01
6575,526.0,526.08,SPEAKER_00
6576,526.08,526.1600000000001,SPEAKER_00
6577,526.16,526.24,SPEAKER_00
6578,526.24,526.32,SPEAKER_00
6579,526.32,526.4000000000001,SPEAKER_00
6580,526.4,526.48,SPEAKER_00
6581,526.48,526.5600000000001,SPEAKER_01
6582,526.56,526.64,SPEAKER_01
6583,526.64,526.72,SPEAKER_01
6584,526.72,526.8000000000001,SPEAKER_01
6585,526.8,526.88,SPEAKER_01
6586,526.88,526.96,SPEAKER_01
6587,526.96,527.0400000000001,SPEAKER_01
6588,527.04,527.12,SPEAKER_01
6589,527.12,527.2,SPEAKER_01
6590,527.2,527.2800000000001,SPEAKER_01
6591,527.28,527.36,SPEAKER_01
6592,527.36,527.44,SPEAKER_01
6593,527.44,527.5200000000001,SPEAKER_01
6594,527.52,527.6,SPEAKER_01
6595,527.6,527.6800000000001,SPEAKER_01
6596,527.68,527.76,SPEAKER_01
6597,527.76,527.84,SPEAKER_01
6598,527.84,527.9200000000001,SPEAKER_01
6599,527.92,528.0,SPEAKER_01
6600,528.0,528.08,SPEAKER_01
6601,528.08,528.1600000000001,SPEAKER_01
6602,528.16,528.24,SPEAKER_01
6603,528.24,528.32,SPEAKER_01
6604,528.32,528.4000000000001,SPEAKER_01
6605,528.4,528.48,SPEAKER_01
6606,528.48,528.5600000000001,SPEAKER_01
6607,528.56,528.64,SPEAKER_01
6608,528.64,528.72,SPEAKER_01
6609,528.72,528.8000000000001,SPEAKER_01
6610,528.8,528.88,SPEAKER_01
6611,528.88,528.96,SPEAKER_01
6612,528.96,529.0400000000001,SPEAKER_01
6613,529.04,529.12,SPEAKER_01
6614,529.12,529.2,SPEAKER_01
6615,529.2,529.2800000000001,SPEAKER_01
6616,529.28,529.36,SPEAKER_01
6617,529.36,529.44,SPEAKER_01
6618,529.44,529.5200000000001,SPEAKER_01
6619,529.52,529.6,SPEAKER_00
6620,529.6,529.6800000000001,SPEAKER_00
6621,529.68,529.76,SPEAKER_00
6622,529.76,529.84,SPEAKER_00
6623,529.84,529.9200000000001,SPEAKER_00
6624,529.92,530.0,SPEAKER_00
6625,530.0,530.08,SPEAKER_00
6626,530.08,530.1600000000001,SPEAKER_00
6627,530.16,530.24,SPEAKER_01
6628,530.24,530.32,SPEAKER_01
6629,530.32,530.4000000000001,SPEAKER_01
6630,530.4,530.48,SPEAKER_01
6631,530.48,530.5600000000001,SPEAKER_01
6632,530.56,530.64,SPEAKER_01
6633,530.64,530.72,SPEAKER_01
6634,530.72,530.8000000000001,SPEAKER_01
6635,530.8,530.88,SPEAKER_01
6636,530.88,530.96,SPEAKER_01
6637,530.96,531.0400000000001,SPEAKER_01
6638,531.04,531.12,SPEAKER_01
6639,531.12,531.2,SPEAKER_01
6640,531.2,531.2800000000001,SPEAKER_01
6641,531.28,531.36,SPEAKER_01
6642,531.36,531.44,SPEAKER_01
6643,531.44,531.5200000000001,SPEAKER_01
6644,531.52,531.6,SPEAKER_01
6645,531.6,531.6800000000001,SPEAKER_01
6646,531.68,531.76,SPEAKER_01
6647,531.76,531.84,SPEAKER_01
6648,531.84,531.9200000000001,SPEAKER_01
6649,531.92,532.0,SPEAKER_01
6650,532.0,532.08,SPEAKER_01
6651,532.08,532.1600000000001,SPEAKER_01
6652,532.16,532.24,SPEAKER_01
6653,532.24,532.32,SPEAKER_01
6654,532.32,532.4000000000001,SPEAKER_01
6655,532.4,532.48,SPEAKER_01
6656,532.48,532.5600000000001,SPEAKER_01
6657,532.56,532.64,SPEAKER_01
6658,532.64,532.72,SPEAKER_01
6659,532.72,532.8000000000001,SPEAKER_01
6660,532.8,532.88,SPEAKER_01
6661,532.88,532.96,SPEAKER_01
6662,532.96,533.0400000000001,SPEAKER_01
6663,533.04,533.12,SPEAKER_01
6664,533.12,533.2,SPEAKER_01
6665,533.2,533.2800000000001,SPEAKER_01
6666,533.28,533.36,SPEAKER_01
6667,533.36,533.44,SPEAKER_01
6668,533.44,533.5200000000001,SPEAKER_01
6669,533.52,533.6,SPEAKER_01
6670,533.6,533.6800000000001,SPEAKER_01
6671,533.68,533.76,SPEAKER_01
6672,533.76,533.84,SPEAKER_01
6673,533.84,533.9200000000001,SPEAKER_01
6674,533.92,534.0,SPEAKER_01
6675,534.0,534.08,SPEAKER_01
6676,534.08,534.1600000000001,SPEAKER_01
6677,534.16,534.24,SPEAKER_01
6678,534.24,534.32,SPEAKER_01
6679,534.32,534.4000000000001,SPEAKER_00
6680,534.4,534.48,SPEAKER_00
6681,534.48,534.5600000000001,SPEAKER_00
6682,534.56,534.64,SPEAKER_01
6683,534.64,534.72,SPEAKER_01
6684,534.72,534.8000000000001,SPEAKER_01
6685,534.8,534.88,SPEAKER_01
6686,534.88,534.96,SPEAKER_01
6687,534.96,535.0400000000001,SPEAKER_01
6688,535.04,535.12,SPEAKER_01
6689,535.12,535.2,SPEAKER_01
6690,535.2,535.2800000000001,SPEAKER_01
6691,535.28,535.36,SPEAKER_01
6692,535.36,535.44,SPEAKER_01
6693,535.44,535.5200000000001,SPEAKER_00
6694,535.52,535.6,SPEAKER_00
6695,535.6,535.6800000000001,SPEAKER_01
6696,535.68,535.76,SPEAKER_01
6697,535.76,535.84,SPEAKER_01
6698,535.84,535.9200000000001,SPEAKER_01
6699,535.92,536.0,SPEAKER_01
6700,536.0,536.08,SPEAKER_01
6701,536.08,536.1600000000001,SPEAKER_01
6702,536.16,536.24,SPEAKER_01
6703,536.24,536.32,SPEAKER_01
6704,536.32,536.4000000000001,SPEAKER_01
6705,536.4,536.48,SPEAKER_01
6706,536.48,536.5600000000001,SPEAKER_01
6707,536.56,536.64,SPEAKER_01
6708,536.64,536.72,SPEAKER_01
6709,536.72,536.8000000000001,SPEAKER_01
6710,536.8,536.88,SPEAKER_01
6711,536.88,536.96,SPEAKER_01
6712,536.96,537.0400000000001,SPEAKER_01
6713,537.04,537.12,SPEAKER_01
6714,537.12,537.2,SPEAKER_01
6715,537.2,537.2800000000001,SPEAKER_00
6716,537.28,537.36,SPEAKER_00
6717,537.36,537.44,SPEAKER_00
6718,537.44,537.5200000000001,SPEAKER_00
6719,537.52,537.6,SPEAKER_00
6720,537.6,537.6800000000001,SPEAKER_00
6721,537.68,537.76,SPEAKER_00
6722,537.76,537.84,SPEAKER_01
6723,537.84,537.9200000000001,SPEAKER_01
6724,537.92,538.0,SPEAKER_01
6725,538.0,538.08,SPEAKER_01
6726,538.08,538.1600000000001,SPEAKER_01
6727,538.16,538.24,SPEAKER_01
6728,538.24,538.32,SPEAKER_01
6729,538.32,538.4000000000001,SPEAKER_01
6730,538.4,538.48,SPEAKER_01
6731,538.48,538.5600000000001,SPEAKER_01
6732,538.56,538.64,SPEAKER_01
6733,538.64,538.72,SPEAKER_01
6734,538.72,538.8000000000001,SPEAKER_01
6735,538.8,538.88,SPEAKER_01
6736,538.88,538.96,SPEAKER_01
6737,538.96,539.0400000000001,SPEAKER_01
6738,539.04,539.12,SPEAKER_01
6739,539.12,539.2,SPEAKER_01
6740,539.2,539.2800000000001,SPEAKER_01
6741,539.28,539.36,SPEAKER_01
6742,539.36,539.44,SPEAKER_01
6743,539.44,539.5200000000001,SPEAKER_01
6744,539.52,539.6,SPEAKER_01
6745,539.6,539.6800000000001,SPEAKER_01
6746,539.68,539.76,SPEAKER_01
6747,539.76,539.84,SPEAKER_01
6748,539.84,539.9200000000001,SPEAKER_01
6749,539.92,540.0,SPEAKER_01
6750,540.0,540.08,SPEAKER_01
6751,540.08,540.1600000000001,SPEAKER_01
6752,540.16,540.24,SPEAKER_01
6753,540.24,540.32,SPEAKER_01
6754,540.32,540.4000000000001,SPEAKER_01
6755,540.4,540.48,SPEAKER_01
6756,540.48,540.5600000000001,SPEAKER_01
6757,540.56,540.64,SPEAKER_01
6758,540.64,540.72,SPEAKER_01
6759,540.72,540.8000000000001,SPEAKER_01
6760,540.8,540.88,SPEAKER_01
6761,540.88,540.96,SPEAKER_01
6762,540.96,541.0400000000001,SPEAKER_01
6763,541.04,541.12,SPEAKER_01
6764,541.12,541.2,SPEAKER_01
6765,541.2,541.2800000000001,SPEAKER_01
6766,541.28,541.36,SPEAKER_01
6767,541.36,541.44,SPEAKER_01
6768,541.44,541.5200000000001,SPEAKER_01
6769,541.52,541.6,SPEAKER_01
6770,541.6,541.6800000000001,SPEAKER_01
6771,541.68,541.76,SPEAKER_01
6772,541.76,541.84,SPEAKER_01
6773,541.84,541.9200000000001,SPEAKER_01
6774,541.92,542.0,SPEAKER_01
6775,542.0,542.08,SPEAKER_01
6776,542.08,542.1600000000001,SPEAKER_01
6777,542.16,542.24,SPEAKER_01
6778,542.24,542.32,SPEAKER_01
6779,542.32,542.4000000000001,SPEAKER_01
6780,542.4,542.48,SPEAKER_01
6781,542.48,542.5600000000001,SPEAKER_01
6782,542.56,542.64,SPEAKER_01
6783,542.64,542.72,SPEAKER_01
6784,542.72,542.8000000000001,SPEAKER_01
6785,542.8,542.88,SPEAKER_01
6786,542.88,542.96,SPEAKER_01
6787,542.96,543.0400000000001,SPEAKER_01
6788,543.04,543.12,SPEAKER_00
6789,543.12,543.2,SPEAKER_00
6790,543.2,543.2800000000001,SPEAKER_00
6791,543.28,543.36,SPEAKER_00
6792,543.36,543.44,SPEAKER_00
6793,543.44,543.5200000000001,SPEAKER_00
6794,543.52,543.6,SPEAKER_00
6795,543.6,543.6800000000001,SPEAKER_01
6796,543.68,543.76,SPEAKER_01
6797,543.76,543.84,SPEAKER_01
6798,543.84,543.9200000000001,SPEAKER_01
6799,543.92,544.0,SPEAKER_01
6800,544.0,544.08,SPEAKER_01
6801,544.08,544.1600000000001,SPEAKER_01
6802,544.16,544.24,SPEAKER_01
6803,544.24,544.32,SPEAKER_01
6804,544.32,544.4000000000001,SPEAKER_01
6805,544.4,544.48,SPEAKER_01
6806,544.48,544.5600000000001,SPEAKER_01
6807,544.56,544.64,SPEAKER_01
6808,544.64,544.72,SPEAKER_01
6809,544.72,544.8000000000001,SPEAKER_00
6810,544.8,544.88,SPEAKER_00
6811,544.88,544.96,SPEAKER_00
6812,544.96,545.0400000000001,SPEAKER_00
6813,545.04,545.12,SPEAKER_00
6814,545.12,545.2,SPEAKER_00
6815,545.2,545.2800000000001,SPEAKER_00
6816,545.28,545.36,SPEAKER_00
6817,545.36,545.44,SPEAKER_01
6818,545.44,545.5200000000001,SPEAKER_01
6819,545.52,545.6,SPEAKER_01
6820,545.6,545.6800000000001,SPEAKER_01
6821,545.68,545.76,SPEAKER_01
6822,545.76,545.84,SPEAKER_01
6823,545.84,545.9200000000001,SPEAKER_01
6824,545.92,546.0,SPEAKER_01
6825,546.0,546.08,SPEAKER_01
6826,546.08,546.1600000000001,SPEAKER_01
6827,546.16,546.24,SPEAKER_01
6828,546.24,546.32,SPEAKER_01
6829,546.32,546.4000000000001,SPEAKER_01
6830,546.4,546.48,SPEAKER_01
6831,546.48,546.5600000000001,SPEAKER_01
6832,546.56,546.64,SPEAKER_01
6833,546.64,546.72,SPEAKER_01
6834,546.72,546.8000000000001,SPEAKER_01
6835,546.8,546.88,SPEAKER_01
6836,546.88,546.96,SPEAKER_01
6837,546.96,547.0400000000001,SPEAKER_01
6838,547.04,547.12,SPEAKER_01
6839,547.12,547.2,SPEAKER_01
6840,547.2,547.2800000000001,SPEAKER_01
6841,547.28,547.36,SPEAKER_01
6842,547.36,547.44,SPEAKER_01
6843,547.44,547.5200000000001,SPEAKER_01
6844,547.52,547.6,SPEAKER_01
6845,547.6,547.6800000000001,SPEAKER_01
6846,547.68,547.76,SPEAKER_01
6847,547.76,547.84,SPEAKER_00
6848,547.84,547.9200000000001,SPEAKER_00
6849,547.92,548.0,SPEAKER_00
6850,548.0,548.08,SPEAKER_00
6851,548.08,548.1600000000001,SPEAKER_00
6852,548.16,548.24,SPEAKER_01
6853,548.24,548.32,SPEAKER_01
6854,548.32,548.4000000000001,SPEAKER_01
6855,548.4,548.48,SPEAKER_01
6856,548.48,548.5600000000001,SPEAKER_01
6857,548.56,548.64,SPEAKER_01
6858,548.64,548.72,SPEAKER_01
6859,548.72,548.8000000000001,SPEAKER_01
6860,548.8,548.88,SPEAKER_01
6861,548.88,548.96,SPEAKER_01
6862,548.96,549.0400000000001,SPEAKER_01
6863,549.04,549.12,SPEAKER_01
6864,549.12,549.2,SPEAKER_01
6865,549.2,549.2800000000001,SPEAKER_01
6866,549.28,549.36,SPEAKER_01
6867,549.36,549.44,SPEAKER_01
6868,549.44,549.5200000000001,SPEAKER_01
6869,549.52,549.6,SPEAKER_01
6870,549.6,549.6800000000001,SPEAKER_01
6871,549.68,549.76,SPEAKER_01
6872,549.76,549.84,SPEAKER_01
6873,549.84,549.9200000000001,SPEAKER_01
6874,549.92,550.0,SPEAKER_01
6875,550.0,550.08,SPEAKER_01
6876,550.08,550.1600000000001,SPEAKER_01
6877,550.16,550.24,SPEAKER_01
6878,550.24,550.32,SPEAKER_01
6879,550.32,550.4000000000001,SPEAKER_01
6880,550.4,550.48,SPEAKER_01
6881,550.48,550.5600000000001,SPEAKER_01
6882,550.56,550.64,SPEAKER_01
6883,550.64,550.72,SPEAKER_01
6884,550.72,550.8000000000001,SPEAKER_01
6885,550.8,550.88,SPEAKER_01
6886,550.88,550.96,SPEAKER_01
6887,550.96,551.0400000000001,SPEAKER_01
6888,551.04,551.12,SPEAKER_00
6889,551.12,551.2,SPEAKER_00
6890,551.2,551.2800000000001,SPEAKER_00
6891,551.28,551.36,SPEAKER_00
6892,551.36,551.44,SPEAKER_00
6893,551.44,551.5200000000001,SPEAKER_00
6894,551.52,551.6,SPEAKER_00
6895,551.6,551.6800000000001,SPEAKER_00
6896,551.68,551.76,SPEAKER_00
6897,551.76,551.84,SPEAKER_00
6898,551.84,551.9200000000001,SPEAKER_00
6899,551.92,552.0,SPEAKER_00
6900,552.0,552.08,SPEAKER_00
6901,552.08,552.1600000000001,SPEAKER_00
6902,552.16,552.24,SPEAKER_00
6903,552.24,552.32,SPEAKER_00
6904,552.32,552.4000000000001,SPEAKER_00
6905,552.4,552.48,SPEAKER_00
6906,552.48,552.5600000000001,SPEAKER_00
6907,552.56,552.64,SPEAKER_00
6908,552.64,552.72,SPEAKER_00
6909,552.72,552.8000000000001,SPEAKER_00
6910,552.8,552.88,SPEAKER_00
6911,552.88,552.96,SPEAKER_00
6912,552.96,553.0400000000001,SPEAKER_00
6913,553.04,553.12,SPEAKER_00
6914,553.12,553.2,SPEAKER_00
6915,553.2,553.2800000000001,SPEAKER_00
6916,553.28,553.36,SPEAKER_00
6917,553.36,553.44,SPEAKER_00
6918,553.44,553.5200000000001,SPEAKER_00
6919,553.52,553.6,SPEAKER_00
6920,553.6,553.6800000000001,SPEAKER_00
6921,553.68,553.76,SPEAKER_00
6922,553.76,553.84,SPEAKER_00
6923,553.84,553.9200000000001,SPEAKER_00
6924,553.92,554.0,SPEAKER_00
6925,554.0,554.08,SPEAKER_00
6926,554.08,554.1600000000001,SPEAKER_00
6927,554.16,554.24,SPEAKER_00
6928,554.24,554.32,SPEAKER_00
6929,554.32,554.4000000000001,SPEAKER_00
6930,554.4,554.48,SPEAKER_00
6931,554.48,554.5600000000001,SPEAKER_00
6932,554.56,554.64,SPEAKER_00
6933,554.64,554.72,SPEAKER_00
6934,554.72,554.8000000000001,SPEAKER_00
6935,554.8,554.88,SPEAKER_00
6936,554.88,554.96,SPEAKER_00
6937,554.96,555.0400000000001,SPEAKER_00
6938,555.04,555.12,SPEAKER_00
6939,555.12,555.2,SPEAKER_00
6940,555.2,555.2800000000001,SPEAKER_00
6941,555.28,555.36,SPEAKER_00
6942,555.36,555.44,SPEAKER_00
6943,555.44,555.5200000000001,SPEAKER_00
6944,555.52,555.6,SPEAKER_00
6945,555.6,555.6800000000001,SPEAKER_00
6946,555.68,555.76,SPEAKER_00
6947,555.76,555.84,SPEAKER_00
6948,555.84,555.9200000000001,SPEAKER_00
6949,555.92,556.0,SPEAKER_00
6950,556.0,556.08,SPEAKER_00
6951,556.08,556.1600000000001,SPEAKER_00
6952,556.16,556.24,SPEAKER_00
6953,556.24,556.32,SPEAKER_00
6954,556.32,556.4000000000001,SPEAKER_00
6955,556.4,556.48,SPEAKER_00
6956,556.48,556.5600000000001,SPEAKER_00
6957,556.56,556.64,SPEAKER_00
6958,556.64,556.72,SPEAKER_00
6959,556.72,556.8000000000001,SPEAKER_00
6960,556.8,556.88,SPEAKER_00
6961,556.88,556.96,SPEAKER_00
6962,556.96,557.0400000000001,SPEAKER_00
6963,557.04,557.12,SPEAKER_00
6964,557.12,557.2,SPEAKER_00
6965,557.2,557.2800000000001,SPEAKER_00
6966,557.28,557.36,SPEAKER_00
6967,557.36,557.44,SPEAKER_00
6968,557.44,557.5200000000001,SPEAKER_00
6969,557.52,557.6,SPEAKER_00
6970,557.6,557.6800000000001,SPEAKER_00
6971,557.68,557.76,SPEAKER_00
6972,557.76,557.84,SPEAKER_00
6973,557.84,557.9200000000001,SPEAKER_00
6974,557.92,558.0,SPEAKER_00
6975,558.0,558.08,SPEAKER_00
6976,558.08,558.1600000000001,SPEAKER_00
6977,558.16,558.24,SPEAKER_00
6978,558.24,558.32,SPEAKER_00
6979,558.32,558.4000000000001,SPEAKER_00
6980,558.4,558.48,SPEAKER_00
6981,558.48,558.5600000000001,SPEAKER_00
6982,558.56,558.64,SPEAKER_00
6983,558.64,558.72,SPEAKER_00
6984,558.72,558.8000000000001,SPEAKER_01
6985,558.8,558.88,SPEAKER_01
6986,558.88,558.96,SPEAKER_01
6987,558.96,559.0400000000001,SPEAKER_00
6988,559.04,559.12,SPEAKER_00
6989,559.12,559.2,SPEAKER_00
6990,559.2,559.2800000000001,SPEAKER_00
6991,559.28,559.36,SPEAKER_00
6992,559.36,559.44,SPEAKER_00
6993,559.44,559.5200000000001,SPEAKER_00
6994,559.52,559.6,SPEAKER_00
6995,559.6,559.6800000000001,SPEAKER_01
6996,559.68,559.76,SPEAKER_01
6997,559.76,559.84,SPEAKER_01
6998,559.84,559.9200000000001,SPEAKER_01
6999,559.92,560.0,SPEAKER_01
7000,560.0,560.08,SPEAKER_01
7001,560.08,560.1600000000001,SPEAKER_01
7002,560.16,560.24,SPEAKER_01
7003,560.24,560.32,SPEAKER_01
7004,560.32,560.4000000000001,SPEAKER_01
7005,560.4,560.48,SPEAKER_01
7006,560.48,560.5600000000001,SPEAKER_01
7007,560.56,560.64,SPEAKER_01
7008,560.64,560.72,SPEAKER_01
7009,560.72,560.8000000000001,SPEAKER_01
7010,560.8,560.88,SPEAKER_01
7011,560.88,560.96,SPEAKER_01
7012,560.96,561.0400000000001,SPEAKER_01
7013,561.04,561.12,SPEAKER_01
7014,561.12,561.2,SPEAKER_01
7015,561.2,561.2800000000001,SPEAKER_01
7016,561.28,561.36,SPEAKER_01
7017,561.36,561.44,SPEAKER_01
7018,561.44,561.5200000000001,SPEAKER_01
7019,561.52,561.6,SPEAKER_01
7020,561.6,561.6800000000001,SPEAKER_01
7021,561.68,561.76,SPEAKER_01
7022,561.76,561.84,SPEAKER_01
7023,561.84,561.9200000000001,SPEAKER_01
7024,561.92,562.0,SPEAKER_01
7025,562.0,562.08,SPEAKER_01
7026,562.08,562.1600000000001,SPEAKER_01
7027,562.16,562.24,SPEAKER_01
7028,562.24,562.32,SPEAKER_01
7029,562.32,562.4000000000001,SPEAKER_01
7030,562.4,562.48,SPEAKER_01
7031,562.48,562.5600000000001,SPEAKER_01
7032,562.56,562.64,SPEAKER_01
7033,562.64,562.72,SPEAKER_01
7034,562.72,562.8000000000001,SPEAKER_01
7035,562.8,562.88,SPEAKER_01
7036,562.88,562.96,SPEAKER_01
7037,562.96,563.0400000000001,SPEAKER_01
7038,563.04,563.12,SPEAKER_01
7039,563.12,563.2,SPEAKER_01
7040,563.2,563.2800000000001,SPEAKER_01
7041,563.28,563.36,SPEAKER_01
7042,563.36,563.44,SPEAKER_01
7043,563.44,563.5200000000001,SPEAKER_01
7044,563.52,563.6,SPEAKER_01
7045,563.6,563.6800000000001,SPEAKER_01
7046,563.68,563.76,SPEAKER_01
7047,563.76,563.84,SPEAKER_01
7048,563.84,563.9200000000001,SPEAKER_01
7049,563.92,564.0,SPEAKER_01
7050,564.0,564.08,SPEAKER_01
7051,564.08,564.1600000000001,SPEAKER_01
7052,564.16,564.24,SPEAKER_01
7053,564.24,564.32,SPEAKER_01
7054,564.32,564.4000000000001,SPEAKER_00
7055,564.4,564.48,SPEAKER_00
7056,564.48,564.5600000000001,SPEAKER_00
7057,564.56,564.64,SPEAKER_00
7058,564.64,564.72,SPEAKER_00
7059,564.72,564.8000000000001,SPEAKER_00
7060,564.8,564.88,SPEAKER_00
7061,564.88,564.96,SPEAKER_00
7062,564.96,565.0400000000001,SPEAKER_00
7063,565.04,565.12,SPEAKER_00
7064,565.12,565.2,SPEAKER_00
7065,565.2,565.2800000000001,SPEAKER_00
7066,565.28,565.36,SPEAKER_00
7067,565.36,565.44,SPEAKER_00
7068,565.44,565.5200000000001,SPEAKER_00
7069,565.52,565.6,SPEAKER_00
7070,565.6,565.6800000000001,SPEAKER_00
7071,565.68,565.76,SPEAKER_00
7072,565.76,565.84,SPEAKER_00
7073,565.84,565.9200000000001,SPEAKER_00
7074,565.92,566.0,SPEAKER_00
7075,566.0,566.08,SPEAKER_00
7076,566.08,566.1600000000001,SPEAKER_00
7077,566.16,566.24,SPEAKER_00
7078,566.24,566.32,SPEAKER_00
7079,566.32,566.4000000000001,SPEAKER_00
7080,566.4,566.48,SPEAKER_00
7081,566.48,566.5600000000001,SPEAKER_00
7082,566.56,566.64,SPEAKER_00
7083,566.64,566.72,SPEAKER_00
7084,566.72,566.8000000000001,SPEAKER_00
7085,566.8,566.88,SPEAKER_00
7086,566.88,566.96,SPEAKER_00
7087,566.96,567.0400000000001,SPEAKER_00
7088,567.04,567.12,SPEAKER_00
7089,567.12,567.2,SPEAKER_00
7090,567.2,567.2800000000001,SPEAKER_00
7091,567.28,567.36,SPEAKER_00
7092,567.36,567.44,SPEAKER_00
7093,567.44,567.5200000000001,SPEAKER_00
7094,567.52,567.6,SPEAKER_00
7095,567.6,567.6800000000001,SPEAKER_00
7096,567.68,567.76,SPEAKER_00
7097,567.76,567.84,SPEAKER_00
7098,567.84,567.9200000000001,SPEAKER_00
7099,567.92,568.0,SPEAKER_00
7100,568.0,568.08,SPEAKER_00
7101,568.08,568.1600000000001,SPEAKER_00
7102,568.16,568.24,SPEAKER_00
7103,568.24,568.32,SPEAKER_00
7104,568.32,568.4000000000001,SPEAKER_00
7105,568.4,568.48,SPEAKER_00
7106,568.48,568.5600000000001,SPEAKER_00
7107,568.56,568.64,SPEAKER_00
7108,568.64,568.72,SPEAKER_00
7109,568.72,568.8000000000001,SPEAKER_00
7110,568.8,568.88,SPEAKER_00
7111,568.88,568.96,SPEAKER_00
7112,568.96,569.0400000000001,SPEAKER_00
7113,569.04,569.12,SPEAKER_00
7114,569.12,569.2,SPEAKER_00
7115,569.2,569.2800000000001,SPEAKER_00
7116,569.28,569.36,SPEAKER_00
7117,569.36,569.44,SPEAKER_00
7118,569.44,569.5200000000001,SPEAKER_00
7119,569.52,569.6,SPEAKER_00
7120,569.6,569.6800000000001,SPEAKER_00
7121,569.68,569.76,SPEAKER_00
7122,569.76,569.84,SPEAKER_00
7123,569.84,569.9200000000001,SPEAKER_00
7124,569.92,570.0,SPEAKER_00
7125,570.0,570.08,SPEAKER_00
7126,570.08,570.1600000000001,SPEAKER_00
7127,570.16,570.24,SPEAKER_00
7128,570.24,570.32,SPEAKER_00
7129,570.32,570.4000000000001,SPEAKER_00
7130,570.4,570.48,SPEAKER_00
7131,570.48,570.5600000000001,SPEAKER_00
7132,570.56,570.64,SPEAKER_00
7133,570.64,570.72,SPEAKER_00
7134,570.72,570.8000000000001,SPEAKER_00
7135,570.8,570.88,SPEAKER_00
7136,570.88,570.96,SPEAKER_00
7137,570.96,571.0400000000001,SPEAKER_00
7138,571.04,571.12,SPEAKER_00
7139,571.12,571.2,SPEAKER_00
7140,571.2,571.2800000000001,SPEAKER_00
7141,571.28,571.36,SPEAKER_00
7142,571.36,571.44,SPEAKER_00
7143,571.44,571.5200000000001,SPEAKER_00
7144,571.52,571.6,SPEAKER_00
7145,571.6,571.6800000000001,SPEAKER_00
7146,571.68,571.76,SPEAKER_00
7147,571.76,571.84,SPEAKER_00
7148,571.84,571.9200000000001,SPEAKER_00
7149,571.92,572.0,SPEAKER_00
7150,572.0,572.08,SPEAKER_00
7151,572.08,572.1600000000001,SPEAKER_00
7152,572.16,572.24,SPEAKER_00
7153,572.24,572.32,SPEAKER_00
7154,572.32,572.4000000000001,SPEAKER_00
7155,572.4,572.48,SPEAKER_00
7156,572.48,572.5600000000001,SPEAKER_00
7157,572.56,572.64,SPEAKER_00
7158,572.64,572.72,SPEAKER_00
7159,572.72,572.8000000000001,SPEAKER_00
7160,572.8,572.88,SPEAKER_00
7161,572.88,572.96,SPEAKER_00
7162,572.96,573.0400000000001,SPEAKER_00
7163,573.04,573.12,SPEAKER_00
7164,573.12,573.2,SPEAKER_00
7165,573.2,573.2800000000001,SPEAKER_00
7166,573.28,573.36,SPEAKER_00
7167,573.36,573.44,SPEAKER_00
7168,573.44,573.5200000000001,SPEAKER_00
7169,573.52,573.6,SPEAKER_00
7170,573.6,573.6800000000001,SPEAKER_00
7171,573.68,573.76,SPEAKER_00
7172,573.76,573.84,SPEAKER_00
7173,573.84,573.9200000000001,SPEAKER_00
7174,573.92,574.0,SPEAKER_00
7175,574.0,574.08,SPEAKER_00
7176,574.08,574.1600000000001,SPEAKER_00
7177,574.16,574.24,SPEAKER_00
7178,574.24,574.32,SPEAKER_00
7179,574.32,574.4000000000001,SPEAKER_00
7180,574.4,574.48,SPEAKER_00
7181,574.48,574.5600000000001,SPEAKER_00
7182,574.56,574.64,SPEAKER_00
7183,574.64,574.72,SPEAKER_00
7184,574.72,574.8000000000001,SPEAKER_00
7185,574.8,574.88,SPEAKER_00
7186,574.88,574.96,SPEAKER_00
7187,574.96,575.0400000000001,SPEAKER_00
7188,575.04,575.12,SPEAKER_00
7189,575.12,575.2,SPEAKER_00
7190,575.2,575.2800000000001,SPEAKER_00
7191,575.28,575.36,SPEAKER_00
7192,575.36,575.44,SPEAKER_00
7193,575.44,575.5200000000001,SPEAKER_00
7194,575.52,575.6,SPEAKER_00
7195,575.6,575.6800000000001,SPEAKER_00
7196,575.68,575.76,SPEAKER_00
7197,575.76,575.84,SPEAKER_00
7198,575.84,575.9200000000001,SPEAKER_00
7199,575.92,576.0,SPEAKER_00
7200,576.0,576.08,SPEAKER_00
7201,576.08,576.1600000000001,SPEAKER_00
7202,576.16,576.24,SPEAKER_00
7203,576.24,576.32,SPEAKER_00
7204,576.32,576.4000000000001,SPEAKER_00
7205,576.4,576.48,SPEAKER_00
7206,576.48,576.5600000000001,SPEAKER_00
7207,576.56,576.64,SPEAKER_00
7208,576.64,576.72,SPEAKER_00
7209,576.72,576.8000000000001,SPEAKER_00
7210,576.8,576.88,SPEAKER_00
7211,576.88,576.96,SPEAKER_00
7212,576.96,577.0400000000001,SPEAKER_00
7213,577.04,577.12,SPEAKER_00
7214,577.12,577.2,SPEAKER_00
7215,577.2,577.2800000000001,SPEAKER_00
7216,577.28,577.36,SPEAKER_00
7217,577.36,577.44,SPEAKER_00
7218,577.44,577.5200000000001,SPEAKER_00
7219,577.52,577.6,SPEAKER_00
7220,577.6,577.6800000000001,SPEAKER_00
7221,577.68,577.76,SPEAKER_00
7222,577.76,577.84,SPEAKER_00
7223,577.84,577.9200000000001,SPEAKER_00
7224,577.92,578.0,SPEAKER_00
7225,578.0,578.08,SPEAKER_00
7226,578.08,578.1600000000001,SPEAKER_00
7227,578.16,578.24,SPEAKER_00
7228,578.24,578.32,SPEAKER_00
7229,578.32,578.4000000000001,SPEAKER_00
7230,578.4,578.48,SPEAKER_00
7231,578.48,578.5600000000001,SPEAKER_00
7232,578.56,578.64,SPEAKER_00
7233,578.64,578.72,SPEAKER_00
7234,578.72,578.8000000000001,SPEAKER_00
7235,578.8,578.88,SPEAKER_00
7236,578.88,578.96,SPEAKER_00
7237,578.96,579.0400000000001,SPEAKER_00
7238,579.04,579.12,SPEAKER_00
7239,579.12,579.2,SPEAKER_00
7240,579.2,579.2800000000001,SPEAKER_00
7241,579.28,579.36,SPEAKER_00
7242,579.36,579.44,SPEAKER_00
7243,579.44,579.5200000000001,SPEAKER_00
7244,579.52,579.6,SPEAKER_00
7245,579.6,579.6800000000001,SPEAKER_00
7246,579.68,579.76,SPEAKER_00
7247,579.76,579.84,SPEAKER_00
7248,579.84,579.9200000000001,SPEAKER_01
7249,579.92,580.0,SPEAKER_01
7250,580.0,580.08,SPEAKER_01
7251,580.08,580.1600000000001,SPEAKER_01
7252,580.16,580.24,SPEAKER_01
7253,580.24,580.32,SPEAKER_01
7254,580.32,580.4000000000001,SPEAKER_01
7255,580.4,580.48,SPEAKER_01
7256,580.48,580.5600000000001,SPEAKER_01
7257,580.56,580.64,SPEAKER_01
7258,580.64,580.72,SPEAKER_01
7259,580.72,580.8000000000001,SPEAKER_01
7260,580.8,580.88,SPEAKER_01
7261,580.88,580.96,SPEAKER_01
7262,580.96,581.0400000000001,SPEAKER_01
7263,581.04,581.12,SPEAKER_01
7264,581.12,581.2,SPEAKER_01
7265,581.2,581.2800000000001,SPEAKER_01
7266,581.28,581.36,SPEAKER_01
7267,581.36,581.44,SPEAKER_01
7268,581.44,581.5200000000001,SPEAKER_01
7269,581.52,581.6,SPEAKER_01
7270,581.6,581.6800000000001,SPEAKER_01
7271,581.68,581.76,SPEAKER_01
7272,581.76,581.84,SPEAKER_01
7273,581.84,581.9200000000001,SPEAKER_01
7274,581.92,582.0,SPEAKER_01
7275,582.0,582.08,SPEAKER_01
7276,582.08,582.1600000000001,SPEAKER_00
7277,582.16,582.24,SPEAKER_00
7278,582.24,582.32,SPEAKER_00
7279,582.32,582.4000000000001,SPEAKER_00
7280,582.4,582.48,SPEAKER_00
7281,582.48,582.5600000000001,SPEAKER_01
7282,582.56,582.64,SPEAKER_01
7283,582.64,582.72,SPEAKER_01
7284,582.72,582.8000000000001,SPEAKER_01
7285,582.8,582.88,SPEAKER_01
7286,582.88,582.96,SPEAKER_01
7287,582.96,583.0400000000001,SPEAKER_01
7288,583.04,583.12,SPEAKER_01
7289,583.12,583.2,SPEAKER_01
7290,583.2,583.2800000000001,SPEAKER_01
7291,583.28,583.36,SPEAKER_01
7292,583.36,583.44,SPEAKER_01
7293,583.44,583.5200000000001,SPEAKER_01
7294,583.52,583.6,SPEAKER_01
7295,583.6,583.6800000000001,SPEAKER_01
7296,583.68,583.76,SPEAKER_01
7297,583.76,583.84,SPEAKER_01
7298,583.84,583.9200000000001,SPEAKER_01
7299,583.92,584.0,SPEAKER_01
7300,584.0,584.08,SPEAKER_00
7301,584.08,584.1600000000001,SPEAKER_00
7302,584.16,584.24,SPEAKER_00
7303,584.24,584.32,SPEAKER_01
7304,584.32,584.4000000000001,SPEAKER_01
7305,584.4,584.48,SPEAKER_01
7306,584.48,584.5600000000001,SPEAKER_01
7307,584.56,584.64,SPEAKER_01
7308,584.64,584.72,SPEAKER_01
7309,584.72,584.8000000000001,SPEAKER_01
7310,584.8,584.88,SPEAKER_01
7311,584.88,584.96,SPEAKER_01
7312,584.96,585.0400000000001,SPEAKER_01
7313,585.04,585.12,SPEAKER_01
7314,585.12,585.2,SPEAKER_01
7315,585.2,585.2800000000001,SPEAKER_01
7316,585.28,585.36,SPEAKER_01
7317,585.36,585.44,SPEAKER_01
7318,585.44,585.5200000000001,SPEAKER_01
7319,585.52,585.6,SPEAKER_01
7320,585.6,585.6800000000001,SPEAKER_01
7321,585.68,585.76,SPEAKER_01
7322,585.76,585.84,SPEAKER_01
7323,585.84,585.9200000000001,SPEAKER_01
7324,585.92,586.0,SPEAKER_01
7325,586.0,586.08,SPEAKER_01
7326,586.08,586.1600000000001,SPEAKER_01
7327,586.16,586.24,SPEAKER_01
7328,586.24,586.32,SPEAKER_01
7329,586.32,586.4000000000001,SPEAKER_01
7330,586.4,586.48,SPEAKER_01
7331,586.48,586.5600000000001,SPEAKER_01
7332,586.56,586.64,SPEAKER_01
7333,586.64,586.72,SPEAKER_01
7334,586.72,586.8000000000001,SPEAKER_01
7335,586.8,586.88,SPEAKER_01
7336,586.88,586.96,SPEAKER_00
7337,586.96,587.0400000000001,SPEAKER_00
7338,587.04,587.12,SPEAKER_00
7339,587.12,587.2,SPEAKER_00
7340,587.2,587.2800000000001,SPEAKER_00
7341,587.28,587.36,SPEAKER_01
7342,587.36,587.44,SPEAKER_01
7343,587.44,587.5200000000001,SPEAKER_01
7344,587.52,587.6,SPEAKER_01
7345,587.6,587.6800000000001,SPEAKER_01
7346,587.68,587.76,SPEAKER_01
7347,587.76,587.84,SPEAKER_01
7348,587.84,587.9200000000001,SPEAKER_01
7349,587.92,588.0,SPEAKER_01
7350,588.0,588.08,SPEAKER_01
7351,588.08,588.1600000000001,SPEAKER_01
7352,588.16,588.24,SPEAKER_01
7353,588.24,588.32,SPEAKER_01
7354,588.32,588.4000000000001,SPEAKER_01
7355,588.4,588.48,SPEAKER_01
7356,588.48,588.5600000000001,SPEAKER_01
7357,588.56,588.64,SPEAKER_01
7358,588.64,588.72,SPEAKER_01
7359,588.72,588.8000000000001,SPEAKER_01
7360,588.8,588.88,SPEAKER_01
7361,588.88,588.96,SPEAKER_01
7362,588.96,589.0400000000001,SPEAKER_01
7363,589.04,589.12,SPEAKER_01
7364,589.12,589.2,SPEAKER_01
7365,589.2,589.2800000000001,SPEAKER_01
7366,589.28,589.36,SPEAKER_01
7367,589.36,589.44,SPEAKER_00
7368,589.44,589.5200000000001,SPEAKER_00
7369,589.52,589.6,SPEAKER_00
7370,589.6,589.6800000000001,SPEAKER_00
7371,589.68,589.76,SPEAKER_00
7372,589.76,589.84,SPEAKER_00
7373,589.84,589.9200000000001,SPEAKER_01
7374,589.92,590.0,SPEAKER_01
7375,590.0,590.08,SPEAKER_01
7376,590.08,590.1600000000001,SPEAKER_01
7377,590.16,590.24,SPEAKER_01
7378,590.24,590.32,SPEAKER_01
7379,590.32,590.4000000000001,SPEAKER_01
7380,590.4,590.48,SPEAKER_01
7381,590.48,590.5600000000001,SPEAKER_01
7382,590.56,590.64,SPEAKER_00
7383,590.64,590.72,SPEAKER_00
7384,590.72,590.8000000000001,SPEAKER_00
7385,590.8,590.88,SPEAKER_00
7386,590.88,590.96,SPEAKER_00
7387,590.96,591.0400000000001,SPEAKER_01
7388,591.04,591.12,SPEAKER_01
7389,591.12,591.2,SPEAKER_01
7390,591.2,591.2800000000001,SPEAKER_01
7391,591.28,591.36,SPEAKER_01
7392,591.36,591.44,SPEAKER_01
7393,591.44,591.5200000000001,SPEAKER_01
7394,591.52,591.6,SPEAKER_01
7395,591.6,591.6800000000001,SPEAKER_01
7396,591.68,591.76,SPEAKER_01
7397,591.76,591.84,SPEAKER_01
7398,591.84,591.9200000000001,SPEAKER_01
7399,591.92,592.0,SPEAKER_01
7400,592.0,592.08,SPEAKER_01
7401,592.08,592.1600000000001,SPEAKER_01
7402,592.16,592.24,SPEAKER_01
7403,592.24,592.32,SPEAKER_01
7404,592.32,592.4000000000001,SPEAKER_01
7405,592.4,592.48,SPEAKER_01
7406,592.48,592.5600000000001,SPEAKER_01
7407,592.56,592.64,SPEAKER_01
7408,592.64,592.72,SPEAKER_01
7409,592.72,592.8000000000001,SPEAKER_01
7410,592.8,592.88,SPEAKER_01
7411,592.88,592.96,SPEAKER_01
7412,592.96,593.0400000000001,SPEAKER_01
7413,593.04,593.12,SPEAKER_01
7414,593.12,593.2,SPEAKER_01
7415,593.2,593.2800000000001,SPEAKER_01
7416,593.28,593.36,SPEAKER_01
7417,593.36,593.44,SPEAKER_01
7418,593.44,593.5200000000001,SPEAKER_01
7419,593.52,593.6,SPEAKER_01
7420,593.6,593.6800000000001,SPEAKER_01
7421,593.68,593.76,SPEAKER_01
7422,593.76,593.84,SPEAKER_01
7423,593.84,593.9200000000001,SPEAKER_01
7424,593.92,594.0,SPEAKER_01
7425,594.0,594.08,SPEAKER_01
7426,594.08,594.1600000000001,SPEAKER_01
7427,594.16,594.24,SPEAKER_01
7428,594.24,594.32,SPEAKER_01
7429,594.32,594.4000000000001,SPEAKER_01
7430,594.4,594.48,SPEAKER_01
7431,594.48,594.5600000000001,SPEAKER_01
7432,594.56,594.64,SPEAKER_01
7433,594.64,594.72,SPEAKER_01
7434,594.72,594.8000000000001,SPEAKER_01
7435,594.8,594.88,SPEAKER_01
7436,594.88,594.96,SPEAKER_01
7437,594.96,595.0400000000001,SPEAKER_01
7438,595.04,595.12,SPEAKER_01
7439,595.12,595.2,SPEAKER_01
7440,595.2,595.2800000000001,SPEAKER_01
7441,595.28,595.36,SPEAKER_01
7442,595.36,595.44,SPEAKER_01
7443,595.44,595.5200000000001,SPEAKER_01
7444,595.52,595.6,SPEAKER_01
7445,595.6,595.6800000000001,SPEAKER_01
7446,595.68,595.76,SPEAKER_01
7447,595.76,595.84,SPEAKER_01
7448,595.84,595.9200000000001,SPEAKER_01
7449,595.92,596.0,SPEAKER_01
7450,596.0,596.08,SPEAKER_01
7451,596.08,596.1600000000001,SPEAKER_01
7452,596.16,596.24,SPEAKER_01
7453,596.24,596.32,SPEAKER_01
7454,596.32,596.4000000000001,SPEAKER_01
7455,596.4,596.48,SPEAKER_01
7456,596.48,596.5600000000001,SPEAKER_01
7457,596.56,596.64,SPEAKER_01
7458,596.64,596.72,SPEAKER_01
7459,596.72,596.8000000000001,SPEAKER_00
7460,596.8,596.88,SPEAKER_00
7461,596.88,596.96,SPEAKER_00
7462,596.96,597.0400000000001,SPEAKER_00
7463,597.04,597.12,SPEAKER_00
7464,597.12,597.2,SPEAKER_00
7465,597.2,597.2800000000001,SPEAKER_01
7466,597.28,597.36,SPEAKER_01
7467,597.36,597.44,SPEAKER_01
7468,597.44,597.5200000000001,SPEAKER_01
7469,597.52,597.6,SPEAKER_01
7470,597.6,597.6800000000001,SPEAKER_01
7471,597.68,597.76,SPEAKER_01
7472,597.76,597.84,SPEAKER_01
7473,597.84,597.9200000000001,SPEAKER_01
7474,597.92,598.0,SPEAKER_01
7475,598.0,598.08,SPEAKER_01
7476,598.08,598.1600000000001,SPEAKER_01
7477,598.16,598.24,SPEAKER_01
7478,598.24,598.32,SPEAKER_01
7479,598.32,598.4000000000001,SPEAKER_01
7480,598.4,598.48,SPEAKER_01
7481,598.48,598.5600000000001,SPEAKER_01
7482,598.56,598.64,SPEAKER_01
7483,598.64,598.72,SPEAKER_01
7484,598.72,598.8000000000001,SPEAKER_01
7485,598.8,598.88,SPEAKER_01
7486,598.88,598.96,SPEAKER_01
7487,598.96,599.0400000000001,SPEAKER_01
7488,599.04,599.12,SPEAKER_01
7489,599.12,599.2,SPEAKER_01
7490,599.2,599.2800000000001,SPEAKER_00
7491,599.28,599.36,SPEAKER_00
7492,599.36,599.44,SPEAKER_00
7493,599.44,599.5200000000001,SPEAKER_00
7494,599.52,599.6,SPEAKER_01
7495,599.6,599.6800000000001,SPEAKER_01
7496,599.68,599.76,SPEAKER_01
7497,599.76,599.84,SPEAKER_01
7498,599.84,599.9200000000001,SPEAKER_01
7499,599.92,600.0,SPEAKER_01
7500,600.0,600.08,SPEAKER_01
7501,600.08,600.1600000000001,SPEAKER_01
7502,600.16,600.24,SPEAKER_01
7503,600.24,600.32,SPEAKER_01
7504,600.32,600.4000000000001,SPEAKER_01
7505,600.4,600.48,SPEAKER_01
7506,600.48,600.5600000000001,SPEAKER_01
7507,600.56,600.64,SPEAKER_01
7508,600.64,600.72,SPEAKER_01
7509,600.72,600.8000000000001,SPEAKER_01
7510,600.8,600.88,SPEAKER_01
7511,600.88,600.96,SPEAKER_01
7512,600.96,601.0400000000001,SPEAKER_01
7513,601.04,601.12,SPEAKER_01
7514,601.12,601.2,SPEAKER_01
7515,601.2,601.2800000000001,SPEAKER_01
7516,601.28,601.36,SPEAKER_01
7517,601.36,601.44,SPEAKER_01
7518,601.44,601.5200000000001,SPEAKER_01
7519,601.52,601.6,SPEAKER_01
7520,601.6,601.6800000000001,SPEAKER_01
7521,601.68,601.76,SPEAKER_01
7522,601.76,601.84,SPEAKER_01
7523,601.84,601.9200000000001,SPEAKER_01
7524,601.92,602.0,SPEAKER_01
7525,602.0,602.08,SPEAKER_01
7526,602.08,602.1600000000001,SPEAKER_01
7527,602.16,602.24,SPEAKER_01
7528,602.24,602.32,SPEAKER_01
7529,602.32,602.4000000000001,SPEAKER_01
7530,602.4,602.48,SPEAKER_01
7531,602.48,602.5600000000001,SPEAKER_01
7532,602.56,602.64,SPEAKER_01
7533,602.64,602.72,SPEAKER_01
7534,602.72,602.8000000000001,SPEAKER_01
7535,602.8,602.88,SPEAKER_01
7536,602.88,602.96,SPEAKER_01
7537,602.96,603.0400000000001,SPEAKER_01
7538,603.04,603.12,SPEAKER_01
7539,603.12,603.2,SPEAKER_01
7540,603.2,603.2800000000001,SPEAKER_01
7541,603.28,603.36,SPEAKER_01
7542,603.36,603.44,SPEAKER_01
7543,603.44,603.5200000000001,SPEAKER_01
7544,603.52,603.6,SPEAKER_01
7545,603.6,603.6800000000001,SPEAKER_01
7546,603.68,603.76,SPEAKER_01
7547,603.76,603.84,SPEAKER_00
7548,603.84,603.9200000000001,SPEAKER_00
7549,603.92,604.0,SPEAKER_00
7550,604.0,604.08,SPEAKER_00
7551,604.08,604.1600000000001,SPEAKER_00
7552,604.16,604.24,SPEAKER_01
7553,604.24,604.32,SPEAKER_01
7554,604.32,604.4000000000001,SPEAKER_01
7555,604.4,604.48,SPEAKER_01
7556,604.48,604.5600000000001,SPEAKER_01
7557,604.56,604.64,SPEAKER_01
7558,604.64,604.72,SPEAKER_01
7559,604.72,604.8000000000001,SPEAKER_01
7560,604.8,604.88,SPEAKER_01
7561,604.88,604.96,SPEAKER_01
7562,604.96,605.0400000000001,SPEAKER_01
7563,605.04,605.12,SPEAKER_01
7564,605.12,605.2,SPEAKER_01
7565,605.2,605.2800000000001,SPEAKER_01
7566,605.28,605.36,SPEAKER_01
7567,605.36,605.44,SPEAKER_01
7568,605.44,605.5200000000001,SPEAKER_01
7569,605.52,605.6,SPEAKER_01
7570,605.6,605.6800000000001,SPEAKER_01
7571,605.68,605.76,SPEAKER_01
7572,605.76,605.84,SPEAKER_01
7573,605.84,605.9200000000001,SPEAKER_01
7574,605.92,606.0,SPEAKER_01
7575,606.0,606.08,SPEAKER_01
7576,606.08,606.1600000000001,SPEAKER_01
7577,606.16,606.24,SPEAKER_01
7578,606.24,606.32,SPEAKER_01
7579,606.32,606.4000000000001,SPEAKER_01
7580,606.4,606.48,SPEAKER_01
7581,606.48,606.5600000000001,SPEAKER_01
7582,606.56,606.64,SPEAKER_01
7583,606.64,606.72,SPEAKER_01
7584,606.72,606.8000000000001,SPEAKER_01
7585,606.8,606.88,SPEAKER_01
7586,606.88,606.96,SPEAKER_01
7587,606.96,607.0400000000001,SPEAKER_01
7588,607.04,607.12,SPEAKER_01
7589,607.12,607.2,SPEAKER_01
7590,607.2,607.2800000000001,SPEAKER_01
7591,607.28,607.36,SPEAKER_01
7592,607.36,607.44,SPEAKER_01
7593,607.44,607.5200000000001,SPEAKER_01
7594,607.52,607.6,SPEAKER_01
7595,607.6,607.6800000000001,SPEAKER_01
7596,607.68,607.76,SPEAKER_01
7597,607.76,607.84,SPEAKER_01
7598,607.84,607.9200000000001,SPEAKER_01
7599,607.92,608.0,SPEAKER_01
7600,608.0,608.08,SPEAKER_01
7601,608.08,608.1600000000001,SPEAKER_01
7602,608.16,608.24,SPEAKER_00
7603,608.24,608.32,SPEAKER_00
7604,608.32,608.4000000000001,SPEAKER_00
7605,608.4,608.48,SPEAKER_00
7606,608.48,608.5600000000001,SPEAKER_00
7607,608.56,608.64,SPEAKER_01
7608,608.64,608.72,SPEAKER_01
7609,608.72,608.8000000000001,SPEAKER_01
7610,608.8,608.88,SPEAKER_01
7611,608.88,608.96,SPEAKER_01
7612,608.96,609.0400000000001,SPEAKER_01
7613,609.04,609.12,SPEAKER_01
7614,609.12,609.2,SPEAKER_01
7615,609.2,609.2800000000001,SPEAKER_01
7616,609.28,609.36,SPEAKER_01
7617,609.36,609.44,SPEAKER_01
7618,609.44,609.5200000000001,SPEAKER_01
7619,609.52,609.6,SPEAKER_01
7620,609.6,609.6800000000001,SPEAKER_01
7621,609.68,609.76,SPEAKER_01
7622,609.76,609.84,SPEAKER_01
7623,609.84,609.9200000000001,SPEAKER_01
7624,609.92,610.0,SPEAKER_01
7625,610.0,610.08,SPEAKER_01
7626,610.08,610.1600000000001,SPEAKER_01
7627,610.16,610.24,SPEAKER_01
7628,610.24,610.32,SPEAKER_01
7629,610.32,610.4000000000001,SPEAKER_01
7630,610.4,610.48,SPEAKER_00
7631,610.48,610.5600000000001,SPEAKER_00
7632,610.56,610.64,SPEAKER_00
7633,610.64,610.72,SPEAKER_00
7634,610.72,610.8000000000001,SPEAKER_00
7635,610.8,610.88,SPEAKER_00
7636,610.88,610.96,SPEAKER_00
7637,610.96,611.0400000000001,SPEAKER_00
7638,611.04,611.12,SPEAKER_00
7639,611.12,611.2,SPEAKER_01
7640,611.2,611.2800000000001,SPEAKER_01
7641,611.28,611.36,SPEAKER_01
7642,611.36,611.44,SPEAKER_01
7643,611.44,611.5200000000001,SPEAKER_01
7644,611.52,611.6,SPEAKER_01
7645,611.6,611.6800000000001,SPEAKER_01
7646,611.68,611.76,SPEAKER_01
7647,611.76,611.84,SPEAKER_01
7648,611.84,611.9200000000001,SPEAKER_01
7649,611.92,612.0,SPEAKER_01
7650,612.0,612.08,SPEAKER_01
7651,612.08,612.1600000000001,SPEAKER_01
7652,612.16,612.24,SPEAKER_01
7653,612.24,612.32,SPEAKER_01
7654,612.32,612.4000000000001,SPEAKER_01
7655,612.4,612.48,SPEAKER_01
7656,612.48,612.5600000000001,SPEAKER_01
7657,612.56,612.64,SPEAKER_01
7658,612.64,612.72,SPEAKER_01
7659,612.72,612.8000000000001,SPEAKER_01
7660,612.8,612.88,SPEAKER_01
7661,612.88,612.96,SPEAKER_01
7662,612.96,613.0400000000001,SPEAKER_01
7663,613.04,613.12,SPEAKER_01
7664,613.12,613.2,SPEAKER_01
7665,613.2,613.2800000000001,SPEAKER_01
7666,613.28,613.36,SPEAKER_01
7667,613.36,613.44,SPEAKER_01
7668,613.44,613.5200000000001,SPEAKER_01
7669,613.52,613.6,SPEAKER_00
7670,613.6,613.6800000000001,SPEAKER_00
7671,613.68,613.76,SPEAKER_00
7672,613.76,613.84,SPEAKER_00
7673,613.84,613.9200000000001,SPEAKER_00
7674,613.92,614.0,SPEAKER_01
7675,614.0,614.08,SPEAKER_01
7676,614.08,614.1600000000001,SPEAKER_01
7677,614.16,614.24,SPEAKER_01
7678,614.24,614.32,SPEAKER_01
7679,614.32,614.4000000000001,SPEAKER_01
7680,614.4,614.48,SPEAKER_01
7681,614.48,614.5600000000001,SPEAKER_01
7682,614.56,614.64,SPEAKER_01
7683,614.64,614.72,SPEAKER_01
7684,614.72,614.8000000000001,SPEAKER_01
7685,614.8,614.88,SPEAKER_01
7686,614.88,614.96,SPEAKER_01
7687,614.96,615.0400000000001,SPEAKER_01
7688,615.04,615.12,SPEAKER_01
7689,615.12,615.2,SPEAKER_01
7690,615.2,615.2800000000001,SPEAKER_01
7691,615.28,615.36,SPEAKER_01
7692,615.36,615.44,SPEAKER_01
7693,615.44,615.5200000000001,SPEAKER_01
7694,615.52,615.6,SPEAKER_01
7695,615.6,615.6800000000001,SPEAKER_01
7696,615.68,615.76,SPEAKER_01
7697,615.76,615.84,SPEAKER_01
7698,615.84,615.9200000000001,SPEAKER_01
7699,615.92,616.0,SPEAKER_01
7700,616.0,616.08,SPEAKER_01
7701,616.08,616.1600000000001,SPEAKER_01
7702,616.16,616.24,SPEAKER_01
7703,616.24,616.32,SPEAKER_00
7704,616.32,616.4000000000001,SPEAKER_00
7705,616.4,616.48,SPEAKER_00
7706,616.48,616.5600000000001,SPEAKER_00
7707,616.56,616.64,SPEAKER_00
7708,616.64,616.72,SPEAKER_00
7709,616.72,616.8000000000001,SPEAKER_00
7710,616.8,616.88,SPEAKER_01
7711,616.88,616.96,SPEAKER_01
7712,616.96,617.0400000000001,SPEAKER_01
7713,617.04,617.12,SPEAKER_01
7714,617.12,617.2,SPEAKER_01
7715,617.2,617.2800000000001,SPEAKER_01
7716,617.28,617.36,SPEAKER_01
7717,617.36,617.44,SPEAKER_01
7718,617.44,617.5200000000001,SPEAKER_01
7719,617.52,617.6,SPEAKER_01
7720,617.6,617.6800000000001,SPEAKER_01
7721,617.68,617.76,SPEAKER_01
7722,617.76,617.84,SPEAKER_01
7723,617.84,617.9200000000001,SPEAKER_01
7724,617.92,618.0,SPEAKER_01
7725,618.0,618.08,SPEAKER_01
7726,618.08,618.1600000000001,SPEAKER_01
7727,618.16,618.24,SPEAKER_01
7728,618.24,618.32,SPEAKER_01
7729,618.32,618.4000000000001,SPEAKER_01
7730,618.4,618.48,SPEAKER_01
7731,618.48,618.5600000000001,SPEAKER_01
7732,618.56,618.64,SPEAKER_01
7733,618.64,618.72,SPEAKER_01
7734,618.72,618.8000000000001,SPEAKER_01
7735,618.8,618.88,SPEAKER_01
7736,618.88,618.96,SPEAKER_01
7737,618.96,619.0400000000001,SPEAKER_01
7738,619.04,619.12,SPEAKER_01
7739,619.12,619.2,SPEAKER_01
7740,619.2,619.2800000000001,SPEAKER_01
7741,619.28,619.36,SPEAKER_01
7742,619.36,619.44,SPEAKER_01
7743,619.44,619.5200000000001,SPEAKER_01
7744,619.52,619.6,SPEAKER_01
7745,619.6,619.6800000000001,SPEAKER_01
7746,619.68,619.76,SPEAKER_01
7747,619.76,619.84,SPEAKER_01
7748,619.84,619.9200000000001,SPEAKER_01
7749,619.92,620.0,SPEAKER_01
7750,620.0,620.08,SPEAKER_01
7751,620.08,620.1600000000001,SPEAKER_00
7752,620.16,620.24,SPEAKER_00
7753,620.24,620.32,SPEAKER_00
7754,620.32,620.4000000000001,SPEAKER_00
7755,620.4,620.48,SPEAKER_00
7756,620.48,620.5600000000001,SPEAKER_01
7757,620.56,620.64,SPEAKER_01
7758,620.64,620.72,SPEAKER_01
7759,620.72,620.8000000000001,SPEAKER_01
7760,620.8,620.88,SPEAKER_01
7761,620.88,620.96,SPEAKER_01
7762,620.96,621.0400000000001,SPEAKER_01
7763,621.04,621.12,SPEAKER_01
7764,621.12,621.2,SPEAKER_01
7765,621.2,621.2800000000001,SPEAKER_01
7766,621.28,621.36,SPEAKER_01
7767,621.36,621.44,SPEAKER_01
7768,621.44,621.5200000000001,SPEAKER_01
7769,621.52,621.6,SPEAKER_01
7770,621.6,621.6800000000001,SPEAKER_01
7771,621.68,621.76,SPEAKER_01
7772,621.76,621.84,SPEAKER_01
7773,621.84,621.9200000000001,SPEAKER_01
7774,621.92,622.0,SPEAKER_01
7775,622.0,622.08,SPEAKER_01
7776,622.08,622.1600000000001,SPEAKER_01
7777,622.16,622.24,SPEAKER_01
7778,622.24,622.32,SPEAKER_00
7779,622.32,622.4000000000001,SPEAKER_00
7780,622.4,622.48,SPEAKER_00
7781,622.48,622.5600000000001,SPEAKER_00
7782,622.56,622.64,SPEAKER_00
7783,622.64,622.72,SPEAKER_01
7784,622.72,622.8000000000001,SPEAKER_01
7785,622.8,622.88,SPEAKER_01
7786,622.88,622.96,SPEAKER_01
7787,622.96,623.0400000000001,SPEAKER_01
7788,623.04,623.12,SPEAKER_01
7789,623.12,623.2,SPEAKER_01
7790,623.2,623.2800000000001,SPEAKER_01
7791,623.28,623.36,SPEAKER_01
7792,623.36,623.44,SPEAKER_01
7793,623.44,623.5200000000001,SPEAKER_01
7794,623.52,623.6,SPEAKER_01
7795,623.6,623.6800000000001,SPEAKER_01
7796,623.68,623.76,SPEAKER_01
7797,623.76,623.84,SPEAKER_01
7798,623.84,623.9200000000001,SPEAKER_01
7799,623.92,624.0,SPEAKER_01
7800,624.0,624.08,SPEAKER_01
7801,624.08,624.1600000000001,SPEAKER_01
7802,624.16,624.24,SPEAKER_01
7803,624.24,624.32,SPEAKER_01
7804,624.32,624.4000000000001,SPEAKER_01
7805,624.4,624.48,SPEAKER_01
7806,624.48,624.5600000000001,SPEAKER_01
7807,624.56,624.64,SPEAKER_01
7808,624.64,624.72,SPEAKER_01
7809,624.72,624.8000000000001,SPEAKER_01
7810,624.8,624.88,SPEAKER_01
7811,624.88,624.96,SPEAKER_01
7812,624.96,625.0400000000001,SPEAKER_01
7813,625.04,625.12,SPEAKER_01
7814,625.12,625.2,SPEAKER_01
7815,625.2,625.2800000000001,SPEAKER_01
7816,625.28,625.36,SPEAKER_01
7817,625.36,625.44,SPEAKER_01
7818,625.44,625.5200000000001,SPEAKER_01
7819,625.52,625.6,SPEAKER_01
7820,625.6,625.6800000000001,SPEAKER_01
7821,625.68,625.76,SPEAKER_01
7822,625.76,625.84,SPEAKER_01
7823,625.84,625.9200000000001,SPEAKER_01
7824,625.92,626.0,SPEAKER_01
7825,626.0,626.08,SPEAKER_01
7826,626.08,626.1600000000001,SPEAKER_01
7827,626.16,626.24,SPEAKER_01
7828,626.24,626.32,SPEAKER_01
7829,626.32,626.4000000000001,SPEAKER_01
7830,626.4,626.48,SPEAKER_01
7831,626.48,626.5600000000001,SPEAKER_01
7832,626.56,626.64,SPEAKER_01
7833,626.64,626.72,SPEAKER_01
7834,626.72,626.8000000000001,SPEAKER_01
7835,626.8,626.88,SPEAKER_01
7836,626.88,626.96,SPEAKER_00
7837,626.96,627.0400000000001,SPEAKER_00
7838,627.04,627.12,SPEAKER_00
7839,627.12,627.2,SPEAKER_01
7840,627.2,627.2800000000001,SPEAKER_01
7841,627.28,627.36,SPEAKER_01
7842,627.36,627.44,SPEAKER_01
7843,627.44,627.5200000000001,SPEAKER_01
7844,627.52,627.6,SPEAKER_01
7845,627.6,627.6800000000001,SPEAKER_01
7846,627.68,627.76,SPEAKER_01
7847,627.76,627.84,SPEAKER_01
7848,627.84,627.9200000000001,SPEAKER_01
7849,627.92,628.0,SPEAKER_01
7850,628.0,628.08,SPEAKER_01
7851,628.08,628.1600000000001,SPEAKER_01
7852,628.16,628.24,SPEAKER_01
7853,628.24,628.32,SPEAKER_01
7854,628.32,628.4000000000001,SPEAKER_01
7855,628.4,628.48,SPEAKER_01
7856,628.48,628.5600000000001,SPEAKER_01
7857,628.56,628.64,SPEAKER_01
7858,628.64,628.72,SPEAKER_01
7859,628.72,628.8000000000001,SPEAKER_00
7860,628.8,628.88,SPEAKER_00
7861,628.88,628.96,SPEAKER_00
7862,628.96,629.0400000000001,SPEAKER_00
7863,629.04,629.12,SPEAKER_01
7864,629.12,629.2,SPEAKER_01
7865,629.2,629.2800000000001,SPEAKER_01
7866,629.28,629.36,SPEAKER_01
7867,629.36,629.44,SPEAKER_01
7868,629.44,629.5200000000001,SPEAKER_01
7869,629.52,629.6,SPEAKER_01
7870,629.6,629.6800000000001,SPEAKER_01
7871,629.68,629.76,SPEAKER_01
7872,629.76,629.84,SPEAKER_01
7873,629.84,629.9200000000001,SPEAKER_01
7874,629.92,630.0,SPEAKER_01
7875,630.0,630.08,SPEAKER_01
7876,630.08,630.1600000000001,SPEAKER_01
7877,630.16,630.24,SPEAKER_01
7878,630.24,630.32,SPEAKER_01
7879,630.32,630.4000000000001,SPEAKER_01
7880,630.4,630.48,SPEAKER_01
7881,630.48,630.5600000000001,SPEAKER_01
7882,630.56,630.64,SPEAKER_01
7883,630.64,630.72,SPEAKER_01
7884,630.72,630.8000000000001,SPEAKER_01
7885,630.8,630.88,SPEAKER_01
7886,630.88,630.96,SPEAKER_01
7887,630.96,631.0400000000001,SPEAKER_01
7888,631.04,631.12,SPEAKER_01
7889,631.12,631.2,SPEAKER_01
7890,631.2,631.2800000000001,SPEAKER_01
7891,631.28,631.36,SPEAKER_01
7892,631.36,631.44,SPEAKER_01
7893,631.44,631.5200000000001,SPEAKER_00
7894,631.52,631.6,SPEAKER_00
7895,631.6,631.6800000000001,SPEAKER_00
7896,631.68,631.76,SPEAKER_00
7897,631.76,631.84,SPEAKER_00
7898,631.84,631.9200000000001,SPEAKER_00
7899,631.92,632.0,SPEAKER_01
7900,632.0,632.08,SPEAKER_01
7901,632.08,632.1600000000001,SPEAKER_01
7902,632.16,632.24,SPEAKER_01
7903,632.24,632.32,SPEAKER_01
7904,632.32,632.4000000000001,SPEAKER_01
7905,632.4,632.48,SPEAKER_01
7906,632.48,632.5600000000001,SPEAKER_01
7907,632.56,632.64,SPEAKER_01
7908,632.64,632.72,SPEAKER_01
7909,632.72,632.8000000000001,SPEAKER_01
7910,632.8,632.88,SPEAKER_01
7911,632.88,632.96,SPEAKER_01
7912,632.96,633.0400000000001,SPEAKER_01
7913,633.04,633.12,SPEAKER_01
7914,633.12,633.2,SPEAKER_00
7915,633.2,633.2800000000001,SPEAKER_00
7916,633.28,633.36,SPEAKER_00
7917,633.36,633.44,SPEAKER_01
7918,633.44,633.5200000000001,SPEAKER_01
7919,633.52,633.6,SPEAKER_01
7920,633.6,633.6800000000001,SPEAKER_01
7921,633.68,633.76,SPEAKER_01
7922,633.76,633.84,SPEAKER_01
7923,633.84,633.9200000000001,SPEAKER_01
7924,633.92,634.0,SPEAKER_01
7925,634.0,634.08,SPEAKER_01
7926,634.08,634.1600000000001,SPEAKER_01
7927,634.16,634.24,SPEAKER_01
7928,634.24,634.32,SPEAKER_01
7929,634.32,634.4000000000001,SPEAKER_01
7930,634.4,634.48,SPEAKER_01
7931,634.48,634.5600000000001,SPEAKER_01
7932,634.56,634.64,SPEAKER_01
7933,634.64,634.72,SPEAKER_01
7934,634.72,634.8000000000001,SPEAKER_01
7935,634.8,634.88,SPEAKER_01
7936,634.88,634.96,SPEAKER_01
7937,634.96,635.0400000000001,SPEAKER_01
7938,635.04,635.12,SPEAKER_01
7939,635.12,635.2,SPEAKER_00
7940,635.2,635.2800000000001,SPEAKER_00
7941,635.28,635.36,SPEAKER_00
7942,635.36,635.44,SPEAKER_00
7943,635.44,635.5200000000001,SPEAKER_00
7944,635.52,635.6,SPEAKER_01
7945,635.6,635.6800000000001,SPEAKER_01
7946,635.68,635.76,SPEAKER_01
7947,635.76,635.84,SPEAKER_01
7948,635.84,635.9200000000001,SPEAKER_01
7949,635.92,636.0,SPEAKER_01
7950,636.0,636.08,SPEAKER_01
7951,636.08,636.1600000000001,SPEAKER_01
7952,636.16,636.24,SPEAKER_01
7953,636.24,636.32,SPEAKER_01
7954,636.32,636.4000000000001,SPEAKER_01
7955,636.4,636.48,SPEAKER_01
7956,636.48,636.5600000000001,SPEAKER_01
7957,636.56,636.64,SPEAKER_01
7958,636.64,636.72,SPEAKER_01
7959,636.72,636.8000000000001,SPEAKER_01
7960,636.8,636.88,SPEAKER_01
7961,636.88,636.96,SPEAKER_01
7962,636.96,637.0400000000001,SPEAKER_01
7963,637.04,637.12,SPEAKER_01
7964,637.12,637.2,SPEAKER_01
7965,637.2,637.2800000000001,SPEAKER_01
7966,637.28,637.36,SPEAKER_01
7967,637.36,637.44,SPEAKER_01
7968,637.44,637.5200000000001,SPEAKER_01
7969,637.52,637.6,SPEAKER_01
7970,637.6,637.6800000000001,SPEAKER_00
7971,637.68,637.76,SPEAKER_01
7972,637.76,637.84,SPEAKER_01
7973,637.84,637.9200000000001,SPEAKER_01
7974,637.92,638.0,SPEAKER_01
7975,638.0,638.08,SPEAKER_01
7976,638.08,638.1600000000001,SPEAKER_01
7977,638.16,638.24,SPEAKER_01
7978,638.24,638.32,SPEAKER_01
7979,638.32,638.4000000000001,SPEAKER_01
7980,638.4,638.48,SPEAKER_01
7981,638.48,638.5600000000001,SPEAKER_01
7982,638.56,638.64,SPEAKER_01
7983,638.64,638.72,SPEAKER_01
7984,638.72,638.8000000000001,SPEAKER_01
7985,638.8,638.88,SPEAKER_01
7986,638.88,638.96,SPEAKER_01
7987,638.96,639.0400000000001,SPEAKER_01
7988,639.04,639.12,SPEAKER_01
7989,639.12,639.2,SPEAKER_01
7990,639.2,639.2800000000001,SPEAKER_00
7991,639.28,639.36,SPEAKER_00
7992,639.36,639.44,SPEAKER_00
7993,639.44,639.5200000000001,SPEAKER_00
7994,639.52,639.6,SPEAKER_00
7995,639.6,639.6800000000001,SPEAKER_00
7996,639.68,639.76,SPEAKER_00
7997,639.76,639.84,SPEAKER_00
7998,639.84,639.9200000000001,SPEAKER_00
7999,639.92,640.0,SPEAKER_00
8000,640.0,640.08,SPEAKER_00
8001,640.08,640.1600000000001,SPEAKER_00
8002,640.16,640.24,SPEAKER_00
8003,640.24,640.32,SPEAKER_00
8004,640.32,640.4000000000001,SPEAKER_00
8005,640.4,640.48,SPEAKER_00
8006,640.48,640.5600000000001,SPEAKER_00
8007,640.56,640.64,SPEAKER_00
8008,640.64,640.72,SPEAKER_00
8009,640.72,640.8000000000001,SPEAKER_00
8010,640.8,640.88,SPEAKER_00
8011,640.88,640.96,SPEAKER_00
8012,640.96,641.0400000000001,SPEAKER_00
8013,641.04,641.12,SPEAKER_00
8014,641.12,641.2,SPEAKER_00
8015,641.2,641.2800000000001,SPEAKER_00
8016,641.28,641.36,SPEAKER_00
8017,641.36,641.44,SPEAKER_00
8018,641.44,641.5200000000001,SPEAKER_00
8019,641.52,641.6,SPEAKER_00
8020,641.6,641.6800000000001,SPEAKER_00
8021,641.68,641.76,SPEAKER_00
8022,641.76,641.84,SPEAKER_00
8023,641.84,641.9200000000001,SPEAKER_00
8024,641.92,642.0,SPEAKER_00
8025,642.0,642.08,SPEAKER_00
8026,642.08,642.1600000000001,SPEAKER_00
8027,642.16,642.24,SPEAKER_00
8028,642.24,642.32,SPEAKER_00
8029,642.32,642.4000000000001,SPEAKER_00
8030,642.4,642.48,SPEAKER_00
8031,642.48,642.5600000000001,SPEAKER_00
8032,642.56,642.64,SPEAKER_00
8033,642.64,642.72,SPEAKER_00
8034,642.72,642.8000000000001,SPEAKER_00
8035,642.8,642.88,SPEAKER_00
8036,642.88,642.96,SPEAKER_00
8037,642.96,643.0400000000001,SPEAKER_00
8038,643.04,643.12,SPEAKER_00
8039,643.12,643.2,SPEAKER_00
8040,643.2,643.2800000000001,SPEAKER_00
8041,643.28,643.36,SPEAKER_00
8042,643.36,643.44,SPEAKER_00
8043,643.44,643.5200000000001,SPEAKER_00
8044,643.52,643.6,SPEAKER_00
8045,643.6,643.6800000000001,SPEAKER_00
8046,643.68,643.76,SPEAKER_00
8047,643.76,643.84,SPEAKER_00
8048,643.84,643.9200000000001,SPEAKER_00
8049,643.92,644.0,SPEAKER_00
8050,644.0,644.08,SPEAKER_00
8051,644.08,644.1600000000001,SPEAKER_00
8052,644.16,644.24,SPEAKER_00
8053,644.24,644.32,SPEAKER_00
8054,644.32,644.4000000000001,SPEAKER_00
8055,644.4,644.48,SPEAKER_00
8056,644.48,644.5600000000001,SPEAKER_00
8057,644.56,644.64,SPEAKER_00
8058,644.64,644.72,SPEAKER_00
8059,644.72,644.8000000000001,SPEAKER_00
8060,644.8,644.88,SPEAKER_00
8061,644.88,644.96,SPEAKER_00
8062,644.96,645.0400000000001,SPEAKER_00
8063,645.04,645.12,SPEAKER_00
8064,645.12,645.2,SPEAKER_00
8065,645.2,645.2800000000001,SPEAKER_00
8066,645.28,645.36,SPEAKER_00
8067,645.36,645.44,SPEAKER_00
8068,645.44,645.5200000000001,SPEAKER_00
8069,645.52,645.6,SPEAKER_00
8070,645.6,645.6800000000001,SPEAKER_00
8071,645.68,645.76,SPEAKER_00
8072,645.76,645.84,SPEAKER_00
8073,645.84,645.9200000000001,SPEAKER_00
8074,645.92,646.0,SPEAKER_00
8075,646.0,646.08,SPEAKER_00
8076,646.08,646.1600000000001,SPEAKER_00
8077,646.16,646.24,SPEAKER_00
8078,646.24,646.32,SPEAKER_00
8079,646.32,646.4000000000001,SPEAKER_00
8080,646.4,646.48,SPEAKER_00
8081,646.48,646.5600000000001,SPEAKER_00
8082,646.56,646.64,SPEAKER_00
8083,646.64,646.72,SPEAKER_00
8084,646.72,646.8000000000001,SPEAKER_00
8085,646.8,646.88,SPEAKER_00
8086,646.88,646.96,SPEAKER_00
8087,646.96,647.0400000000001,SPEAKER_00
8088,647.04,647.12,SPEAKER_00
8089,647.12,647.2,SPEAKER_00
8090,647.2,647.2800000000001,SPEAKER_00
8091,647.28,647.36,SPEAKER_00
8092,647.36,647.44,SPEAKER_00
8093,647.44,647.5200000000001,SPEAKER_00
8094,647.52,647.6,SPEAKER_00
8095,647.6,647.6800000000001,SPEAKER_00
8096,647.68,647.76,SPEAKER_00
8097,647.76,647.84,SPEAKER_00
8098,647.84,647.9200000000001,SPEAKER_00
8099,647.92,648.0,SPEAKER_00
8100,648.0,648.08,SPEAKER_00
8101,648.08,648.1600000000001,SPEAKER_00
8102,648.16,648.24,SPEAKER_00
8103,648.24,648.32,SPEAKER_00
8104,648.32,648.4000000000001,SPEAKER_00
8105,648.4,648.48,SPEAKER_00
8106,648.48,648.5600000000001,SPEAKER_00
8107,648.56,648.64,SPEAKER_00
8108,648.64,648.72,SPEAKER_00
8109,648.72,648.8000000000001,SPEAKER_00
8110,648.8,648.88,SPEAKER_00
8111,648.88,648.96,SPEAKER_00
8112,648.96,649.0400000000001,SPEAKER_00
8113,649.04,649.12,SPEAKER_00
8114,649.12,649.2,SPEAKER_00
8115,649.2,649.2800000000001,SPEAKER_00
8116,649.28,649.36,SPEAKER_00
8117,649.36,649.44,SPEAKER_00
8118,649.44,649.5200000000001,SPEAKER_00
8119,649.52,649.6,SPEAKER_00
8120,649.6,649.6800000000001,SPEAKER_00
8121,649.68,649.76,SPEAKER_00
8122,649.76,649.84,SPEAKER_00
8123,649.84,649.9200000000001,SPEAKER_00
8124,649.92,650.0,SPEAKER_00
8125,650.0,650.08,SPEAKER_00
8126,650.08,650.1600000000001,SPEAKER_00
8127,650.16,650.24,SPEAKER_00
8128,650.24,650.32,SPEAKER_00
8129,650.32,650.4000000000001,SPEAKER_00
8130,650.4,650.48,SPEAKER_00
8131,650.48,650.5600000000001,SPEAKER_00
8132,650.56,650.64,SPEAKER_00
8133,650.64,650.72,SPEAKER_00
8134,650.72,650.8000000000001,SPEAKER_00
8135,650.8,650.88,SPEAKER_00
8136,650.88,650.96,SPEAKER_00
8137,650.96,651.0400000000001,SPEAKER_00
8138,651.04,651.12,SPEAKER_00
8139,651.12,651.2,SPEAKER_01
8140,651.2,651.2800000000001,SPEAKER_01
8141,651.28,651.36,SPEAKER_01
8142,651.36,651.44,SPEAKER_01
8143,651.44,651.5200000000001,SPEAKER_01
8144,651.52,651.6,SPEAKER_01
8145,651.6,651.6800000000001,SPEAKER_01
8146,651.68,651.76,SPEAKER_01
8147,651.76,651.84,SPEAKER_01
8148,651.84,651.9200000000001,SPEAKER_01
8149,651.92,652.0,SPEAKER_01
8150,652.0,652.08,SPEAKER_01
8151,652.08,652.1600000000001,SPEAKER_01
8152,652.16,652.24,SPEAKER_01
8153,652.24,652.32,SPEAKER_01
8154,652.32,652.4000000000001,SPEAKER_01
8155,652.4,652.48,SPEAKER_01
8156,652.48,652.5600000000001,SPEAKER_01
8157,652.56,652.64,SPEAKER_01
8158,652.64,652.72,SPEAKER_01
8159,652.72,652.8000000000001,SPEAKER_01
8160,652.8,652.88,SPEAKER_01
8161,652.88,652.96,SPEAKER_01
8162,652.96,653.0400000000001,SPEAKER_01
8163,653.04,653.12,SPEAKER_01
8164,653.12,653.2,SPEAKER_01
8165,653.2,653.2800000000001,SPEAKER_01
8166,653.28,653.36,SPEAKER_01
8167,653.36,653.44,SPEAKER_01
8168,653.44,653.5200000000001,SPEAKER_01
8169,653.52,653.6,SPEAKER_01
8170,653.6,653.6800000000001,SPEAKER_01
8171,653.68,653.76,SPEAKER_01
8172,653.76,653.84,SPEAKER_01
8173,653.84,653.9200000000001,SPEAKER_01
8174,653.92,654.0,SPEAKER_01
8175,654.0,654.08,SPEAKER_01
8176,654.08,654.1600000000001,SPEAKER_01
8177,654.16,654.24,SPEAKER_01
8178,654.24,654.32,SPEAKER_01
8179,654.32,654.4000000000001,SPEAKER_01
8180,654.4,654.48,SPEAKER_01
8181,654.48,654.5600000000001,SPEAKER_01
8182,654.56,654.64,SPEAKER_01
8183,654.64,654.72,SPEAKER_01
8184,654.72,654.8000000000001,SPEAKER_01
8185,654.8,654.88,SPEAKER_01
8186,654.88,654.96,SPEAKER_01
8187,654.96,655.0400000000001,SPEAKER_01
8188,655.04,655.12,SPEAKER_01
8189,655.12,655.2,SPEAKER_01
8190,655.2,655.2800000000001,SPEAKER_01
8191,655.28,655.36,SPEAKER_01
8192,655.36,655.44,SPEAKER_01
8193,655.44,655.5200000000001,SPEAKER_01
8194,655.52,655.6,SPEAKER_01
8195,655.6,655.6800000000001,SPEAKER_01
8196,655.68,655.76,SPEAKER_01
8197,655.76,655.84,SPEAKER_01
8198,655.84,655.9200000000001,SPEAKER_01
8199,655.92,656.0,SPEAKER_01
8200,656.0,656.08,SPEAKER_01
8201,656.08,656.1600000000001,SPEAKER_01
8202,656.16,656.24,SPEAKER_01
8203,656.24,656.32,SPEAKER_01
8204,656.32,656.4000000000001,SPEAKER_01
8205,656.4,656.48,SPEAKER_01
8206,656.48,656.5600000000001,SPEAKER_01
8207,656.56,656.64,SPEAKER_01
8208,656.64,656.72,SPEAKER_01
8209,656.72,656.8000000000001,SPEAKER_01
8210,656.8,656.88,SPEAKER_01
8211,656.88,656.96,SPEAKER_01
8212,656.96,657.0400000000001,SPEAKER_01
8213,657.04,657.12,SPEAKER_01
8214,657.12,657.2,SPEAKER_00
8215,657.2,657.2800000000001,SPEAKER_00
8216,657.28,657.36,SPEAKER_00
8217,657.36,657.44,SPEAKER_00
8218,657.44,657.5200000000001,SPEAKER_00
8219,657.52,657.6,SPEAKER_00
8220,657.6,657.6800000000001,SPEAKER_01
8221,657.68,657.76,SPEAKER_01
8222,657.76,657.84,SPEAKER_01
8223,657.84,657.9200000000001,SPEAKER_01
8224,657.92,658.0,SPEAKER_01
8225,658.0,658.08,SPEAKER_01
8226,658.08,658.1600000000001,SPEAKER_01
8227,658.16,658.24,SPEAKER_01
8228,658.24,658.32,SPEAKER_01
8229,658.32,658.4000000000001,SPEAKER_01
8230,658.4,658.48,SPEAKER_01
8231,658.48,658.5600000000001,SPEAKER_01
8232,658.56,658.64,SPEAKER_01
8233,658.64,658.72,SPEAKER_01
8234,658.72,658.8000000000001,SPEAKER_01
8235,658.8,658.88,SPEAKER_01
8236,658.88,658.96,SPEAKER_01
8237,658.96,659.0400000000001,SPEAKER_01
8238,659.04,659.12,SPEAKER_01
8239,659.12,659.2,SPEAKER_01
8240,659.2,659.2800000000001,SPEAKER_01
8241,659.28,659.36,SPEAKER_01
8242,659.36,659.44,SPEAKER_01
8243,659.44,659.5200000000001,SPEAKER_01
8244,659.52,659.6,SPEAKER_01
8245,659.6,659.6800000000001,SPEAKER_01
8246,659.68,659.76,SPEAKER_01
8247,659.76,659.84,SPEAKER_01
8248,659.84,659.9200000000001,SPEAKER_00
8249,659.92,660.0,SPEAKER_00
8250,660.0,660.08,SPEAKER_00
8251,660.08,660.1600000000001,SPEAKER_00
8252,660.16,660.24,SPEAKER_00
8253,660.24,660.32,SPEAKER_00
8254,660.32,660.4000000000001,SPEAKER_00
8255,660.4,660.48,SPEAKER_01
8256,660.48,660.5600000000001,SPEAKER_01
8257,660.56,660.64,SPEAKER_01
8258,660.64,660.72,SPEAKER_01
8259,660.72,660.8000000000001,SPEAKER_01
8260,660.8,660.88,SPEAKER_01
8261,660.88,660.96,SPEAKER_01
8262,660.96,661.0400000000001,SPEAKER_01
8263,661.04,661.12,SPEAKER_01
8264,661.12,661.2,SPEAKER_01
8265,661.2,661.2800000000001,SPEAKER_01
8266,661.28,661.36,SPEAKER_01
8267,661.36,661.44,SPEAKER_01
8268,661.44,661.5200000000001,SPEAKER_01
8269,661.52,661.6,SPEAKER_01
8270,661.6,661.6800000000001,SPEAKER_01
8271,661.68,661.76,SPEAKER_01
8272,661.76,661.84,SPEAKER_01
8273,661.84,661.9200000000001,SPEAKER_01
8274,661.92,662.0,SPEAKER_01
8275,662.0,662.08,SPEAKER_01
8276,662.08,662.1600000000001,SPEAKER_01
8277,662.16,662.24,SPEAKER_01
8278,662.24,662.32,SPEAKER_01
8279,662.32,662.4000000000001,SPEAKER_01
8280,662.4,662.48,SPEAKER_01
8281,662.48,662.5600000000001,SPEAKER_00
8282,662.56,662.64,SPEAKER_01
8283,662.64,662.72,SPEAKER_00
8284,662.72,662.8000000000001,SPEAKER_00
8285,662.8,662.88,SPEAKER_01
8286,662.88,662.96,SPEAKER_01
8287,662.96,663.0400000000001,SPEAKER_01
8288,663.04,663.12,SPEAKER_01
8289,663.12,663.2,SPEAKER_01
8290,663.2,663.2800000000001,SPEAKER_01
8291,663.28,663.36,SPEAKER_01
8292,663.36,663.44,SPEAKER_01
8293,663.44,663.5200000000001,SPEAKER_01
8294,663.52,663.6,SPEAKER_01
8295,663.6,663.6800000000001,SPEAKER_01
8296,663.68,663.76,SPEAKER_01
8297,663.76,663.84,SPEAKER_01
8298,663.84,663.9200000000001,SPEAKER_01
8299,663.92,664.0,SPEAKER_01
8300,664.0,664.08,SPEAKER_01
8301,664.08,664.1600000000001,SPEAKER_01
8302,664.16,664.24,SPEAKER_01
8303,664.24,664.32,SPEAKER_01
8304,664.32,664.4000000000001,SPEAKER_01
8305,664.4,664.48,SPEAKER_01
8306,664.48,664.5600000000001,SPEAKER_01
8307,664.56,664.64,SPEAKER_01
8308,664.64,664.72,SPEAKER_01
8309,664.72,664.8000000000001,SPEAKER_01
8310,664.8,664.88,SPEAKER_01
8311,664.88,664.96,SPEAKER_01
8312,664.96,665.0400000000001,SPEAKER_01
8313,665.04,665.12,SPEAKER_01
8314,665.12,665.2,SPEAKER_01
8315,665.2,665.2800000000001,SPEAKER_01
8316,665.28,665.36,SPEAKER_01
8317,665.36,665.44,SPEAKER_01
8318,665.44,665.5200000000001,SPEAKER_01
8319,665.52,665.6,SPEAKER_01
8320,665.6,665.6800000000001,SPEAKER_01
8321,665.68,665.76,SPEAKER_01
8322,665.76,665.84,SPEAKER_01
8323,665.84,665.9200000000001,SPEAKER_01
8324,665.92,666.0,SPEAKER_01
8325,666.0,666.08,SPEAKER_00
8326,666.08,666.1600000000001,SPEAKER_00
8327,666.16,666.24,SPEAKER_00
8328,666.24,666.32,SPEAKER_00
8329,666.32,666.4000000000001,SPEAKER_00
8330,666.4,666.48,SPEAKER_00
8331,666.48,666.5600000000001,SPEAKER_00
8332,666.56,666.64,SPEAKER_00
8333,666.64,666.72,SPEAKER_01
8334,666.72,666.8000000000001,SPEAKER_01
8335,666.8,666.88,SPEAKER_01
8336,666.88,666.96,SPEAKER_01
8337,666.96,667.0400000000001,SPEAKER_01
8338,667.04,667.12,SPEAKER_01
8339,667.12,667.2,SPEAKER_01
8340,667.2,667.2800000000001,SPEAKER_01
8341,667.28,667.36,SPEAKER_01
8342,667.36,667.44,SPEAKER_01
8343,667.44,667.5200000000001,SPEAKER_01
8344,667.52,667.6,SPEAKER_01
8345,667.6,667.6800000000001,SPEAKER_01
8346,667.68,667.76,SPEAKER_01
8347,667.76,667.84,SPEAKER_01
8348,667.84,667.9200000000001,SPEAKER_01
8349,667.92,668.0,SPEAKER_01
8350,668.0,668.08,SPEAKER_00
8351,668.08,668.1600000000001,SPEAKER_00
8352,668.16,668.24,SPEAKER_01
8353,668.24,668.32,SPEAKER_01
8354,668.32,668.4000000000001,SPEAKER_01
8355,668.4,668.48,SPEAKER_01
8356,668.48,668.5600000000001,SPEAKER_01
8357,668.56,668.64,SPEAKER_01
8358,668.64,668.72,SPEAKER_01
8359,668.72,668.8000000000001,SPEAKER_01
8360,668.8,668.88,SPEAKER_01
8361,668.88,668.96,SPEAKER_01
8362,668.96,669.0400000000001,SPEAKER_01
8363,669.04,669.12,SPEAKER_01
8364,669.12,669.2,SPEAKER_01
8365,669.2,669.2800000000001,SPEAKER_01
8366,669.28,669.36,SPEAKER_01
8367,669.36,669.44,SPEAKER_01
8368,669.44,669.5200000000001,SPEAKER_01
8369,669.52,669.6,SPEAKER_01
8370,669.6,669.6800000000001,SPEAKER_01
8371,669.68,669.76,SPEAKER_01
8372,669.76,669.84,SPEAKER_01
8373,669.84,669.9200000000001,SPEAKER_01
8374,669.92,670.0,SPEAKER_01
8375,670.0,670.08,SPEAKER_01
8376,670.08,670.1600000000001,SPEAKER_00
8377,670.16,670.24,SPEAKER_00
8378,670.24,670.32,SPEAKER_00
8379,670.32,670.4000000000001,SPEAKER_00
8380,670.4,670.48,SPEAKER_00
8381,670.48,670.5600000000001,SPEAKER_00
8382,670.56,670.64,SPEAKER_01
8383,670.64,670.72,SPEAKER_01
8384,670.72,670.8000000000001,SPEAKER_01
8385,670.8,670.88,SPEAKER_01
8386,670.88,670.96,SPEAKER_01
8387,670.96,671.0400000000001,SPEAKER_01
8388,671.04,671.12,SPEAKER_01
8389,671.12,671.2,SPEAKER_01
8390,671.2,671.2800000000001,SPEAKER_01
8391,671.28,671.36,SPEAKER_01
8392,671.36,671.44,SPEAKER_01
8393,671.44,671.5200000000001,SPEAKER_01
8394,671.52,671.6,SPEAKER_01
8395,671.6,671.6800000000001,SPEAKER_01
8396,671.68,671.76,SPEAKER_01
8397,671.76,671.84,SPEAKER_01
8398,671.84,671.9200000000001,SPEAKER_01
8399,671.92,672.0,SPEAKER_01
8400,672.0,672.08,SPEAKER_01
8401,672.08,672.1600000000001,SPEAKER_01
8402,672.16,672.24,SPEAKER_01
8403,672.24,672.32,SPEAKER_01
8404,672.32,672.4000000000001,SPEAKER_01
8405,672.4,672.48,SPEAKER_01
8406,672.48,672.5600000000001,SPEAKER_01
8407,672.56,672.64,SPEAKER_01
8408,672.64,672.72,SPEAKER_01
8409,672.72,672.8000000000001,SPEAKER_01
8410,672.8,672.88,SPEAKER_01
8411,672.88,672.96,SPEAKER_01
8412,672.96,673.0400000000001,SPEAKER_01
8413,673.04,673.12,SPEAKER_01
8414,673.12,673.2,SPEAKER_01
8415,673.2,673.2800000000001,SPEAKER_01
8416,673.28,673.36,SPEAKER_01
8417,673.36,673.44,SPEAKER_01
8418,673.44,673.5200000000001,SPEAKER_01
8419,673.52,673.6,SPEAKER_01
8420,673.6,673.6800000000001,SPEAKER_01
8421,673.68,673.76,SPEAKER_01
8422,673.76,673.84,SPEAKER_00
8423,673.84,673.9200000000001,SPEAKER_00
8424,673.92,674.0,SPEAKER_00
8425,674.0,674.08,SPEAKER_00
8426,674.08,674.1600000000001,SPEAKER_00
8427,674.16,674.24,SPEAKER_01
8428,674.24,674.32,SPEAKER_01
8429,674.32,674.4000000000001,SPEAKER_01
8430,674.4,674.48,SPEAKER_01
8431,674.48,674.5600000000001,SPEAKER_01
8432,674.56,674.64,SPEAKER_01
8433,674.64,674.72,SPEAKER_01
8434,674.72,674.8000000000001,SPEAKER_01
8435,674.8,674.88,SPEAKER_01
8436,674.88,674.96,SPEAKER_01
8437,674.96,675.0400000000001,SPEAKER_01
8438,675.04,675.12,SPEAKER_01
8439,675.12,675.2,SPEAKER_01
8440,675.2,675.2800000000001,SPEAKER_01
8441,675.28,675.36,SPEAKER_01
8442,675.36,675.44,SPEAKER_01
8443,675.44,675.5200000000001,SPEAKER_01
8444,675.52,675.6,SPEAKER_01
8445,675.6,675.6800000000001,SPEAKER_01
8446,675.68,675.76,SPEAKER_01
8447,675.76,675.84,SPEAKER_01
8448,675.84,675.9200000000001,SPEAKER_01
8449,675.92,676.0,SPEAKER_01
8450,676.0,676.08,SPEAKER_01
8451,676.08,676.1600000000001,SPEAKER_01
8452,676.16,676.24,SPEAKER_01
8453,676.24,676.32,SPEAKER_01
8454,676.32,676.4000000000001,SPEAKER_01
8455,676.4,676.48,SPEAKER_01
8456,676.48,676.5600000000001,SPEAKER_01
8457,676.56,676.64,SPEAKER_01
8458,676.64,676.72,SPEAKER_00
8459,676.72,676.8000000000001,SPEAKER_00
8460,676.8,676.88,SPEAKER_00
8461,676.88,676.96,SPEAKER_00
8462,676.96,677.0400000000001,SPEAKER_00
8463,677.04,677.12,SPEAKER_00
8464,677.12,677.2,SPEAKER_00
8465,677.2,677.2800000000001,SPEAKER_01
8466,677.28,677.36,SPEAKER_01
8467,677.36,677.44,SPEAKER_01
8468,677.44,677.5200000000001,SPEAKER_01
8469,677.52,677.6,SPEAKER_01
8470,677.6,677.6800000000001,SPEAKER_01
8471,677.68,677.76,SPEAKER_01
8472,677.76,677.84,SPEAKER_01
8473,677.84,677.9200000000001,SPEAKER_01
8474,677.92,678.0,SPEAKER_01
8475,678.0,678.08,SPEAKER_01
8476,678.08,678.1600000000001,SPEAKER_01
8477,678.16,678.24,SPEAKER_01
8478,678.24,678.32,SPEAKER_01
8479,678.32,678.4000000000001,SPEAKER_01
8480,678.4,678.48,SPEAKER_01
8481,678.48,678.5600000000001,SPEAKER_01
8482,678.56,678.64,SPEAKER_01
8483,678.64,678.72,SPEAKER_01
8484,678.72,678.8000000000001,SPEAKER_01
8485,678.8,678.88,SPEAKER_01
8486,678.88,678.96,SPEAKER_01
8487,678.96,679.0400000000001,SPEAKER_01
8488,679.04,679.12,SPEAKER_01
8489,679.12,679.2,SPEAKER_01
8490,679.2,679.2800000000001,SPEAKER_01
8491,679.28,679.36,SPEAKER_01
8492,679.36,679.44,SPEAKER_01
8493,679.44,679.5200000000001,SPEAKER_01
8494,679.52,679.6,SPEAKER_01
8495,679.6,679.6800000000001,SPEAKER_01
8496,679.68,679.76,SPEAKER_01
8497,679.76,679.84,SPEAKER_01
8498,679.84,679.9200000000001,SPEAKER_01
8499,679.92,680.0,SPEAKER_00
8500,680.0,680.08,SPEAKER_00
8501,680.08,680.1600000000001,SPEAKER_00
8502,680.16,680.24,SPEAKER_00
8503,680.24,680.32,SPEAKER_00
8504,680.32,680.4000000000001,SPEAKER_00
8505,680.4,680.48,SPEAKER_00
8506,680.48,680.5600000000001,SPEAKER_00
8507,680.56,680.64,SPEAKER_01
8508,680.64,680.72,SPEAKER_01
8509,680.72,680.8000000000001,SPEAKER_01
8510,680.8,680.88,SPEAKER_01
8511,680.88,680.96,SPEAKER_01
8512,680.96,681.0400000000001,SPEAKER_01
8513,681.04,681.12,SPEAKER_01
8514,681.12,681.2,SPEAKER_01
8515,681.2,681.2800000000001,SPEAKER_01
8516,681.28,681.36,SPEAKER_01
8517,681.36,681.44,SPEAKER_01
8518,681.44,681.5200000000001,SPEAKER_01
8519,681.52,681.6,SPEAKER_01
8520,681.6,681.6800000000001,SPEAKER_01
8521,681.68,681.76,SPEAKER_01
8522,681.76,681.84,SPEAKER_01
8523,681.84,681.9200000000001,SPEAKER_01
8524,681.92,682.0,SPEAKER_01
8525,682.0,682.08,SPEAKER_01
8526,682.08,682.1600000000001,SPEAKER_00
8527,682.16,682.24,SPEAKER_00
8528,682.24,682.32,SPEAKER_00
8529,682.32,682.4000000000001,SPEAKER_00
8530,682.4,682.48,SPEAKER_00
8531,682.48,682.5600000000001,SPEAKER_01
8532,682.56,682.64,SPEAKER_01
8533,682.64,682.72,SPEAKER_01
8534,682.72,682.8000000000001,SPEAKER_01
8535,682.8,682.88,SPEAKER_01
8536,682.88,682.96,SPEAKER_01
8537,682.96,683.0400000000001,SPEAKER_01
8538,683.04,683.12,SPEAKER_01
8539,683.12,683.2,SPEAKER_01
8540,683.2,683.2800000000001,SPEAKER_01
8541,683.28,683.36,SPEAKER_01
8542,683.36,683.44,SPEAKER_01
8543,683.44,683.5200000000001,SPEAKER_01
8544,683.52,683.6,SPEAKER_01
8545,683.6,683.6800000000001,SPEAKER_01
8546,683.68,683.76,SPEAKER_01
8547,683.76,683.84,SPEAKER_01
8548,683.84,683.9200000000001,SPEAKER_01
8549,683.92,684.0,SPEAKER_01
8550,684.0,684.08,SPEAKER_01
8551,684.08,684.1600000000001,SPEAKER_01
8552,684.16,684.24,SPEAKER_01
8553,684.24,684.32,SPEAKER_01
8554,684.32,684.4000000000001,SPEAKER_01
8555,684.4,684.48,SPEAKER_01
8556,684.48,684.5600000000001,SPEAKER_01
8557,684.56,684.64,SPEAKER_01
8558,684.64,684.72,SPEAKER_01
8559,684.72,684.8000000000001,SPEAKER_01
8560,684.8,684.88,SPEAKER_01
8561,684.88,684.96,SPEAKER_01
8562,684.96,685.0400000000001,SPEAKER_01
8563,685.04,685.12,SPEAKER_00
8564,685.12,685.2,SPEAKER_00
8565,685.2,685.2800000000001,SPEAKER_00
8566,685.28,685.36,SPEAKER_00
8567,685.36,685.44,SPEAKER_00
8568,685.44,685.5200000000001,SPEAKER_01
8569,685.52,685.6,SPEAKER_01
8570,685.6,685.6800000000001,SPEAKER_01
8571,685.68,685.76,SPEAKER_01
8572,685.76,685.84,SPEAKER_01
8573,685.84,685.9200000000001,SPEAKER_01
8574,685.92,686.0,SPEAKER_01
8575,686.0,686.08,SPEAKER_01
8576,686.08,686.1600000000001,SPEAKER_01
8577,686.16,686.24,SPEAKER_01
8578,686.24,686.32,SPEAKER_01
8579,686.32,686.4000000000001,SPEAKER_01
8580,686.4,686.48,SPEAKER_01
8581,686.48,686.5600000000001,SPEAKER_01
8582,686.56,686.64,SPEAKER_01
8583,686.64,686.72,SPEAKER_01
8584,686.72,686.8000000000001,SPEAKER_01
8585,686.8,686.88,SPEAKER_01
8586,686.88,686.96,SPEAKER_01
8587,686.96,687.0400000000001,SPEAKER_01
8588,687.04,687.12,SPEAKER_01
8589,687.12,687.2,SPEAKER_01
8590,687.2,687.2800000000001,SPEAKER_01
8591,687.28,687.36,SPEAKER_01
8592,687.36,687.44,SPEAKER_00
8593,687.44,687.5200000000001,SPEAKER_00
8594,687.52,687.6,SPEAKER_00
8595,687.6,687.6800000000001,SPEAKER_00
8596,687.68,687.76,SPEAKER_01
8597,687.76,687.84,SPEAKER_01
8598,687.84,687.9200000000001,SPEAKER_01
8599,687.92,688.0,SPEAKER_01
8600,688.0,688.08,SPEAKER_01
8601,688.08,688.1600000000001,SPEAKER_01
8602,688.16,688.24,SPEAKER_01
8603,688.24,688.32,SPEAKER_01
8604,688.32,688.4000000000001,SPEAKER_01
8605,688.4,688.48,SPEAKER_01
8606,688.48,688.5600000000001,SPEAKER_01
8607,688.56,688.64,SPEAKER_01
8608,688.64,688.72,SPEAKER_01
8609,688.72,688.8000000000001,SPEAKER_01
8610,688.8,688.88,SPEAKER_01
8611,688.88,688.96,SPEAKER_01
8612,688.96,689.0400000000001,SPEAKER_00
8613,689.04,689.12,SPEAKER_00
8614,689.12,689.2,SPEAKER_00
8615,689.2,689.2800000000001,SPEAKER_00
8616,689.28,689.36,SPEAKER_00
8617,689.36,689.44,SPEAKER_00
8618,689.44,689.5200000000001,SPEAKER_00
8619,689.52,689.6,SPEAKER_00
8620,689.6,689.6800000000001,SPEAKER_00
8621,689.68,689.76,SPEAKER_00
8622,689.76,689.84,SPEAKER_00
8623,689.84,689.9200000000001,SPEAKER_00
8624,689.92,690.0,SPEAKER_00
8625,690.0,690.08,SPEAKER_00
8626,690.08,690.1600000000001,SPEAKER_00
8627,690.16,690.24,SPEAKER_00
8628,690.24,690.32,SPEAKER_00
8629,690.32,690.4000000000001,SPEAKER_00
8630,690.4,690.48,SPEAKER_00
8631,690.48,690.5600000000001,SPEAKER_00
8632,690.56,690.64,SPEAKER_00
8633,690.64,690.72,SPEAKER_00
8634,690.72,690.8000000000001,SPEAKER_00
8635,690.8,690.88,SPEAKER_00
8636,690.88,690.96,SPEAKER_00
8637,690.96,691.0400000000001,SPEAKER_00
8638,691.04,691.12,SPEAKER_00
8639,691.12,691.2,SPEAKER_00
8640,691.2,691.2800000000001,SPEAKER_00
8641,691.28,691.36,SPEAKER_00
8642,691.36,691.44,SPEAKER_00
8643,691.44,691.5200000000001,SPEAKER_00
8644,691.52,691.6,SPEAKER_00
8645,691.6,691.6800000000001,SPEAKER_00
8646,691.68,691.76,SPEAKER_00
8647,691.76,691.84,SPEAKER_00
8648,691.84,691.9200000000001,SPEAKER_00
8649,691.92,692.0,SPEAKER_00
8650,692.0,692.08,SPEAKER_00
8651,692.08,692.1600000000001,SPEAKER_00
8652,692.16,692.24,SPEAKER_00
8653,692.24,692.32,SPEAKER_00
8654,692.32,692.4000000000001,SPEAKER_00
8655,692.4,692.48,SPEAKER_00
8656,692.48,692.5600000000001,SPEAKER_00
8657,692.56,692.64,SPEAKER_00
8658,692.64,692.72,SPEAKER_00
8659,692.72,692.8000000000001,SPEAKER_00
8660,692.8,692.88,SPEAKER_00
8661,692.88,692.96,SPEAKER_00
8662,692.96,693.0400000000001,SPEAKER_00
8663,693.04,693.12,SPEAKER_00
8664,693.12,693.2,SPEAKER_00
8665,693.2,693.2800000000001,SPEAKER_00
8666,693.28,693.36,SPEAKER_00
8667,693.36,693.44,SPEAKER_00
8668,693.44,693.5200000000001,SPEAKER_00
8669,693.52,693.6,SPEAKER_00
8670,693.6,693.6800000000001,SPEAKER_00
8671,693.68,693.76,SPEAKER_00
8672,693.76,693.84,SPEAKER_00
8673,693.84,693.9200000000001,SPEAKER_00
8674,693.92,694.0,SPEAKER_00
8675,694.0,694.08,SPEAKER_00
8676,694.08,694.1600000000001,SPEAKER_00
8677,694.16,694.24,SPEAKER_00
8678,694.24,694.32,SPEAKER_00
8679,694.32,694.4000000000001,SPEAKER_00
8680,694.4,694.48,SPEAKER_00
8681,694.48,694.5600000000001,SPEAKER_00
8682,694.56,694.64,SPEAKER_00
8683,694.64,694.72,SPEAKER_00
8684,694.72,694.8000000000001,SPEAKER_00
8685,694.8,694.88,SPEAKER_00
8686,694.88,694.96,SPEAKER_00
8687,694.96,695.0400000000001,SPEAKER_00
8688,695.04,695.12,SPEAKER_00
8689,695.12,695.2,SPEAKER_00
8690,695.2,695.2800000000001,SPEAKER_00
8691,695.28,695.36,SPEAKER_00
8692,695.36,695.44,SPEAKER_00
8693,695.44,695.5200000000001,SPEAKER_00
8694,695.52,695.6,SPEAKER_00
8695,695.6,695.6800000000001,SPEAKER_00
8696,695.68,695.76,SPEAKER_00
8697,695.76,695.84,SPEAKER_00
8698,695.84,695.9200000000001,SPEAKER_00
8699,695.92,696.0,SPEAKER_00
8700,696.0,696.08,SPEAKER_00
8701,696.08,696.1600000000001,SPEAKER_00
8702,696.16,696.24,SPEAKER_00
8703,696.24,696.32,SPEAKER_00
8704,696.32,696.4000000000001,SPEAKER_00
8705,696.4,696.48,SPEAKER_00
8706,696.48,696.5600000000001,SPEAKER_00
8707,696.56,696.64,SPEAKER_00
8708,696.64,696.72,SPEAKER_00
8709,696.72,696.8000000000001,SPEAKER_00
8710,696.8,696.88,SPEAKER_00
8711,696.88,696.96,SPEAKER_00
8712,696.96,697.0400000000001,SPEAKER_00
8713,697.04,697.12,SPEAKER_00
8714,697.12,697.2,SPEAKER_00
8715,697.2,697.2800000000001,SPEAKER_00
8716,697.28,697.36,SPEAKER_00
8717,697.36,697.44,SPEAKER_00
8718,697.44,697.5200000000001,SPEAKER_00
8719,697.52,697.6,SPEAKER_00
8720,697.6,697.6800000000001,SPEAKER_00
8721,697.68,697.76,SPEAKER_00
8722,697.76,697.84,SPEAKER_00
8723,697.84,697.9200000000001,SPEAKER_00
8724,697.92,698.0,SPEAKER_00
8725,698.0,698.08,SPEAKER_00
8726,698.08,698.1600000000001,SPEAKER_00
8727,698.16,698.24,SPEAKER_00
8728,698.24,698.32,SPEAKER_00
8729,698.32,698.4000000000001,SPEAKER_00
8730,698.4,698.48,SPEAKER_00
8731,698.48,698.5600000000001,SPEAKER_00
8732,698.56,698.64,SPEAKER_00
8733,698.64,698.72,SPEAKER_00
8734,698.72,698.8000000000001,SPEAKER_00
8735,698.8,698.88,SPEAKER_00
8736,698.88,698.96,SPEAKER_00
8737,698.96,699.0400000000001,SPEAKER_00
8738,699.04,699.12,SPEAKER_00
8739,699.12,699.2,SPEAKER_00
8740,699.2,699.2800000000001,SPEAKER_00
8741,699.28,699.36,SPEAKER_00
8742,699.36,699.44,SPEAKER_00
8743,699.44,699.5200000000001,SPEAKER_00
8744,699.52,699.6,SPEAKER_00
8745,699.6,699.6800000000001,SPEAKER_00
8746,699.68,699.76,SPEAKER_00
8747,699.76,699.84,SPEAKER_00
8748,699.84,699.9200000000001,SPEAKER_00
8749,699.92,700.0,SPEAKER_00
8750,700.0,700.08,SPEAKER_00
8751,700.08,700.1600000000001,SPEAKER_00
8752,700.16,700.24,SPEAKER_00
8753,700.24,700.32,SPEAKER_00
8754,700.32,700.4000000000001,SPEAKER_00
8755,700.4,700.48,SPEAKER_00
8756,700.48,700.5600000000001,SPEAKER_00
8757,700.56,700.64,SPEAKER_00
8758,700.64,700.72,SPEAKER_00
8759,700.72,700.8000000000001,SPEAKER_00
8760,700.8,700.88,SPEAKER_00
8761,700.88,700.96,SPEAKER_00
8762,700.96,701.0400000000001,SPEAKER_00
8763,701.04,701.12,SPEAKER_00
8764,701.12,701.2,SPEAKER_00
8765,701.2,701.2800000000001,SPEAKER_00
8766,701.28,701.36,SPEAKER_00
8767,701.36,701.44,SPEAKER_00
8768,701.44,701.5200000000001,SPEAKER_00
8769,701.52,701.6,SPEAKER_00
8770,701.6,701.6800000000001,SPEAKER_00
8771,701.68,701.76,SPEAKER_00
8772,701.76,701.84,SPEAKER_00
8773,701.84,701.9200000000001,SPEAKER_00
8774,701.92,702.0,SPEAKER_00
8775,702.0,702.08,SPEAKER_00
8776,702.08,702.1600000000001,SPEAKER_00
8777,702.16,702.24,SPEAKER_00
8778,702.24,702.32,SPEAKER_00
8779,702.32,702.4000000000001,SPEAKER_00
8780,702.4,702.48,SPEAKER_00
8781,702.48,702.5600000000001,SPEAKER_00
8782,702.56,702.64,SPEAKER_00
8783,702.64,702.72,SPEAKER_00
8784,702.72,702.8000000000001,SPEAKER_00
8785,702.8,702.88,SPEAKER_00
8786,702.88,702.96,SPEAKER_00
8787,702.96,703.0400000000001,SPEAKER_00
8788,703.04,703.12,SPEAKER_00
8789,703.12,703.2,SPEAKER_00
8790,703.2,703.2800000000001,SPEAKER_00
8791,703.28,703.36,SPEAKER_00
8792,703.36,703.44,SPEAKER_00
8793,703.44,703.5200000000001,SPEAKER_00
8794,703.52,703.6,SPEAKER_00
8795,703.6,703.6800000000001,SPEAKER_00
8796,703.68,703.76,SPEAKER_00
8797,703.76,703.84,SPEAKER_00
8798,703.84,703.9200000000001,SPEAKER_00
8799,703.92,704.0,SPEAKER_00
8800,704.0,704.08,SPEAKER_00
8801,704.08,704.1600000000001,SPEAKER_00
8802,704.16,704.24,SPEAKER_00
8803,704.24,704.32,SPEAKER_00
8804,704.32,704.4000000000001,SPEAKER_00
8805,704.4,704.48,SPEAKER_00
8806,704.48,704.5600000000001,SPEAKER_00
8807,704.56,704.64,SPEAKER_00
8808,704.64,704.72,SPEAKER_00
8809,704.72,704.8000000000001,SPEAKER_00
8810,704.8,704.88,SPEAKER_00
8811,704.88,704.96,SPEAKER_00
8812,704.96,705.0400000000001,SPEAKER_00
8813,705.04,705.12,SPEAKER_00
8814,705.12,705.2,SPEAKER_00
8815,705.2,705.2800000000001,SPEAKER_00
8816,705.28,705.36,SPEAKER_00
8817,705.36,705.44,SPEAKER_00
8818,705.44,705.5200000000001,SPEAKER_00
8819,705.52,705.6,SPEAKER_00
8820,705.6,705.6800000000001,SPEAKER_00
8821,705.68,705.76,SPEAKER_00
8822,705.76,705.84,SPEAKER_00
8823,705.84,705.9200000000001,SPEAKER_00
8824,705.92,706.0,SPEAKER_00
8825,706.0,706.08,SPEAKER_00
8826,706.08,706.1600000000001,SPEAKER_00
8827,706.16,706.24,SPEAKER_00
8828,706.24,706.32,SPEAKER_00
8829,706.32,706.4000000000001,SPEAKER_00
8830,706.4,706.48,SPEAKER_00
8831,706.48,706.5600000000001,SPEAKER_00
8832,706.56,706.64,SPEAKER_00
8833,706.64,706.72,SPEAKER_00
8834,706.72,706.8000000000001,SPEAKER_00
8835,706.8,706.88,SPEAKER_00
8836,706.88,706.96,SPEAKER_00
8837,706.96,707.0400000000001,SPEAKER_00
8838,707.04,707.12,SPEAKER_00
8839,707.12,707.2,SPEAKER_00
8840,707.2,707.2800000000001,SPEAKER_00
8841,707.28,707.36,SPEAKER_00
8842,707.36,707.44,SPEAKER_00
8843,707.44,707.5200000000001,SPEAKER_00
8844,707.52,707.6,SPEAKER_00
8845,707.6,707.6800000000001,SPEAKER_00
8846,707.68,707.76,SPEAKER_00
8847,707.76,707.84,SPEAKER_00
8848,707.84,707.9200000000001,SPEAKER_00
8849,707.92,708.0,SPEAKER_00
8850,708.0,708.08,SPEAKER_00
8851,708.08,708.1600000000001,SPEAKER_00
8852,708.16,708.24,SPEAKER_00
8853,708.24,708.32,SPEAKER_00
8854,708.32,708.4000000000001,SPEAKER_00
8855,708.4,708.48,SPEAKER_00
8856,708.48,708.5600000000001,SPEAKER_00
8857,708.56,708.64,SPEAKER_00
8858,708.64,708.72,SPEAKER_00
8859,708.72,708.8000000000001,SPEAKER_00
8860,708.8,708.88,SPEAKER_00
8861,708.88,708.96,SPEAKER_00
8862,708.96,709.0400000000001,SPEAKER_00
8863,709.04,709.12,SPEAKER_00
8864,709.12,709.2,SPEAKER_00
8865,709.2,709.2800000000001,SPEAKER_00
8866,709.28,709.36,SPEAKER_00
8867,709.36,709.44,SPEAKER_00
8868,709.44,709.5200000000001,SPEAKER_00
8869,709.52,709.6,SPEAKER_00
8870,709.6,709.6800000000001,SPEAKER_00
8871,709.68,709.76,SPEAKER_00
8872,709.76,709.84,SPEAKER_00
8873,709.84,709.9200000000001,SPEAKER_00
8874,709.92,710.0,SPEAKER_00
8875,710.0,710.08,SPEAKER_00
8876,710.08,710.1600000000001,SPEAKER_00
8877,710.16,710.24,SPEAKER_00
8878,710.24,710.32,SPEAKER_00
8879,710.32,710.4000000000001,SPEAKER_00
8880,710.4,710.48,SPEAKER_00
8881,710.48,710.5600000000001,SPEAKER_00
8882,710.56,710.64,SPEAKER_00
8883,710.64,710.72,SPEAKER_00
8884,710.72,710.8000000000001,SPEAKER_00
8885,710.8,710.88,SPEAKER_00
8886,710.88,710.96,SPEAKER_00
8887,710.96,711.0400000000001,SPEAKER_00
8888,711.04,711.12,SPEAKER_00
8889,711.12,711.2,SPEAKER_00
8890,711.2,711.2800000000001,SPEAKER_00
8891,711.28,711.36,SPEAKER_00
8892,711.36,711.44,SPEAKER_00
8893,711.44,711.5200000000001,SPEAKER_00
8894,711.52,711.6,SPEAKER_00
8895,711.6,711.6800000000001,SPEAKER_00
8896,711.68,711.76,SPEAKER_00
8897,711.76,711.84,SPEAKER_00
8898,711.84,711.9200000000001,SPEAKER_00
8899,711.92,712.0,SPEAKER_00
8900,712.0,712.08,SPEAKER_00
8901,712.08,712.1600000000001,SPEAKER_00
8902,712.16,712.24,SPEAKER_00
8903,712.24,712.32,SPEAKER_00
8904,712.32,712.4000000000001,SPEAKER_00
8905,712.4,712.48,SPEAKER_00
8906,712.48,712.5600000000001,SPEAKER_00
8907,712.56,712.64,SPEAKER_00
8908,712.64,712.72,SPEAKER_00
8909,712.72,712.8000000000001,SPEAKER_00
8910,712.8,712.88,SPEAKER_00
8911,712.88,712.96,SPEAKER_00
8912,712.96,713.0400000000001,SPEAKER_00
8913,713.04,713.12,SPEAKER_00
8914,713.12,713.2,SPEAKER_00
8915,713.2,713.2800000000001,SPEAKER_00
8916,713.28,713.36,SPEAKER_00
8917,713.36,713.44,SPEAKER_00
8918,713.44,713.5200000000001,SPEAKER_00
8919,713.52,713.6,SPEAKER_00
8920,713.6,713.6800000000001,SPEAKER_00
8921,713.68,713.76,SPEAKER_00
8922,713.76,713.84,SPEAKER_00
8923,713.84,713.9200000000001,SPEAKER_00
8924,713.92,714.0,SPEAKER_00
8925,714.0,714.08,SPEAKER_00
8926,714.08,714.1600000000001,SPEAKER_00
8927,714.16,714.24,SPEAKER_00
8928,714.24,714.32,SPEAKER_00
8929,714.32,714.4000000000001,SPEAKER_00
8930,714.4,714.48,SPEAKER_00
8931,714.48,714.5600000000001,SPEAKER_00
8932,714.56,714.64,SPEAKER_00
8933,714.64,714.72,SPEAKER_00
8934,714.72,714.8000000000001,SPEAKER_00
8935,714.8,714.88,SPEAKER_00
8936,714.88,714.96,SPEAKER_00
8937,714.96,715.0400000000001,SPEAKER_00
8938,715.04,715.12,SPEAKER_00
8939,715.12,715.2,SPEAKER_00
8940,715.2,715.2800000000001,SPEAKER_00
8941,715.28,715.36,SPEAKER_00
8942,715.36,715.44,SPEAKER_00
8943,715.44,715.5200000000001,SPEAKER_00
8944,715.52,715.6,SPEAKER_00
8945,715.6,715.6800000000001,SPEAKER_00
8946,715.68,715.76,SPEAKER_00
8947,715.76,715.84,SPEAKER_00
8948,715.84,715.9200000000001,SPEAKER_00
8949,715.92,716.0,SPEAKER_00
8950,716.0,716.08,SPEAKER_00
8951,716.08,716.1600000000001,SPEAKER_00
8952,716.16,716.24,SPEAKER_00
8953,716.24,716.32,SPEAKER_00
8954,716.32,716.4000000000001,SPEAKER_01
8955,716.4,716.48,SPEAKER_01
8956,716.48,716.5600000000001,SPEAKER_01
8957,716.56,716.64,SPEAKER_01
8958,716.64,716.72,SPEAKER_01
8959,716.72,716.8000000000001,SPEAKER_01
8960,716.8,716.88,SPEAKER_01
8961,716.88,716.96,SPEAKER_01
8962,716.96,717.0400000000001,SPEAKER_01
8963,717.04,717.12,SPEAKER_01
8964,717.12,717.2,SPEAKER_01
8965,717.2,717.2800000000001,SPEAKER_01
8966,717.28,717.36,SPEAKER_01
8967,717.36,717.44,SPEAKER_01
8968,717.44,717.5200000000001,SPEAKER_01
8969,717.52,717.6,SPEAKER_01
8970,717.6,717.6800000000001,SPEAKER_01
8971,717.68,717.76,SPEAKER_01
8972,717.76,717.84,SPEAKER_01
8973,717.84,717.9200000000001,SPEAKER_01
8974,717.92,718.0,SPEAKER_01
8975,718.0,718.08,SPEAKER_01
8976,718.08,718.1600000000001,SPEAKER_01
8977,718.16,718.24,SPEAKER_01
8978,718.24,718.32,SPEAKER_01
8979,718.32,718.4000000000001,SPEAKER_01
8980,718.4,718.48,SPEAKER_01
8981,718.48,718.5600000000001,SPEAKER_01
8982,718.56,718.64,SPEAKER_01
8983,718.64,718.72,SPEAKER_01
8984,718.72,718.8000000000001,SPEAKER_01
8985,718.8,718.88,SPEAKER_01
8986,718.88,718.96,SPEAKER_01
8987,718.96,719.0400000000001,SPEAKER_01
8988,719.04,719.12,SPEAKER_01
8989,719.12,719.2,SPEAKER_01
8990,719.2,719.2800000000001,SPEAKER_01
8991,719.28,719.36,SPEAKER_01
8992,719.36,719.44,SPEAKER_01
8993,719.44,719.5200000000001,SPEAKER_01
8994,719.52,719.6,SPEAKER_01
8995,719.6,719.6800000000001,SPEAKER_01
8996,719.68,719.76,SPEAKER_01
8997,719.76,719.84,SPEAKER_01
8998,719.84,719.9200000000001,SPEAKER_01
8999,719.92,720.0,SPEAKER_01
9000,720.0,720.08,SPEAKER_01
9001,720.08,720.1600000000001,SPEAKER_01
9002,720.16,720.24,SPEAKER_01
9003,720.24,720.32,SPEAKER_01
9004,720.32,720.4000000000001,SPEAKER_01
9005,720.4,720.48,SPEAKER_01
9006,720.48,720.5600000000001,SPEAKER_01
9007,720.56,720.64,SPEAKER_01
9008,720.64,720.72,SPEAKER_01
9009,720.72,720.8000000000001,SPEAKER_01
9010,720.8,720.88,SPEAKER_01
9011,720.88,720.96,SPEAKER_01
9012,720.96,721.0400000000001,SPEAKER_01
9013,721.04,721.12,SPEAKER_01
9014,721.12,721.2,SPEAKER_01
9015,721.2,721.2800000000001,SPEAKER_01
9016,721.28,721.36,SPEAKER_01
9017,721.36,721.44,SPEAKER_01
9018,721.44,721.5200000000001,SPEAKER_01
9019,721.52,721.6,SPEAKER_01
9020,721.6,721.6800000000001,SPEAKER_00
9021,721.68,721.76,SPEAKER_00
9022,721.76,721.84,SPEAKER_00
9023,721.84,721.9200000000001,SPEAKER_00
9024,721.92,722.0,SPEAKER_01
9025,722.0,722.08,SPEAKER_01
9026,722.08,722.1600000000001,SPEAKER_01
9027,722.16,722.24,SPEAKER_01
9028,722.24,722.32,SPEAKER_01
9029,722.32,722.4000000000001,SPEAKER_01
9030,722.4,722.48,SPEAKER_01
9031,722.48,722.5600000000001,SPEAKER_01
9032,722.56,722.64,SPEAKER_01
9033,722.64,722.72,SPEAKER_01
9034,722.72,722.8000000000001,SPEAKER_00
9035,722.8,722.88,SPEAKER_00
9036,722.88,722.96,SPEAKER_00
9037,722.96,723.0400000000001,SPEAKER_00
9038,723.04,723.12,SPEAKER_00
9039,723.12,723.2,SPEAKER_01
9040,723.2,723.2800000000001,SPEAKER_01
9041,723.28,723.36,SPEAKER_01
9042,723.36,723.44,SPEAKER_01
9043,723.44,723.5200000000001,SPEAKER_01
9044,723.52,723.6,SPEAKER_01
9045,723.6,723.6800000000001,SPEAKER_01
9046,723.68,723.76,SPEAKER_01
9047,723.76,723.84,SPEAKER_01
9048,723.84,723.9200000000001,SPEAKER_01
9049,723.92,724.0,SPEAKER_01
9050,724.0,724.08,SPEAKER_01
9051,724.08,724.1600000000001,SPEAKER_01
9052,724.16,724.24,SPEAKER_01
9053,724.24,724.32,SPEAKER_01
9054,724.32,724.4000000000001,SPEAKER_01
9055,724.4,724.48,SPEAKER_01
9056,724.48,724.5600000000001,SPEAKER_01
9057,724.56,724.64,SPEAKER_01
9058,724.64,724.72,SPEAKER_01
9059,724.72,724.8000000000001,SPEAKER_01
9060,724.8,724.88,SPEAKER_01
9061,724.88,724.96,SPEAKER_01
9062,724.96,725.0400000000001,SPEAKER_01
9063,725.04,725.12,SPEAKER_01
9064,725.12,725.2,SPEAKER_01
9065,725.2,725.2800000000001,SPEAKER_01
9066,725.28,725.36,SPEAKER_00
9067,725.36,725.44,SPEAKER_01
9068,725.44,725.5200000000001,SPEAKER_00
9069,725.52,725.6,SPEAKER_01
9070,725.6,725.6800000000001,SPEAKER_01
9071,725.68,725.76,SPEAKER_01
9072,725.76,725.84,SPEAKER_01
9073,725.84,725.9200000000001,SPEAKER_01
9074,725.92,726.0,SPEAKER_01
9075,726.0,726.08,SPEAKER_01
9076,726.08,726.1600000000001,SPEAKER_01
9077,726.16,726.24,SPEAKER_01
9078,726.24,726.32,SPEAKER_01
9079,726.32,726.4000000000001,SPEAKER_01
9080,726.4,726.48,SPEAKER_01
9081,726.48,726.5600000000001,SPEAKER_01
9082,726.56,726.64,SPEAKER_01
9083,726.64,726.72,SPEAKER_01
9084,726.72,726.8000000000001,SPEAKER_01
9085,726.8,726.88,SPEAKER_01
9086,726.88,726.96,SPEAKER_01
9087,726.96,727.0400000000001,SPEAKER_01
9088,727.04,727.12,SPEAKER_01
9089,727.12,727.2,SPEAKER_01
9090,727.2,727.2800000000001,SPEAKER_01
9091,727.28,727.36,SPEAKER_01
9092,727.36,727.44,SPEAKER_01
9093,727.44,727.5200000000001,SPEAKER_01
9094,727.52,727.6,SPEAKER_01
9095,727.6,727.6800000000001,SPEAKER_01
9096,727.68,727.76,SPEAKER_01
9097,727.76,727.84,SPEAKER_01
9098,727.84,727.9200000000001,SPEAKER_01
9099,727.92,728.0,SPEAKER_01
9100,728.0,728.08,SPEAKER_01
9101,728.08,728.1600000000001,SPEAKER_00
9102,728.16,728.24,SPEAKER_01
9103,728.24,728.32,SPEAKER_01
9104,728.32,728.4000000000001,SPEAKER_01
9105,728.4,728.48,SPEAKER_01
9106,728.48,728.5600000000001,SPEAKER_01
9107,728.56,728.64,SPEAKER_01
9108,728.64,728.72,SPEAKER_01
9109,728.72,728.8000000000001,SPEAKER_01
9110,728.8,728.88,SPEAKER_01
9111,728.88,728.96,SPEAKER_01
9112,728.96,729.0400000000001,SPEAKER_01
9113,729.04,729.12,SPEAKER_01
9114,729.12,729.2,SPEAKER_01
9115,729.2,729.2800000000001,SPEAKER_01
9116,729.28,729.36,SPEAKER_01
9117,729.36,729.44,SPEAKER_01
9118,729.44,729.5200000000001,SPEAKER_01
9119,729.52,729.6,SPEAKER_01
9120,729.6,729.6800000000001,SPEAKER_01
9121,729.68,729.76,SPEAKER_01
9122,729.76,729.84,SPEAKER_01
9123,729.84,729.9200000000001,SPEAKER_01
9124,729.92,730.0,SPEAKER_01
9125,730.0,730.08,SPEAKER_01
9126,730.08,730.1600000000001,SPEAKER_01
9127,730.16,730.24,SPEAKER_01
9128,730.24,730.32,SPEAKER_01
9129,730.32,730.4000000000001,SPEAKER_00
9130,730.4,730.48,SPEAKER_00
9131,730.48,730.5600000000001,SPEAKER_00
9132,730.56,730.64,SPEAKER_00
9133,730.64,730.72,SPEAKER_00
9134,730.72,730.8000000000001,SPEAKER_00
9135,730.8,730.88,SPEAKER_01
9136,730.88,730.96,SPEAKER_01
9137,730.96,731.0400000000001,SPEAKER_01
9138,731.04,731.12,SPEAKER_01
9139,731.12,731.2,SPEAKER_01
9140,731.2,731.2800000000001,SPEAKER_01
9141,731.28,731.36,SPEAKER_01
9142,731.36,731.44,SPEAKER_01
9143,731.44,731.5200000000001,SPEAKER_01
9144,731.52,731.6,SPEAKER_01
9145,731.6,731.6800000000001,SPEAKER_01
9146,731.68,731.76,SPEAKER_01
9147,731.76,731.84,SPEAKER_01
9148,731.84,731.9200000000001,SPEAKER_01
9149,731.92,732.0,SPEAKER_01
9150,732.0,732.08,SPEAKER_01
9151,732.08,732.1600000000001,SPEAKER_01
9152,732.16,732.24,SPEAKER_01
9153,732.24,732.32,SPEAKER_01
9154,732.32,732.4000000000001,SPEAKER_01
9155,732.4,732.48,SPEAKER_01
9156,732.48,732.5600000000001,SPEAKER_01
9157,732.56,732.64,SPEAKER_01
9158,732.64,732.72,SPEAKER_01
9159,732.72,732.8000000000001,SPEAKER_01
9160,732.8,732.88,SPEAKER_01
9161,732.88,732.96,SPEAKER_01
9162,732.96,733.0400000000001,SPEAKER_01
9163,733.04,733.12,SPEAKER_01
9164,733.12,733.2,SPEAKER_01
9165,733.2,733.2800000000001,SPEAKER_01
9166,733.28,733.36,SPEAKER_01
9167,733.36,733.44,SPEAKER_01
9168,733.44,733.5200000000001,SPEAKER_01
9169,733.52,733.6,SPEAKER_01
9170,733.6,733.6800000000001,SPEAKER_01
9171,733.68,733.76,SPEAKER_01
9172,733.76,733.84,SPEAKER_01
9173,733.84,733.9200000000001,SPEAKER_01
9174,733.92,734.0,SPEAKER_01
9175,734.0,734.08,SPEAKER_01
9176,734.08,734.1600000000001,SPEAKER_01
9177,734.16,734.24,SPEAKER_00
9178,734.24,734.32,SPEAKER_01
9179,734.32,734.4000000000001,SPEAKER_01
9180,734.4,734.48,SPEAKER_01
9181,734.48,734.5600000000001,SPEAKER_01
9182,734.56,734.64,SPEAKER_01
9183,734.64,734.72,SPEAKER_01
9184,734.72,734.8000000000001,SPEAKER_01
9185,734.8,734.88,SPEAKER_01
9186,734.88,734.96,SPEAKER_01
9187,734.96,735.0400000000001,SPEAKER_01
9188,735.04,735.12,SPEAKER_01
9189,735.12,735.2,SPEAKER_01
9190,735.2,735.2800000000001,SPEAKER_01
9191,735.28,735.36,SPEAKER_01
9192,735.36,735.44,SPEAKER_01
9193,735.44,735.5200000000001,SPEAKER_01
9194,735.52,735.6,SPEAKER_01
9195,735.6,735.6800000000001,SPEAKER_01
9196,735.68,735.76,SPEAKER_01
9197,735.76,735.84,SPEAKER_01
9198,735.84,735.9200000000001,SPEAKER_01
9199,735.92,736.0,SPEAKER_01
9200,736.0,736.08,SPEAKER_01
9201,736.08,736.1600000000001,SPEAKER_01
9202,736.16,736.24,SPEAKER_01
9203,736.24,736.32,SPEAKER_01
9204,736.32,736.4000000000001,SPEAKER_00
9205,736.4,736.48,SPEAKER_00
9206,736.48,736.5600000000001,SPEAKER_00
9207,736.56,736.64,SPEAKER_00
9208,736.64,736.72,SPEAKER_00
9209,736.72,736.8000000000001,SPEAKER_00
9210,736.8,736.88,SPEAKER_00
9211,736.88,736.96,SPEAKER_00
9212,736.96,737.0400000000001,SPEAKER_01
9213,737.04,737.12,SPEAKER_01
9214,737.12,737.2,SPEAKER_01
9215,737.2,737.2800000000001,SPEAKER_01
9216,737.28,737.36,SPEAKER_01
9217,737.36,737.44,SPEAKER_01
9218,737.44,737.5200000000001,SPEAKER_01
9219,737.52,737.6,SPEAKER_01
9220,737.6,737.6800000000001,SPEAKER_01
9221,737.68,737.76,SPEAKER_01
9222,737.76,737.84,SPEAKER_01
9223,737.84,737.9200000000001,SPEAKER_01
9224,737.92,738.0,SPEAKER_01
9225,738.0,738.08,SPEAKER_01
9226,738.08,738.1600000000001,SPEAKER_01
9227,738.16,738.24,SPEAKER_01
9228,738.24,738.32,SPEAKER_01
9229,738.32,738.4000000000001,SPEAKER_01
9230,738.4,738.48,SPEAKER_01
9231,738.48,738.5600000000001,SPEAKER_01
9232,738.56,738.64,SPEAKER_01
9233,738.64,738.72,SPEAKER_01
9234,738.72,738.8000000000001,SPEAKER_01
9235,738.8,738.88,SPEAKER_01
9236,738.88,738.96,SPEAKER_01
9237,738.96,739.0400000000001,SPEAKER_01
9238,739.04,739.12,SPEAKER_01
9239,739.12,739.2,SPEAKER_01
9240,739.2,739.2800000000001,SPEAKER_01
9241,739.28,739.36,SPEAKER_01
9242,739.36,739.44,SPEAKER_01
9243,739.44,739.5200000000001,SPEAKER_01
9244,739.52,739.6,SPEAKER_01
9245,739.6,739.6800000000001,SPEAKER_01
9246,739.68,739.76,SPEAKER_01
9247,739.76,739.84,SPEAKER_01
9248,739.84,739.9200000000001,SPEAKER_01
9249,739.92,740.0,SPEAKER_01
9250,740.0,740.08,SPEAKER_01
9251,740.08,740.1600000000001,SPEAKER_01
9252,740.16,740.24,SPEAKER_01
9253,740.24,740.32,SPEAKER_01
9254,740.32,740.4000000000001,SPEAKER_01
9255,740.4,740.48,SPEAKER_01
9256,740.48,740.5600000000001,SPEAKER_01
9257,740.56,740.64,SPEAKER_01
9258,740.64,740.72,SPEAKER_01
9259,740.72,740.8000000000001,SPEAKER_01
9260,740.8,740.88,SPEAKER_01
9261,740.88,740.96,SPEAKER_00
9262,740.96,741.0400000000001,SPEAKER_00
9263,741.04,741.12,SPEAKER_00
9264,741.12,741.2,SPEAKER_00
9265,741.2,741.2800000000001,SPEAKER_00
9266,741.28,741.36,SPEAKER_00
9267,741.36,741.44,SPEAKER_00
9268,741.44,741.5200000000001,SPEAKER_00
9269,741.52,741.6,SPEAKER_01
9270,741.6,741.6800000000001,SPEAKER_01
9271,741.68,741.76,SPEAKER_01
9272,741.76,741.84,SPEAKER_01
9273,741.84,741.9200000000001,SPEAKER_01
9274,741.92,742.0,SPEAKER_01
9275,742.0,742.08,SPEAKER_01
9276,742.08,742.1600000000001,SPEAKER_01
9277,742.16,742.24,SPEAKER_01
9278,742.24,742.32,SPEAKER_01
9279,742.32,742.4000000000001,SPEAKER_01
9280,742.4,742.48,SPEAKER_01
9281,742.48,742.5600000000001,SPEAKER_01
9282,742.56,742.64,SPEAKER_01
9283,742.64,742.72,SPEAKER_01
9284,742.72,742.8000000000001,SPEAKER_01
9285,742.8,742.88,SPEAKER_01
9286,742.88,742.96,SPEAKER_00
9287,742.96,743.0400000000001,SPEAKER_00
9288,743.04,743.12,SPEAKER_01
9289,743.12,743.2,SPEAKER_01
9290,743.2,743.2800000000001,SPEAKER_01
9291,743.28,743.36,SPEAKER_01
9292,743.36,743.44,SPEAKER_01
9293,743.44,743.5200000000001,SPEAKER_01
9294,743.52,743.6,SPEAKER_01
9295,743.6,743.6800000000001,SPEAKER_01
9296,743.68,743.76,SPEAKER_01
9297,743.76,743.84,SPEAKER_01
9298,743.84,743.9200000000001,SPEAKER_01
9299,743.92,744.0,SPEAKER_01
9300,744.0,744.08,SPEAKER_01
9301,744.08,744.1600000000001,SPEAKER_01
9302,744.16,744.24,SPEAKER_01
9303,744.24,744.32,SPEAKER_01
9304,744.32,744.4000000000001,SPEAKER_01
9305,744.4,744.48,SPEAKER_01
9306,744.48,744.5600000000001,SPEAKER_01
9307,744.56,744.64,SPEAKER_01
9308,744.64,744.72,SPEAKER_01
9309,744.72,744.8000000000001,SPEAKER_01
9310,744.8,744.88,SPEAKER_01
9311,744.88,744.96,SPEAKER_01
9312,744.96,745.0400000000001,SPEAKER_01
9313,745.04,745.12,SPEAKER_01
9314,745.12,745.2,SPEAKER_01
9315,745.2,745.2800000000001,SPEAKER_01
9316,745.28,745.36,SPEAKER_01
9317,745.36,745.44,SPEAKER_01
9318,745.44,745.5200000000001,SPEAKER_01
9319,745.52,745.6,SPEAKER_01
9320,745.6,745.6800000000001,SPEAKER_01
9321,745.68,745.76,SPEAKER_01
9322,745.76,745.84,SPEAKER_01
9323,745.84,745.9200000000001,SPEAKER_01
9324,745.92,746.0,SPEAKER_01
9325,746.0,746.08,SPEAKER_01
9326,746.08,746.1600000000001,SPEAKER_01
9327,746.16,746.24,SPEAKER_01
9328,746.24,746.32,SPEAKER_01
9329,746.32,746.4000000000001,SPEAKER_00
9330,746.4,746.48,SPEAKER_00
9331,746.48,746.5600000000001,SPEAKER_00
9332,746.56,746.64,SPEAKER_00
9333,746.64,746.72,SPEAKER_00
9334,746.72,746.8000000000001,SPEAKER_00
9335,746.8,746.88,SPEAKER_00
9336,746.88,746.96,SPEAKER_00
9337,746.96,747.0400000000001,SPEAKER_00
9338,747.04,747.12,SPEAKER_00
9339,747.12,747.2,SPEAKER_00
9340,747.2,747.2800000000001,SPEAKER_00
9341,747.28,747.36,SPEAKER_00
9342,747.36,747.44,SPEAKER_00
9343,747.44,747.5200000000001,SPEAKER_00
9344,747.52,747.6,SPEAKER_00
9345,747.6,747.6800000000001,SPEAKER_00
9346,747.68,747.76,SPEAKER_00
9347,747.76,747.84,SPEAKER_00
9348,747.84,747.9200000000001,SPEAKER_00
9349,747.92,748.0,SPEAKER_00
9350,748.0,748.08,SPEAKER_00
9351,748.08,748.1600000000001,SPEAKER_00
9352,748.16,748.24,SPEAKER_00
9353,748.24,748.32,SPEAKER_00
9354,748.32,748.4000000000001,SPEAKER_00
9355,748.4,748.48,SPEAKER_00
9356,748.48,748.5600000000001,SPEAKER_00
9357,748.56,748.64,SPEAKER_00
9358,748.64,748.72,SPEAKER_00
9359,748.72,748.8000000000001,SPEAKER_00
9360,748.8,748.88,SPEAKER_00
9361,748.88,748.96,SPEAKER_00
9362,748.96,749.0400000000001,SPEAKER_00
9363,749.04,749.12,SPEAKER_00
9364,749.12,749.2,SPEAKER_00
9365,749.2,749.2800000000001,SPEAKER_00
9366,749.28,749.36,SPEAKER_00
9367,749.36,749.44,SPEAKER_00
9368,749.44,749.5200000000001,SPEAKER_00
9369,749.52,749.6,SPEAKER_00
9370,749.6,749.6800000000001,SPEAKER_00
9371,749.68,749.76,SPEAKER_00
9372,749.76,749.84,SPEAKER_00
9373,749.84,749.9200000000001,SPEAKER_00
9374,749.92,750.0,SPEAKER_00
9375,750.0,750.08,SPEAKER_00
9376,750.08,750.1600000000001,SPEAKER_00
9377,750.16,750.24,SPEAKER_00
9378,750.24,750.32,SPEAKER_00
9379,750.32,750.4000000000001,SPEAKER_00
9380,750.4,750.48,SPEAKER_00
9381,750.48,750.5600000000001,SPEAKER_00
9382,750.56,750.64,SPEAKER_00
9383,750.64,750.72,SPEAKER_00
9384,750.72,750.8000000000001,SPEAKER_00
9385,750.8,750.88,SPEAKER_00
9386,750.88,750.96,SPEAKER_00
9387,750.96,751.0400000000001,SPEAKER_00
9388,751.04,751.12,SPEAKER_00
9389,751.12,751.2,SPEAKER_00
9390,751.2,751.2800000000001,SPEAKER_00
9391,751.28,751.36,SPEAKER_00
9392,751.36,751.44,SPEAKER_00
9393,751.44,751.5200000000001,SPEAKER_00
9394,751.52,751.6,SPEAKER_00
9395,751.6,751.6800000000001,SPEAKER_00
9396,751.68,751.76,SPEAKER_00
9397,751.76,751.84,SPEAKER_00
9398,751.84,751.9200000000001,SPEAKER_00
9399,751.92,752.0,SPEAKER_00
9400,752.0,752.08,SPEAKER_00
9401,752.08,752.1600000000001,SPEAKER_00
9402,752.16,752.24,SPEAKER_00
9403,752.24,752.32,SPEAKER_00
9404,752.32,752.4000000000001,SPEAKER_00
9405,752.4,752.48,SPEAKER_00
9406,752.48,752.5600000000001,SPEAKER_00
9407,752.56,752.64,SPEAKER_00
9408,752.64,752.72,SPEAKER_00
9409,752.72,752.8000000000001,SPEAKER_00
9410,752.8,752.88,SPEAKER_00
9411,752.88,752.96,SPEAKER_00
9412,752.96,753.0400000000001,SPEAKER_00
9413,753.04,753.12,SPEAKER_00
9414,753.12,753.2,SPEAKER_00
9415,753.2,753.2800000000001,SPEAKER_00
9416,753.28,753.36,SPEAKER_00
9417,753.36,753.44,SPEAKER_00
9418,753.44,753.5200000000001,SPEAKER_00
9419,753.52,753.6,SPEAKER_00
9420,753.6,753.6800000000001,SPEAKER_00
9421,753.68,753.76,SPEAKER_00
9422,753.76,753.84,SPEAKER_00
9423,753.84,753.9200000000001,SPEAKER_00
9424,753.92,754.0,SPEAKER_00
9425,754.0,754.08,SPEAKER_00
9426,754.08,754.1600000000001,SPEAKER_00
9427,754.16,754.24,SPEAKER_00
9428,754.24,754.32,SPEAKER_00
9429,754.32,754.4000000000001,SPEAKER_00
9430,754.4,754.48,SPEAKER_00
9431,754.48,754.5600000000001,SPEAKER_00
9432,754.56,754.64,SPEAKER_00
9433,754.64,754.72,SPEAKER_00
9434,754.72,754.8000000000001,SPEAKER_00
9435,754.8,754.88,SPEAKER_00
9436,754.88,754.96,SPEAKER_00
9437,754.96,755.0400000000001,SPEAKER_00
9438,755.04,755.12,SPEAKER_00
9439,755.12,755.2,SPEAKER_00
9440,755.2,755.2800000000001,SPEAKER_00
9441,755.28,755.36,SPEAKER_00
9442,755.36,755.44,SPEAKER_00
9443,755.44,755.5200000000001,SPEAKER_00
9444,755.52,755.6,SPEAKER_00
9445,755.6,755.6800000000001,SPEAKER_00
9446,755.68,755.76,SPEAKER_00
9447,755.76,755.84,SPEAKER_00
9448,755.84,755.9200000000001,SPEAKER_00
9449,755.92,756.0,SPEAKER_00
9450,756.0,756.08,SPEAKER_00
9451,756.08,756.1600000000001,SPEAKER_00
9452,756.16,756.24,SPEAKER_00
9453,756.24,756.32,SPEAKER_00
9454,756.32,756.4000000000001,SPEAKER_00
9455,756.4,756.48,SPEAKER_00
9456,756.48,756.5600000000001,SPEAKER_00
9457,756.56,756.64,SPEAKER_00
9458,756.64,756.72,SPEAKER_00
9459,756.72,756.8000000000001,SPEAKER_00
9460,756.8,756.88,SPEAKER_00
9461,756.88,756.96,SPEAKER_00
9462,756.96,757.0400000000001,SPEAKER_00
9463,757.04,757.12,SPEAKER_00
9464,757.12,757.2,SPEAKER_00
9465,757.2,757.2800000000001,SPEAKER_00
9466,757.28,757.36,SPEAKER_00
9467,757.36,757.44,SPEAKER_00
9468,757.44,757.5200000000001,SPEAKER_00
9469,757.52,757.6,SPEAKER_00
9470,757.6,757.6800000000001,SPEAKER_00
9471,757.68,757.76,SPEAKER_00
9472,757.76,757.84,SPEAKER_00
9473,757.84,757.9200000000001,SPEAKER_00
9474,757.92,758.0,SPEAKER_00
9475,758.0,758.08,SPEAKER_00
9476,758.08,758.1600000000001,SPEAKER_00
9477,758.16,758.24,SPEAKER_00
9478,758.24,758.32,SPEAKER_00
9479,758.32,758.4000000000001,SPEAKER_00
9480,758.4,758.48,SPEAKER_00
9481,758.48,758.5600000000001,SPEAKER_00
9482,758.56,758.64,SPEAKER_00
9483,758.64,758.72,SPEAKER_00
9484,758.72,758.8000000000001,SPEAKER_00
9485,758.8,758.88,SPEAKER_00
9486,758.88,758.96,SPEAKER_00
9487,758.96,759.0400000000001,SPEAKER_00
9488,759.04,759.12,SPEAKER_00
9489,759.12,759.2,SPEAKER_00
9490,759.2,759.2800000000001,SPEAKER_00
9491,759.28,759.36,SPEAKER_00
9492,759.36,759.44,SPEAKER_00
9493,759.44,759.5200000000001,SPEAKER_00
9494,759.52,759.6,SPEAKER_00
9495,759.6,759.6800000000001,SPEAKER_00
9496,759.68,759.76,SPEAKER_00
9497,759.76,759.84,SPEAKER_00
9498,759.84,759.9200000000001,SPEAKER_00
9499,759.92,760.0,SPEAKER_01
9500,760.0,760.08,SPEAKER_01
9501,760.08,760.1600000000001,SPEAKER_01
9502,760.16,760.24,SPEAKER_01
9503,760.24,760.32,SPEAKER_01
9504,760.32,760.4000000000001,SPEAKER_01
9505,760.4,760.48,SPEAKER_01
9506,760.48,760.5600000000001,SPEAKER_01
9507,760.56,760.64,SPEAKER_00
9508,760.64,760.72,SPEAKER_00
9509,760.72,760.8000000000001,SPEAKER_00
9510,760.8,760.88,SPEAKER_00
9511,760.88,760.96,SPEAKER_00
9512,760.96,761.0400000000001,SPEAKER_00
